2.455002765943435486e+06,9.965404272079467773e-01,1.082002534531056881e-03
2.455002786377738230e+06,9.969790577888488770e-01,1.082375179976224899e-03
2.455002806811840739e+06,9.975978136062622070e-01,1.082427916117012501e-03
2.455002827246143017e+06,9.962544441223144531e-01,1.082488102838397026e-03
2.455002847680244595e+06,9.975523948669433594e-01,1.082885195501148701e-03
2.455002868114545941e+06,9.987491369247436523e-01,1.083018141798675060e-03
2.455002888548647519e+06,1.000106930732727051e+00,1.083082635886967182e-03
2.455002908982848283e+06,1.001438856124877930e+00,1.083490322344005108e-03
2.455002929417149164e+06,1.001507997512817383e+00,1.083119423128664494e-03
2.455002949851249345e+06,1.002803206443786621e+00,1.083626062609255314e-03
2.455002970285449643e+06,1.000143766403198242e+00,1.082992064766585827e-03
2.455002990719749592e+06,1.004412055015563965e+00,1.083891955204308033e-03
2.455003011153949425e+06,1.002917051315307617e+00,1.083766575902700424e-03
2.455003031588048674e+06,1.002207994461059570e+00,1.083781477063894272e-03
2.455003052022247575e+06,1.004294991493225098e+00,1.084268558770418167e-03
2.455003072456446476e+06,1.004802107810974121e+00,1.084314542822539806e-03
2.455003092890644912e+06,1.005838871002197266e+00,1.084397314116358757e-03
2.455003113324843347e+06,1.006979703903198242e+00,1.084665535017848015e-03
2.455003133759140968e+06,1.007225155830383301e+00,1.084666582755744457e-03
2.455003154193338938e+06,1.008541107177734375e+00,1.084969029761850834e-03
2.455003195061633363e+06,1.008749365806579590e+00,1.085116178728640079e-03
2.455003215495830402e+06,1.010739684104919434e+00,1.085702213458716869e-03
2.455003235930026509e+06,1.008696198463439941e+00,1.085275667719542980e-03
2.455003256364223082e+06,1.009911417961120605e+00,1.085440162569284439e-03
2.455003276798519306e+06,1.012533783912658691e+00,1.085966476239264011e-03
2.455003297232614830e+06,1.013977050781250000e+00,1.086084521375596523e-03
2.455003317666810472e+06,1.013644933700561523e+00,1.085969852283596992e-03
2.455003338101005647e+06,1.012671947479248047e+00,1.085931085981428623e-03
2.455003358535200357e+06,1.012187004089355469e+00,1.085614203475415707e-03
2.455003378969395068e+06,1.015842556953430176e+00,1.086575328372418880e-03
2.455003399403589312e+06,1.015723109245300293e+00,1.086527365259826183e-03
2.455003419837883674e+06,1.013059020042419434e+00,1.086283125914633274e-03
2.455003440271977335e+06,1.013947010040283203e+00,1.086409552954137325e-03
2.455003460706171114e+06,1.018287181854248047e+00,1.087386975996196270e-03
2.455003481140264310e+06,1.017550826072692871e+00,1.086998847313225269e-03
2.455003501574557275e+06,1.019121885299682617e+00,1.087568001821637154e-03
2.455003522008750122e+06,1.018738031387329102e+00,1.087181968614459038e-03
2.455003542442842387e+06,1.018410801887512207e+00,1.087334239855408669e-03
2.455003562877134420e+06,1.017565608024597168e+00,1.087014097720384598e-03
2.455003583311326336e+06,1.017662405967712402e+00,1.087141688913106918e-03
2.455003603745518252e+06,1.017393708229064941e+00,1.086916890926659107e-03
2.455003624179609586e+06,1.018295288085937500e+00,1.087318407371640205e-03
2.455003644613900688e+06,1.017500400543212891e+00,1.087217358872294426e-03
2.455003665048091207e+06,1.019145011901855469e+00,1.087527954950928688e-03
2.455003685482181609e+06,1.018650531768798828e+00,1.087556593120098114e-03
2.455003705916471779e+06,1.021278858184814453e+00,1.088035642169415951e-03
2.455003726350661833e+06,1.020537972450256348e+00,1.087876502424478531e-03
2.455003746784751769e+06,1.021221876144409180e+00,1.088106073439121246e-03
2.455003767219041009e+06,1.020492434501647949e+00,1.087946002371609211e-03
2.455003787653230131e+06,1.020034670829772949e+00,1.087667769752442837e-03
2.455003808087318670e+06,1.022071599960327148e+00,1.088288961909711361e-03
2.455003828521507327e+06,1.021342635154724121e+00,1.087990240193903446e-03
2.455003848955795635e+06,1.020411014556884766e+00,1.087881857529282570e-03
2.455003869389883708e+06,1.020218849182128906e+00,1.087811891920864582e-03
2.455003889824071433e+06,1.021001696586608887e+00,1.087997807189822197e-03
2.455003910258359276e+06,1.021300077438354492e+00,1.088061835616827011e-03
2.455003930692546070e+06,1.021188378334045410e+00,1.088220160454511642e-03
2.455003951126633212e+06,1.020671844482421875e+00,1.088097458705306053e-03
2.455003971560819540e+06,1.020736098289489746e+00,1.088051008991897106e-03
2.455003991995105986e+06,1.020201444625854492e+00,1.088094431906938553e-03
2.455004012429192197e+06,1.020703911781311035e+00,1.088032731786370277e-03
2.455004032863378059e+06,1.021149277687072754e+00,1.088132499717175961e-03
2.455004053297663573e+06,1.021574854850769043e+00,1.088187913410365582e-03
2.455004073731748387e+06,1.022537708282470703e+00,1.088376506231725216e-03
2.455004094165933784e+06,1.020025491714477539e+00,1.087854616343975067e-03
2.455004114600118250e+06,1.019620060920715332e+00,1.088036224246025085e-03
2.455004135034302715e+06,1.018481731414794922e+00,1.087832381017506123e-03
2.455004155468486715e+06,1.017829895019531250e+00,1.087663113139569759e-03
2.455004175902670715e+06,1.018525362014770508e+00,1.087721320800483227e-03
2.455004196336854249e+06,1.020582556724548340e+00,1.088239019736647606e-03
2.455004216771037318e+06,1.018360137939453125e+00,1.087767654098570347e-03
2.455004237205220386e+06,1.018620014190673828e+00,1.087994314730167389e-03
2.455004257639302872e+06,1.019414186477661133e+00,1.088024466298520565e-03
2.455004278073585592e+06,1.019264459609985352e+00,1.088245073333382607e-03
2.455004298507767729e+06,1.019937634468078613e+00,1.088165561668574810e-03
2.455004318941849284e+06,1.018476963043212891e+00,1.088017248548567295e-03
2.455004339376131073e+06,1.016499996185302734e+00,1.087562181055545807e-03
2.455004359810312279e+06,1.017423510551452637e+00,1.087793614715337753e-03
2.455004380244493484e+06,1.017406821250915527e+00,1.087692449800670147e-03
2.455004400678574108e+06,1.015943646430969238e+00,1.087384764105081558e-03
2.455004421112854965e+06,1.015877366065979004e+00,1.087497454136610031e-03
2.455004441547034774e+06,1.015941381454467773e+00,1.087307580746710300e-03
2.455004461981114931e+06,1.015475988388061523e+00,1.087557175196707249e-03
2.455004482415394392e+06,1.016353726387023926e+00,1.087715267203748226e-03
2.455004502849574201e+06,1.013693213462829590e+00,1.087294425815343857e-03
2.455004523283652961e+06,1.015660524368286133e+00,1.087483833543956280e-03
2.455004543717831839e+06,1.013259530067443848e+00,1.087273820303380489e-03
2.455004564152110368e+06,1.013049840927124023e+00,1.087066368199884892e-03
2.455004584586188663e+06,1.013214111328125000e+00,1.087051816284656525e-03
2.455004605020366609e+06,1.011594891548156738e+00,1.086830976419150829e-03
2.455004625454644207e+06,1.012975335121154785e+00,1.087054726667702198e-03
2.455004645888721570e+06,1.011159062385559082e+00,1.086706412024796009e-03
2.455004666322899051e+06,1.012177109718322754e+00,1.087082084268331528e-03
2.455004686757075600e+06,1.010530233383178711e+00,1.086772535927593708e-03
2.455004707191352267e+06,1.008332014083862305e+00,1.086263800971210003e-03
2.455004727625428699e+06,1.009505867958068848e+00,1.086418749764561653e-03
2.455004748059604317e+06,1.011131644248962402e+00,1.086806412786245346e-03
2.455004768493880052e+06,1.010598659515380859e+00,1.086463569663465023e-03
2.455004788927955553e+06,1.008831381797790527e+00,1.086370786651968956e-03
2.455004809362130705e+06,1.008331775665283203e+00,1.086382078938186169e-03
2.455004829796205740e+06,1.007409930229187012e+00,1.086198375560343266e-03
2.455004850230480544e+06,1.006480693817138672e+00,1.086054369807243347e-03
2.455004870664654765e+06,1.006110668182373047e+00,1.085886266082525253e-03
2.455004891098828521e+06,1.006424188613891602e+00,1.085979747585952282e-03
2.455004911533002742e+06,1.005970239639282227e+00,1.085906988009810448e-03
2.455004931967176031e+06,1.006529688835144043e+00,1.086098374798893929e-03
2.455004952401349321e+06,1.005121350288391113e+00,1.085785799659788609e-03
2.455004972835422028e+06,1.004029989242553711e+00,1.085457275621592999e-03
2.455004993269694969e+06,1.002139925956726074e+00,1.085158670321106911e-03
2.455005013703867327e+06,1.003447294235229492e+00,1.085298601537942886e-03
2.455005034137939103e+06,1.003397703170776367e+00,1.085350522771477699e-03
2.455005054572211113e+06,1.003992080688476562e+00,1.085490337572991848e-03
2.455005075006382540e+06,9.990742802619934082e-01,1.084596384316682816e-03
2.455005095440453850e+06,1.000305414199829102e+00,1.084905583411455154e-03
2.455005115874624811e+06,9.978724122047424316e-01,1.084431190975010395e-03
2.455005136308895424e+06,9.908036589622497559e-01,1.083067269064486027e-03
2.455005156743065920e+06,9.813832044601440430e-01,1.081358059309422970e-03
2.455005177177135833e+06,9.761613011360168457e-01,1.080213347449898720e-03
2.455005197611405514e+06,9.730924963951110840e-01,1.079815207049250603e-03
2.455005218045575079e+06,9.721928834915161133e-01,1.079528359696269035e-03
2.455005238479644526e+06,9.711590409278869629e-01,1.079258625395596027e-03
2.455005258913813625e+06,9.695198535919189453e-01,1.079096808098256588e-03
2.455005279348081909e+06,9.676067233085632324e-01,1.078798552043735981e-03
2.455005299782150425e+06,9.685603976249694824e-01,1.079063396900892258e-03
2.455005320216318592e+06,9.680427908897399902e-01,1.078829518519341946e-03
2.455005340650586411e+06,9.669911265373229980e-01,1.078655361197888851e-03
2.455005361084653996e+06,9.686977267265319824e-01,1.078955014236271381e-03
2.455005381518821232e+06,9.768753647804260254e-01,1.080515445210039616e-03
2.455005401952988468e+06,9.869769811630249023e-01,1.082592061720788479e-03
2.455005422387155239e+06,9.944112300872802734e-01,1.083886483684182167e-03
2.455005442821321543e+06,9.960761070251464844e-01,1.084188581444323063e-03
2.455005463255487848e+06,9.931870102882385254e-01,1.083737472072243690e-03
2.455005483689753804e+06,9.926158189773559570e-01,1.083562732674181461e-03
2.455005504123819061e+06,9.931196570396423340e-01,1.083564362488687038e-03
2.455005524557984434e+06,9.923038482666015625e-01,1.083447597920894623e-03
2.455005544992049690e+06,9.926731586456298828e-01,1.083626062609255314e-03
2.455005565426314250e+06,9.907162785530090332e-01,1.083104521967470646e-03
2.455005585860478692e+06,9.901781678199768066e-01,1.083067851141095161e-03
2.455005606294543017e+06,9.902566075325012207e-01,1.083145034499466419e-03
2.455005626728806645e+06,9.894994497299194336e-01,1.082963077351450920e-03
2.455005647162970155e+06,9.907738566398620605e-01,1.083269366063177586e-03
2.455005667597133666e+06,9.880046248435974121e-01,1.082672970369458199e-03
2.455005688031196594e+06,9.902747273445129395e-01,1.083059119991958141e-03
2.455005708465459291e+06,9.891961216926574707e-01,1.083843526430428028e-03
2.455005728899621870e+06,9.873077273368835449e-01,1.082559232600033283e-03
2.455005749333684333e+06,9.871836900711059570e-01,1.082547591067850590e-03
2.455005769767946098e+06,9.875760674476623535e-01,1.082521281205117702e-03
2.455005790202107746e+06,9.887812733650207520e-01,1.082792412489652634e-03
2.455005810636168811e+06,9.870600700378417969e-01,1.082467264495790005e-03
2.455005831070329994e+06,9.868841767311096191e-01,1.082577975466847420e-03
2.455005851504590828e+06,9.858750700950622559e-01,1.082427566871047020e-03
2.455005871938651428e+06,9.860853552818298340e-01,1.082499278709292412e-03
2.455005892372811679e+06,9.852858185768127441e-01,1.082240021787583828e-03
2.455005912807071581e+06,9.860445857048034668e-01,1.082375529222190380e-03
2.455005933241131250e+06,9.862707257270812988e-01,1.082433736883103848e-03
2.455005953675290570e+06,9.845261573791503906e-01,1.082011614926159382e-03
2.455005974109449424e+06,9.855888485908508301e-01,1.082205446437001228e-03
2.455005994543708395e+06,9.850795269012451172e-01,1.081996830180287361e-03
2.455006014977767132e+06,9.851519465446472168e-01,1.082025235518813133e-03
2.455006035411925055e+06,9.842528700828552246e-01,1.081862719729542732e-03
2.455006055846183095e+06,9.862549901008605957e-01,1.082343282178044319e-03
2.455006076280240901e+06,9.838555455207824707e-01,1.081818132661283016e-03
2.455006096714397892e+06,9.855022430419921875e-01,1.082117669284343719e-03
2.455006117148555350e+06,9.850146770477294922e-01,1.081984955817461014e-03
2.455006137582711875e+06,9.842305183410644531e-01,1.081860042177140713e-03
2.455006178451024927e+06,9.844399094581604004e-01,1.081877038814127445e-03
2.455006198885180522e+06,9.854526519775390625e-01,1.081970171071588993e-03
2.455006219319336116e+06,9.837528467178344727e-01,1.081707421690225601e-03
2.455006239753491711e+06,9.857375025749206543e-01,1.082212314940989017e-03
2.455006260187546723e+06,9.825536608695983887e-01,1.081538735888898373e-03
2.455006280621801503e+06,9.846605658531188965e-01,1.082039671018719673e-03
2.455006301055956166e+06,9.834822416305541992e-01,1.082030823454260826e-03
2.455006321490010247e+06,9.846646189689636230e-01,1.082093571312725544e-03
2.455006341924264561e+06,9.831778407096862793e-01,1.082043512724339962e-03
2.455006362358417828e+06,9.842427372932434082e-01,1.082211965695023537e-03
2.455006382792471442e+06,9.842711091041564941e-01,1.082260743714869022e-03
2.455006403226624243e+06,9.859118461608886719e-01,1.082537230104207993e-03
2.455006423660877161e+06,9.853327274322509766e-01,1.082422677427530289e-03
2.455006444094929844e+06,9.853997230529785156e-01,1.082291360944509506e-03
2.455006464529082179e+06,9.878568053245544434e-01,1.082654693163931370e-03
2.455006484963334166e+06,9.857712388038635254e-01,1.082242117263376713e-03
2.455006505397485569e+06,9.871004223823547363e-01,1.082569360733032227e-03
2.455006525831536856e+06,9.870516061782836914e-01,1.082518370822072029e-03
2.455006546265688259e+06,9.863646626472473145e-01,1.082477625459432602e-03
2.455006566699938849e+06,9.860235452651977539e-01,1.082386588677763939e-03
2.455006587133989204e+06,9.870457649230957031e-01,1.082722912542521954e-03
2.455006607568139676e+06,9.864012002944946289e-01,1.082638278603553772e-03
2.455006628002389800e+06,9.858000278472900391e-01,1.082657719962298870e-03
2.455006648436439224e+06,9.878348708152770996e-01,1.082975999452173710e-03
2.455006668870588765e+06,9.884493947029113770e-01,1.083072507753968239e-03
2.455006689304737840e+06,9.870519042015075684e-01,1.082776463590562344e-03
2.455006709738886449e+06,9.885550141334533691e-01,1.083200564607977867e-03
2.455006730173035059e+06,9.869829416275024414e-01,1.082904869690537453e-03
2.455006750607183203e+06,9.869650602340698242e-01,1.082863425835967064e-03
2.455006771041430999e+06,9.877495169639587402e-01,1.082990202121436596e-03
2.455006791475478560e+06,9.872946143150329590e-01,1.082850852981209755e-03
2.455006811909626238e+06,9.886192679405212402e-01,1.083124312572181225e-03
2.455006832343673334e+06,9.899951815605163574e-01,1.083525014109909534e-03
2.455006852777920198e+06,9.897429943084716797e-01,1.083341310732066631e-03
2.455006873212066479e+06,9.886824488639831543e-01,1.083259703591465950e-03
2.455006893646113109e+06,9.906197190284729004e-01,1.083565293811261654e-03
2.455006914080359042e+06,9.932780265808105469e-01,1.084160176105797291e-03
2.455006934514504392e+06,9.883561730384826660e-01,1.083262381143867970e-03
2.455006954948649742e+06,9.897424578666687012e-01,1.083766110241413116e-03
2.455006975382694975e+06,9.911103844642639160e-01,1.083917915821075439e-03
2.455006995816939976e+06,9.903414249420166016e-01,1.083829090930521488e-03
2.455007016251084395e+06,9.946475028991699219e-01,1.084664720110595226e-03
2.455007036685128696e+06,9.924277663230895996e-01,1.084165996871888638e-03
2.455007057119372301e+06,9.920742511749267578e-01,1.084075192920863628e-03
2.455007077553516254e+06,9.924780130386352539e-01,1.084125018678605556e-03
2.455007097987559158e+06,9.915573596954345703e-01,1.083935727365314960e-03
2.455007118421702646e+06,9.945248365402221680e-01,1.084516989067196846e-03
2.455007138855945319e+06,9.938482046127319336e-01,1.084371120668947697e-03
2.455007159289987758e+06,9.914797544479370117e-01,1.083981711417436600e-03
2.455007179724129848e+06,9.952836632728576660e-01,1.084720715880393982e-03
2.455007200158371590e+06,9.952933192253112793e-01,1.084682880900800228e-03
2.455007220592513680e+06,9.952103495597839355e-01,1.084710936993360519e-03
2.455007241026554722e+06,9.966880083084106445e-01,1.085029565729200840e-03
2.455007261460695881e+06,9.968459606170654297e-01,1.085075899027287960e-03
2.455007281894936692e+06,9.968783855438232422e-01,1.085031079128384590e-03
2.455007302328976803e+06,9.992118477821350098e-01,1.085468102246522903e-03
2.455007322763117496e+06,9.963447451591491699e-01,1.085070893168449402e-03
2.455007343197356910e+06,9.972631335258483887e-01,1.085383817553520203e-03
2.455007363631397020e+06,9.988528490066528320e-01,1.085499068722128868e-03
2.455007384065535851e+06,9.990841150283813477e-01,1.085520256310701370e-03
2.455007404499675147e+06,9.990137219429016113e-01,1.085480093024671078e-03
2.455007424933813978e+06,1.000021338462829590e+00,1.085606869310140610e-03
2.455007445367952343e+06,9.987493753433227539e-01,1.085341325961053371e-03
2.455007465802090708e+06,9.987559318542480469e-01,1.085361931473016739e-03
2.455007486236228608e+06,1.001853227615356445e+00,1.086014672182500362e-03
2.455007506670466159e+06,1.001293182373046875e+00,1.086022122763097286e-03
2.455007527104503475e+06,1.004206657409667969e+00,1.086526666767895222e-03
2.455007547538640443e+06,1.002979516983032227e+00,1.086211297661066055e-03
2.455007567972776946e+06,1.002470970153808594e+00,1.086135045625269413e-03
2.455007588406913448e+06,1.002504944801330566e+00,1.086093368940055370e-03
2.455007608841049951e+06,1.006651282310485840e+00,1.086915493942797184e-03
2.455007629275185522e+06,1.003519535064697266e+00,1.086347387172281742e-03
2.455007649709321093e+06,1.002795815467834473e+00,1.086153904907405376e-03
2.455007670143456664e+06,1.005609631538391113e+00,1.086745643988251686e-03
2.455007690577591769e+06,1.004697322845458984e+00,1.086691394448280334e-03
2.455007711011725944e+06,1.004524230957031250e+00,1.086594420485198498e-03
2.455007731445860583e+06,1.005921721458435059e+00,1.086878357455134392e-03
2.455007751879994757e+06,1.007144570350646973e+00,1.087141921743750572e-03
2.455007772314128466e+06,1.006964087486267090e+00,1.087104901671409607e-03
2.455007792748262174e+06,1.005140066146850586e+00,1.086606993339955807e-03
2.455007813182395417e+06,1.005981922149658203e+00,1.086720032617449760e-03
2.455007833616428077e+06,1.006247997283935547e+00,1.086778705939650536e-03
2.455007854050660972e+06,1.006531476974487305e+00,1.086997333914041519e-03
2.455007874484793283e+06,1.008281111717224121e+00,1.087255077436566353e-03
2.455007894918825477e+06,1.009546279907226562e+00,1.087596872821450233e-03
2.455007915353057440e+06,1.007984638214111328e+00,1.087310723960399628e-03
2.455007935787188821e+06,1.005904197692871094e+00,1.087014097720384598e-03
2.455007956221320201e+06,1.007768034934997559e+00,1.087398384697735310e-03
2.455007976655350998e+06,1.008484959602355957e+00,1.087441458366811275e-03
2.455007997089581564e+06,1.007805228233337402e+00,1.087322016246616840e-03
2.455008017523712013e+06,1.008764982223510742e+00,1.087602111510932446e-03
2.455008037957742345e+06,1.007978916168212891e+00,1.087456126697361469e-03
2.455008058391971979e+06,1.008605599403381348e+00,1.087627257220447063e-03
2.455008078826101497e+06,1.010535120964050293e+00,1.087868586182594299e-03
2.455008099260130432e+06,1.009055733680725098e+00,1.087584765627980232e-03
2.455008140128488187e+06,1.009953022003173828e+00,1.087810844182968140e-03
2.455008160562516656e+06,1.008582234382629395e+00,1.087501645088195801e-03
2.455008180996644776e+06,1.008109807968139648e+00,1.087482436560094357e-03
2.455008201430872083e+06,1.009107947349548340e+00,1.087641227059066296e-03
2.455008221864899620e+06,1.009605765342712402e+00,1.087808865122497082e-03
2.455008242299026810e+06,1.011325955390930176e+00,1.088215387426316738e-03
2.455008262733153999e+06,1.010618209838867188e+00,1.087963464669883251e-03
2.455008283167380374e+06,1.009315252304077148e+00,1.087843556888401508e-03
2.455008303601406515e+06,1.014400243759155273e+00,1.088675460778176785e-03
2.455008324035532773e+06,1.008709073066711426e+00,1.087702694348990917e-03
2.455008344469758216e+06,1.008993864059448242e+00,1.087732729502022266e-03
2.455008364903783891e+06,1.010402679443359375e+00,1.087885000742971897e-03
2.455008385337908752e+06,1.008457422256469727e+00,1.087621552869677544e-03
2.455008405771933496e+06,1.009335756301879883e+00,1.087711309082806110e-03
2.455008426206158474e+06,1.008930444717407227e+00,1.087522134184837341e-03
2.455008446640282404e+06,1.009658813476562500e+00,1.087610027752816677e-03
2.455008467074406333e+06,1.007908225059509277e+00,1.087415963411331177e-03
2.455008487508530263e+06,1.007642149925231934e+00,1.087376265786588192e-03
2.455008507942653727e+06,1.009431123733520508e+00,1.087702112272381783e-03
2.455008528376776725e+06,1.009472370147705078e+00,1.087691518478095531e-03
2.455008548810799606e+06,1.007308244705200195e+00,1.087432145141065121e-03
2.455008569245022256e+06,1.007758975028991699e+00,1.087396871298551559e-03
2.455008589679144323e+06,1.006842136383056641e+00,1.087265438400208950e-03
2.455008610113166273e+06,1.006944060325622559e+00,1.087279524654150009e-03
2.455008630547387991e+06,1.007448434829711914e+00,1.087374286726117134e-03
2.455008650981509127e+06,1.006670832633972168e+00,1.087246695533394814e-03
2.455008671415530145e+06,1.005095958709716797e+00,1.086822827346622944e-03
2.455008691849650815e+06,1.004612326622009277e+00,1.086890581063926220e-03
2.455008712283871602e+06,1.005619287490844727e+00,1.086986856535077095e-03
2.455008732717991807e+06,1.005692243576049805e+00,1.087011420167982578e-03
2.455008753152011428e+06,1.005078434944152832e+00,1.086934353224933147e-03
2.455008773586230818e+06,1.005220293998718262e+00,1.087012817151844501e-03
2.455008794020350557e+06,1.002376437187194824e+00,1.086510019376873970e-03
2.455008814454369247e+06,1.002928733825683594e+00,1.086513628251850605e-03
2.455008834888488054e+06,1.003501653671264648e+00,1.086673815734684467e-03
2.455008855322706513e+06,1.005617022514343262e+00,1.086932024918496609e-03
2.455008875756724738e+06,1.001304388046264648e+00,1.086050877347588539e-03
2.455008896190842614e+06,1.001194834709167480e+00,1.086035743355751038e-03
2.455008916625060141e+06,1.001861214637756348e+00,1.086181146092712879e-03
2.455008937059077434e+06,1.000266551971435547e+00,1.085852389223873615e-03
2.455008957493194379e+06,1.001327514648437500e+00,1.086187316104769707e-03
2.455008977927310858e+06,9.992356896400451660e-01,1.085926662199199200e-03
2.455008998361427337e+06,9.998872876167297363e-01,1.085987780243158340e-03
2.455009018795543350e+06,9.991433620452880859e-01,1.085890922695398331e-03
2.455009039229658898e+06,9.982681870460510254e-01,1.085697091184556484e-03
2.455009059663874563e+06,1.001305699348449707e+00,1.086184754967689514e-03
2.455009080097889993e+06,9.983539581298828125e-01,1.085617463104426861e-03
2.455009100532005075e+06,9.979646801948547363e-01,1.085350057110190392e-03
2.455009120966019575e+06,9.984112381935119629e-01,1.085439347662031651e-03
2.455009161834347993e+06,9.974936246871948242e-01,1.085248426534235477e-03
2.455009182268361561e+06,9.950858950614929199e-01,1.084823277778923512e-03
2.455009202702574898e+06,9.958019256591796875e-01,1.084954827092587948e-03
2.455009223136688117e+06,9.942494630813598633e-01,1.084788586013019085e-03
2.455009243570800871e+06,9.950180649757385254e-01,1.084938761778175831e-03
2.455009264004813507e+06,9.951684474945068359e-01,1.084942487068474293e-03
2.455009284439025912e+06,9.944100975990295410e-01,1.084801624529063702e-03
2.455009304873137735e+06,9.945164918899536133e-01,1.084813033230602741e-03
2.455009325307149440e+06,9.929692149162292480e-01,1.084492425434291363e-03
2.455009345741360914e+06,9.931660890579223633e-01,1.084477058611810207e-03
2.455009366175471805e+06,9.960100054740905762e-01,1.084995223209261894e-03
2.455009386609482579e+06,9.923966526985168457e-01,1.084328163415193558e-03
2.455009407043593004e+06,9.930329918861389160e-01,1.084437710233032703e-03
2.455009427477803547e+06,9.940235614776611328e-01,1.084620133042335510e-03
2.455009447911813390e+06,9.923943877220153809e-01,1.084419782273471355e-03
2.455009468345922884e+06,9.914215207099914551e-01,1.084252609871327877e-03
2.455009488780132495e+06,9.893529415130615234e-01,1.083886832930147648e-03
2.455009509214141406e+06,9.898242354393005371e-01,1.083982875570654869e-03
2.455009529648250435e+06,9.915447235107421875e-01,1.084205461665987968e-03
2.455009550082358532e+06,9.900825619697570801e-01,1.083980663679540157e-03
2.455009570516566746e+06,9.924075007438659668e-01,1.084366929717361927e-03
2.455009590950574726e+06,9.916879534721374512e-01,1.084279967471957207e-03
2.455009611384682357e+06,9.886375069618225098e-01,1.083822338841855526e-03
2.455009631818889640e+06,9.904983043670654297e-01,1.084193703718483448e-03
2.455009652252896223e+06,9.919257760047912598e-01,1.084409886971116066e-03
2.455009672687003389e+06,9.878489971160888672e-01,1.083610812202095985e-03
2.455009693121109158e+06,9.867434501647949219e-01,1.083480194211006165e-03
2.455009713555215392e+06,9.874594211578369141e-01,1.083525829017162323e-03
2.455009733989321161e+06,9.866340160369873047e-01,1.083357143215835094e-03
2.455009754423426930e+06,9.886720180511474609e-01,1.083691488020122051e-03
2.455009774857531767e+06,9.876347780227661133e-01,1.083478913642466068e-03
2.455009795291637070e+06,9.877901077270507812e-01,1.083466457203030586e-03
2.455009815725741442e+06,9.879217743873596191e-01,1.083528739400207996e-03
2.455009836159745697e+06,9.905239939689636230e-01,1.083966228179633617e-03
2.455009856593949720e+06,9.903647899627685547e-01,1.083985087461769581e-03
2.455009877028053626e+06,9.900292754173278809e-01,1.083930023014545441e-03
2.455009897462056950e+06,9.875944852828979492e-01,1.083583920262753963e-03
2.455009917896260507e+06,9.855743646621704102e-01,1.083205919712781906e-03
2.455009938330363017e+06,9.865936040878295898e-01,1.083389739505946636e-03
2.455009958764365874e+06,9.864334464073181152e-01,1.083327806554734707e-03
2.455009979198467918e+06,9.875379204750061035e-01,1.083451672457158566e-03
2.455009999632670078e+06,9.869157671928405762e-01,1.083369832485914230e-03
2.455010020066671539e+06,9.882591366767883301e-01,1.083643524907529354e-03
2.455010040500773117e+06,9.872748851776123047e-01,1.083400915376842022e-03
2.455010060934973881e+06,9.875528812408447266e-01,1.083551789633929729e-03
2.455010081369074993e+06,9.882363677024841309e-01,1.083626528270542622e-03
2.455010101803075522e+06,9.875161051750183105e-01,1.083567156456410885e-03
2.455010122237175703e+06,9.870769977569580078e-01,1.083431881852447987e-03
2.455010142671375535e+06,9.860015511512756348e-01,1.083229435607790947e-03
2.455010163105375133e+06,9.890157580375671387e-01,1.083886949345469475e-03
2.455010183539474383e+06,9.881022572517395020e-01,1.083622337318956852e-03
2.455010203973673284e+06,9.902437925338745117e-01,1.084122806787490845e-03
2.455010224407671951e+06,9.877709150314331055e-01,1.083621405996382236e-03
2.455010244841770269e+06,9.868928194046020508e-01,1.083506154827773571e-03
2.455010265275868587e+06,9.886071085929870605e-01,1.083782524801790714e-03
2.455010285709965974e+06,9.861510992050170898e-01,1.083288691006600857e-03
2.455010306144063827e+06,9.876746535301208496e-01,1.083669601939618587e-03
2.455010326578161214e+06,9.869515895843505859e-01,1.083519659005105495e-03
2.455010347012357786e+06,9.870291352272033691e-01,1.083507668226957321e-03
2.455010367446354590e+06,9.878416657447814941e-01,1.083584735170006752e-03
2.455010387880451046e+06,9.916800260543823242e-01,1.084521296434104443e-03
2.455010408314446919e+06,9.896785020828247070e-01,1.083954586647450924e-03
2.455010428748643026e+06,9.903748631477355957e-01,1.084110350348055363e-03
2.455010449182738084e+06,9.914603829383850098e-01,1.084173913113772869e-03
2.455010469616733491e+06,9.907615184783935547e-01,1.084072748199105263e-03
2.455010490050928202e+06,9.893492460250854492e-01,1.083811745047569275e-03
2.455010510485022794e+06,9.891405105590820312e-01,1.083687297068536282e-03
2.455010530919116922e+06,9.915935397148132324e-01,1.084256102330982685e-03
2.455010551353110932e+06,9.933638572692871094e-01,1.084550865925848484e-03
2.455010571787304711e+06,9.917176365852355957e-01,1.084132120013237000e-03
2.455010592221397907e+06,9.905552268028259277e-01,1.083912327885627747e-03
2.455010612655390985e+06,9.927123188972473145e-01,1.084351679310202599e-03
2.455010633089583833e+06,9.895318150520324707e-01,1.083771814592182636e-03
2.455010653523676563e+06,9.922753572463989258e-01,1.084293471649289131e-03
2.455010673957668711e+06,9.924013614654541016e-01,1.084435731172561646e-03
2.455010694391760509e+06,9.927368164062500000e-01,1.084355171769857407e-03
2.455010714825951960e+06,9.916927218437194824e-01,1.084168092347681522e-03
2.455010735259943176e+06,9.917844533920288086e-01,1.084189978428184986e-03
2.455010755694034044e+06,9.943814277648925781e-01,1.084610703401267529e-03
2.455010776128225029e+06,9.928808212280273438e-01,1.084376126527786255e-03
2.455010796562315430e+06,9.948709011077880859e-01,1.084516872651875019e-03
2.455010816996305250e+06,9.944629669189453125e-01,1.084631658159196377e-03
2.455010837430395186e+06,9.942356348037719727e-01,1.084603252820670605e-03
2.455010857864584774e+06,9.953236579895019531e-01,1.084768096916377544e-03
2.455010878298573662e+06,9.943729043006896973e-01,1.084558782167732716e-03
2.455010898732662667e+06,9.964818358421325684e-01,1.084994291886687279e-03
2.455010919166851323e+06,9.963500499725341797e-01,1.085161231458187103e-03
2.455010939600839745e+06,9.955239295959472656e-01,1.084758900105953217e-03
2.455010960034927819e+06,9.964657425880432129e-01,1.085097319446504116e-03
2.455010980469015427e+06,9.970207214355468750e-01,1.084921532310545444e-03
2.455011000903103035e+06,9.980550408363342285e-01,1.085147727280855179e-03
2.455011021337190177e+06,1.000400900840759277e+00,1.085716881789267063e-03
2.455011041771276854e+06,9.981378316879272461e-01,1.085204072296619415e-03
2.455011062205363531e+06,9.981191754341125488e-01,1.085259136743843555e-03
2.455011082639449742e+06,1.001039505004882812e+00,1.085841562598943710e-03
2.455011103073535487e+06,1.001754283905029297e+00,1.085947500541806221e-03
2.455011123507521115e+06,9.997351765632629395e-01,1.085552736185491085e-03
2.455011143941706512e+06,1.002091288566589355e+00,1.086115720681846142e-03
2.455011164375791326e+06,1.000531196594238281e+00,1.085891970433294773e-03
2.455011184809776023e+06,1.004017114639282227e+00,1.086344011127948761e-03
2.455011205243960489e+06,1.002768158912658691e+00,1.086227945052087307e-03
2.455011225678044837e+06,1.004905581474304199e+00,1.086560077965259552e-03
2.455011246112028603e+06,1.005356431007385254e+00,1.086858334019780159e-03
2.455011266546112020e+06,1.004907250404357910e+00,1.086539356037974358e-03
2.455011286980295088e+06,1.004244804382324219e+00,1.086390810087323189e-03
2.455011307414378505e+06,1.004163265228271484e+00,1.086469739675521851e-03
2.455011327848360874e+06,1.005148649215698242e+00,1.086559263058006763e-03
2.455011348282543011e+06,1.005533933639526367e+00,1.086687669157981873e-03
2.455011368716625031e+06,1.005072116851806641e+00,1.086633652448654175e-03
2.455011389150606934e+06,1.005943059921264648e+00,1.086721546016633511e-03
2.455011409584688488e+06,1.008530378341674805e+00,1.087193610146641731e-03
2.455011430018869694e+06,1.006140232086181641e+00,1.086615608073771000e-03
2.455011450452850666e+06,1.006704807281494141e+00,1.086747623048722744e-03
2.455011470886930823e+06,1.008051872253417969e+00,1.087126787751913071e-03
2.455011491321111098e+06,1.009188294410705566e+00,1.087184646166861057e-03
2.455011511755091138e+06,1.008709311485290527e+00,1.086976262740790844e-03
2.455011532189170830e+06,1.007211327552795410e+00,1.086952048353850842e-03
2.455011552623250056e+06,1.009757757186889648e+00,1.087364973500370979e-03
2.455011573057329282e+06,1.008193373680114746e+00,1.087086857296526432e-03
2.455011593491408043e+06,1.009804368019104004e+00,1.087356475181877613e-03
2.455011613925486337e+06,1.009498596191406250e+00,1.087398151867091656e-03
2.455011634359664749e+06,1.008285641670227051e+00,1.087180571630597115e-03
2.455011654793642461e+06,1.009165763854980469e+00,1.087222946807742119e-03
2.455011675227719825e+06,1.008344531059265137e+00,1.087058219127357006e-03
2.455011695661797188e+06,1.010632514953613281e+00,1.087474403902888298e-03
2.455011716095874086e+06,1.010274052619934082e+00,1.087390235625207424e-03
2.455011736529950518e+06,1.012058496475219727e+00,1.087775104679167271e-03
2.455011756964026950e+06,1.013697147369384766e+00,1.087865442968904972e-03
2.455011777398102917e+06,1.012576222419738770e+00,1.087773940525949001e-03
2.455011797832178883e+06,1.011832356452941895e+00,1.087672426365315914e-03
2.455011818266254384e+06,1.012897253036499023e+00,1.087722601369023323e-03
2.455011838700329419e+06,1.010824322700500488e+00,1.087623299099504948e-03
2.455011859134403989e+06,1.012951612472534180e+00,1.087925164029002190e-03
2.455011879568478558e+06,1.011651754379272461e+00,1.087642041966319084e-03
2.455011900002453011e+06,1.013599038124084473e+00,1.088106306269764900e-03
2.455011920436627232e+06,1.013012170791625977e+00,1.087889308109879494e-03
2.455011940870700404e+06,1.013868689537048340e+00,1.088081160560250282e-03
2.455011961304774042e+06,1.013545155525207520e+00,1.087821554392576218e-03
2.455011981738747098e+06,1.015150189399719238e+00,1.088237040676176548e-03
2.455012002172919922e+06,1.015549659729003906e+00,1.088253455236554146e-03
2.455012022606992163e+06,1.013666868209838867e+00,1.087949844077229500e-03
2.455012043040964287e+06,1.014874100685119629e+00,1.087993266992270947e-03
2.455012063475136179e+06,1.013205409049987793e+00,1.087666023522615433e-03
2.455012083909207955e+06,1.013646364212036133e+00,1.087769982405006886e-03
2.455012124777249992e+06,1.018582940101623535e+00,1.088737393729388714e-03
2.455012145211420488e+06,1.014458894729614258e+00,1.087932963855564594e-03
2.455012165645490866e+06,1.018336534500122070e+00,1.088660792447626591e-03
2.455012186079461128e+06,1.014607667922973633e+00,1.087984186597168446e-03
2.455012206513630692e+06,1.016021370887756348e+00,1.088207121938467026e-03
2.455012226947700139e+06,1.014409661293029785e+00,1.087886630557477474e-03
2.455012247381669004e+06,1.014957308769226074e+00,1.088013639673590660e-03
2.455012267815737985e+06,1.015483856201171875e+00,1.088196760974824429e-03
2.455012288249906618e+06,1.013942480087280273e+00,1.087897107936441898e-03
2.455012308683874551e+06,1.015551209449768066e+00,1.088034361600875854e-03
2.455012329117942601e+06,1.012404441833496094e+00,1.087612123228609562e-03
2.455012349552010186e+06,1.012866377830505371e+00,1.087767072021961212e-03
2.455012369986177422e+06,1.013232111930847168e+00,1.087943091988563538e-03
2.455012410854211077e+06,1.015205979347229004e+00,1.088165678083896637e-03
2.455012431288377848e+06,1.012905240058898926e+00,1.087806886062026024e-03
2.455012451722343452e+06,1.012284874916076660e+00,1.087593496777117252e-03
2.455012472156409640e+06,1.012734651565551758e+00,1.087754266336560249e-03
2.455012492590575013e+06,1.012251973152160645e+00,1.087585114873945713e-03
2.455012513024540152e+06,1.011232137680053711e+00,1.087378594093024731e-03
2.455012533458604943e+06,1.011997103691101074e+00,1.087308628484606743e-03
2.455012553892669734e+06,1.013300180435180664e+00,1.087752752937376499e-03
2.455012574326734059e+06,1.013931870460510254e+00,1.087829703465104103e-03
2.455012594760798384e+06,1.011366248130798340e+00,1.087066368199884892e-03
2.455012615194861777e+06,1.010096430778503418e+00,1.086946344003081322e-03
2.455012635629025288e+06,1.012785315513610840e+00,1.087567885406315327e-03
2.455012656062988099e+06,1.013164758682250977e+00,1.087652635760605335e-03
2.455012676497051027e+06,1.011087417602539062e+00,1.087493263185024261e-03
2.455012696931013372e+06,1.010117530822753906e+00,1.087262178771197796e-03
2.455012717365175486e+06,1.010453224182128906e+00,1.087412703782320023e-03
2.455012737799237482e+06,1.010033130645751953e+00,1.087159384042024612e-03
2.455012758233198896e+06,1.012091040611267090e+00,1.087410957552492619e-03
2.455012778667360544e+06,1.010368227958679199e+00,1.087048905901610851e-03
2.455012799101421144e+06,1.009778261184692383e+00,1.086983946152031422e-03
2.455012819535482209e+06,1.012057662010192871e+00,1.087385113351047039e-03
2.455012839969442226e+06,1.010878562927246094e+00,1.087191747501492500e-03
2.455012860403602477e+06,1.008832454681396484e+00,1.086872885935008526e-03
2.455012880837662145e+06,1.008544445037841797e+00,1.086806296370923519e-03
2.455012901271621697e+06,1.008686184883117676e+00,1.086994423530995846e-03
2.455012921705780551e+06,1.009457111358642578e+00,1.087002572603523731e-03
2.455012942139839754e+06,1.007401227951049805e+00,1.086649717763066292e-03
2.455012962573797908e+06,1.008100152015686035e+00,1.086764852516353130e-03
2.455012983007856179e+06,1.008895397186279297e+00,1.086797798052430153e-03
2.455013003442014102e+06,1.009630680084228516e+00,1.086793723516166210e-03
2.455013023875972256e+06,1.006412029266357422e+00,1.086325733922421932e-03
2.455013044310029130e+06,1.007678151130676270e+00,1.086668577045202255e-03
2.455013064744186588e+06,1.008618354797363281e+00,1.086893724277615547e-03
2.455013085178142879e+06,1.004540205001831055e+00,1.086148549802601337e-03
2.455013105612199754e+06,1.005286455154418945e+00,1.086268806830048561e-03
2.455013126046255697e+06,1.005095481872558594e+00,1.086152042262256145e-03
2.455013146480411291e+06,1.003731846809387207e+00,1.085908268578350544e-03
2.455013166914367117e+06,1.005354404449462891e+00,1.086245756596326828e-03
2.455013187348422129e+06,1.004646420478820801e+00,1.086125732399523258e-03
2.455013207782577258e+06,1.003059387207031250e+00,1.085891504772007465e-03
2.455013228216531686e+06,1.001096248626708984e+00,1.085376949049532413e-03
2.455013248650585767e+06,1.002871394157409668e+00,1.085744122974574566e-03
2.455013269084639847e+06,1.002053618431091309e+00,1.085579395294189453e-03
2.455013289518693462e+06,1.002408742904663086e+00,1.085693249478936195e-03
2.455013309952747077e+06,9.996263384819030762e-01,1.085198367945849895e-03
2.455013330386800226e+06,9.996572732925415039e-01,1.085223630070686340e-03
2.455013350820852444e+06,1.001268148422241211e+00,1.085525378584861755e-03
2.455013371254905127e+06,1.000478267669677734e+00,1.085486845113337040e-03
2.455013391688957345e+06,9.989334344863891602e-01,1.085054595023393631e-03
2.455013412122908980e+06,9.974885582923889160e-01,1.084800926037132740e-03
2.455013432557060849e+06,9.968398213386535645e-01,1.084470422938466072e-03
2.455013452991112135e+06,9.979267120361328125e-01,1.084822695702314377e-03
2.455013473425062839e+06,9.943216443061828613e-01,1.084195333532989025e-03
2.455013493859213777e+06,9.872357249259948730e-01,1.082686241716146469e-03
2.455013514293264132e+06,9.765529632568359375e-01,1.080537098459899426e-03
2.455013534727214370e+06,9.727121591567993164e-01,1.079859212040901184e-03
2.455013555161263794e+06,9.727419018745422363e-01,1.080121845006942749e-03
2.455013575595413335e+06,9.704426527023315430e-01,1.079727429896593094e-03
2.455013596029362176e+06,9.665400981903076172e-01,1.078766188584268093e-03
2.455013616463411134e+06,9.647531509399414062e-01,1.078384462743997574e-03
2.455013636897559743e+06,9.663609862327575684e-01,1.078515895642340183e-03
2.455013657331607770e+06,9.641180038452148438e-01,1.078225555829703808e-03
2.455013677765555680e+06,9.659893512725830078e-01,1.078606233932077885e-03
2.455013698199603241e+06,9.663938283920288086e-01,1.078693661838769913e-03
2.455013718633750454e+06,9.647170305252075195e-01,1.078634290024638176e-03
2.455013739067697432e+06,9.708523750305175781e-01,1.079745125025510788e-03
2.455013759501744527e+06,9.811697006225585938e-01,1.081717200577259064e-03
2.455013779935890809e+06,9.908289313316345215e-01,1.083599752746522427e-03
2.455013800369836856e+06,9.914633035659790039e-01,1.083834678865969181e-03
2.455013820803882554e+06,9.954547882080078125e-01,1.084567513316869736e-03
2.455013841237927787e+06,9.864757657051086426e-01,1.082830363884568214e-03
2.455013861671973020e+06,9.888311624526977539e-01,1.083257142454385757e-03
2.455013882106017787e+06,9.903530478477478027e-01,1.083598937839269638e-03
2.455013902540062554e+06,9.888409376144409180e-01,1.083220471628010273e-03
2.455013922974206507e+06,9.888388514518737793e-01,1.083316397853195667e-03
2.455013943408150692e+06,9.885199666023254395e-01,1.083083683624863625e-03
2.455013963842194062e+06,9.885106682777404785e-01,1.082979259081184864e-03
2.455013984276137315e+06,9.889582991600036621e-01,1.082967733964323997e-03
2.455014004710280802e+06,9.879756569862365723e-01,1.082878210581839085e-03
2.455014025144323241e+06,9.890253543853759766e-01,1.083106966689229012e-03
2.455014045578265563e+06,9.866954684257507324e-01,1.082611037418246269e-03
2.455014066012407653e+06,9.877475500106811523e-01,1.082832110114395618e-03
2.455014086446449626e+06,9.886383414268493652e-01,1.082858652807772160e-03
2.455014106880491134e+06,9.895560145378112793e-01,1.083031063899397850e-03
2.455014127314432058e+06,9.852734208106994629e-01,1.082454808056354523e-03
2.455014147748573218e+06,9.848235845565795898e-01,1.082199974916875362e-03
2.455014168182613328e+06,9.860748648643493652e-01,1.082449918612837791e-03
2.455014188616553787e+06,9.879373908042907715e-01,1.082855043932795525e-03
2.455014209050593898e+06,9.863363504409790039e-01,1.082450267858803272e-03
2.455014229484733660e+06,9.838235378265380859e-01,1.082031871192157269e-03
2.455014249918672722e+06,9.851592183113098145e-01,1.082286355085670948e-03
2.455014270352711901e+06,9.844776988029479980e-01,1.082232338376343250e-03
2.455014290786850732e+06,9.847063422203063965e-01,1.082117203623056412e-03
2.455014311220788863e+06,9.840466380119323730e-01,1.082057598978281021e-03
2.455014331654827110e+06,9.840964078903198242e-01,1.082065282389521599e-03
2.455014352088864893e+06,9.854049682617187500e-01,1.082314527593553066e-03
2.455014372523002326e+06,9.839166402816772461e-01,1.081951428204774857e-03
2.455014392956939526e+06,9.844726324081420898e-01,1.081869006156921387e-03
2.455014413390976377e+06,9.887048602104187012e-01,1.082919421605765820e-03
2.455014433825112879e+06,9.858641624450683594e-01,1.082284492440521717e-03
2.455014454259049147e+06,9.857785105705261230e-01,1.082537113688886166e-03
2.455014474693085067e+06,9.852258563041687012e-01,1.082350150682032108e-03
2.455014495127020869e+06,9.847779870033264160e-01,1.082032802514731884e-03
2.455014515561156441e+06,9.842053651809692383e-01,1.081167603842914104e-03
2.455016722434455995e+06,1.004043936729431152e+00,1.086875679902732372e-03
2.455016742868457921e+06,1.006265282630920410e+00,1.087866490706801414e-03
2.455016763302458916e+06,1.002203702926635742e+00,1.087114214897155762e-03
2.455016783736459911e+06,1.004636287689208984e+00,1.087512937374413013e-03
2.455016804170460440e+06,1.003605365753173828e+00,1.087635522708296776e-03
2.455016824604460970e+06,1.004057288169860840e+00,1.087898155674338341e-03
2.455016845038461033e+06,1.002936959266662598e+00,1.087594660930335522e-03
2.455016865472460631e+06,1.001529812812805176e+00,1.087648211978375912e-03
2.455016885906460229e+06,1.003052353858947754e+00,1.088197110220789909e-03
2.455016906340359244e+06,1.000670909881591797e+00,1.087733660824596882e-03
2.455016926774458028e+06,1.000267148017883301e+00,1.087886397726833820e-03
2.455016947208456229e+06,1.001439809799194336e+00,1.088059507310390472e-03
2.455016967642354313e+06,1.001105666160583496e+00,1.088485587388277054e-03
2.455016988076452632e+06,9.992309808731079102e-01,1.088006305508315563e-03
2.455017008510449901e+06,9.976633787155151367e-01,1.087865559384226799e-03
2.455017028944347519e+06,9.982804059982299805e-01,1.088072312995791435e-03
2.455017049378443975e+06,9.982736110687255859e-01,1.088315970264375210e-03
2.455017069812440779e+06,9.971371889114379883e-01,1.088212593458592892e-03
2.455017090246437117e+06,9.966602325439453125e-01,1.087969285435974598e-03
2.455017110680332873e+06,9.966494441032409668e-01,1.088103046640753746e-03
2.455017131114428863e+06,9.972639679908752441e-01,1.088394201360642910e-03
2.455017151548423804e+06,9.963331222534179688e-01,1.088082324713468552e-03
2.455017171982319094e+06,9.965638518333435059e-01,1.088131917640566826e-03
2.455017192416413687e+06,9.937422275543212891e-01,1.087514683604240417e-03
2.455017212850408163e+06,9.966534376144409180e-01,1.088184188120067120e-03
2.455017233284302056e+06,9.939804673194885254e-01,1.087733660824596882e-03
2.455017253718296066e+06,9.932357668876647949e-01,1.087534590624272823e-03
2.455017274152389262e+06,9.942776560783386230e-01,1.087728072889149189e-03
2.455017294586282689e+06,9.929302930831909180e-01,1.087592914700508118e-03
2.455017315020275302e+06,9.936453700065612793e-01,1.087792217731475830e-03
2.455017335454368033e+06,9.941599369049072266e-01,1.087851240299642086e-03
2.455017355888260063e+06,9.919527769088745117e-01,1.087527605704963207e-03
2.455017376322251745e+06,9.925903677940368652e-01,1.087579992599785328e-03
2.455017396756343544e+06,9.906279444694519043e-01,1.087194308638572693e-03
2.455017417190334760e+06,9.910944104194641113e-01,1.087389537133276463e-03
2.455017437624225859e+06,9.920272231101989746e-01,1.087462296709418297e-03
2.455017458058216609e+06,9.905920028686523438e-01,1.087163574993610382e-03
2.455017478492306545e+06,9.913271069526672363e-01,1.087253214791417122e-03
2.455017498926196713e+06,9.920136332511901855e-01,1.087188720703125000e-03
2.455017519360186532e+06,9.896577596664428711e-01,1.086724572815001011e-03
2.455017539794276003e+06,9.908471703529357910e-01,1.087072887457907200e-03
2.455017560228164773e+06,9.870095252990722656e-01,1.086503965780138969e-03
2.455017580662153661e+06,9.908663630485534668e-01,1.087162410840392113e-03
2.455017601096142083e+06,9.884498119354248047e-01,1.086693489924073219e-03
2.455017621530130040e+06,9.883015751838684082e-01,1.086796284653246403e-03
2.455017641964117996e+06,9.879264235496520996e-01,1.086769974790513515e-03
2.455017662398105487e+06,9.887232780456542969e-01,1.086942851543426514e-03
2.455017682832192630e+06,9.870522618293762207e-01,1.086491043679416180e-03
2.455017703266079538e+06,9.857859611511230469e-01,1.086252275854349136e-03
2.455017723700066097e+06,9.868226051330566406e-01,1.086490578018128872e-03
2.455017744134152308e+06,9.854444861412048340e-01,1.086297212168574333e-03
2.455017764568038285e+06,9.852848649024963379e-01,1.086065080016851425e-03
2.455017785002023913e+06,9.854475855827331543e-01,1.086061471141874790e-03
2.455017805435908958e+06,9.856702685356140137e-01,1.086114323697984219e-03
2.455017825869994238e+06,9.843406677246093750e-01,1.085749012418091297e-03
2.455017846303978935e+06,9.819652438163757324e-01,1.085283933207392693e-03
2.455017866737963166e+06,9.841132760047912598e-01,1.085623051039874554e-03
2.455017887171947397e+06,9.831661581993103027e-01,1.085334806703031063e-03
2.455017907605930697e+06,9.829041361808776855e-01,1.085361000150442123e-03
2.455017928039914463e+06,9.821183085441589355e-01,1.085182884708046913e-03
2.455017948473797180e+06,9.835447072982788086e-01,1.085421536117792130e-03
2.455017968907880131e+06,9.838747978210449219e-01,1.085401396267116070e-03
2.455017989341762848e+06,9.841580986976623535e-01,1.085537369363009930e-03
2.455018009775744751e+06,9.854830503463745117e-01,1.085686031728982925e-03
2.455018030209826771e+06,9.805254340171813965e-01,1.084463554434478283e-03
2.455018050643808208e+06,9.831032752990722656e-01,1.085035153664648533e-03
2.455018091511670500e+06,9.860453605651855469e-01,1.085468451492488384e-03
2.455018111945651006e+06,9.844350218772888184e-01,1.085190451703965664e-03
2.455018132379631046e+06,9.832864999771118164e-01,1.084904884919524193e-03
2.455018152813611086e+06,9.825521707534790039e-01,1.084763556718826294e-03
2.455018173247590661e+06,9.804906249046325684e-01,1.084316754713654518e-03
2.455018193681569770e+06,9.818229079246520996e-01,1.084456685930490494e-03
2.455018214115548879e+06,9.810570478439331055e-01,1.084309536963701248e-03
2.455018234549527522e+06,9.835634231567382812e-01,1.084673800505697727e-03
2.455018254983506165e+06,9.802365899085998535e-01,1.083918265067040920e-03
2.455018275417483877e+06,9.832162857055664062e-01,1.084530726075172424e-03
2.455018295851361938e+06,9.793269038200378418e-01,1.083719078451395035e-03
2.455018316285439301e+06,9.817370176315307617e-01,1.084304181858897209e-03
2.455018336719416082e+06,9.801076054573059082e-01,1.083877519704401493e-03
2.455018357153293211e+06,9.806843996047973633e-01,1.083905459381639957e-03
2.455018377587369643e+06,9.823981523513793945e-01,1.084230025298893452e-03
2.455018398021345958e+06,9.819117784500122070e-01,1.084023155272006989e-03
2.455018418455321342e+06,9.820920228958129883e-01,1.084068557247519493e-03
2.455018438889197074e+06,9.818565845489501953e-01,1.083919662050902843e-03
2.455018459323272575e+06,9.820321202278137207e-01,1.084078918211162090e-03
2.455018479757247493e+06,9.822251796722412109e-01,1.083973795175552368e-03
2.455018500191121828e+06,9.829375147819519043e-01,1.084171468392014503e-03
2.455018520625195932e+06,9.833673238754272461e-01,1.084170420654118061e-03
2.455018541059169918e+06,9.835775494575500488e-01,1.084085903130471706e-03
2.455018561493043788e+06,9.852952957153320312e-01,1.084361225366592407e-03
2.455018581927016843e+06,9.861674308776855469e-01,1.084659132175147533e-03
2.455018602361090016e+06,9.844531416893005371e-01,1.084227929823100567e-03
2.455018622794962488e+06,9.858662486076354980e-01,1.084453659132122993e-03
2.455018643228935078e+06,9.850192666053771973e-01,1.084356219507753849e-03
2.455018663663006853e+06,9.850203394889831543e-01,1.084387418814003468e-03
2.455018684096878860e+06,9.868442416191101074e-01,1.084672752767801285e-03
2.455018704530850053e+06,9.857882261276245117e-01,1.083641545847058296e-03
2.455018724964821246e+06,9.879028797149658203e-01,1.084714429453015327e-03
2.455018745398892090e+06,9.856163859367370605e-01,1.084311632439494133e-03
2.455018765832762234e+06,9.860200881958007812e-01,1.084451680071651936e-03
2.455018786266732495e+06,9.894745349884033203e-01,1.085025491192936897e-03
2.455018806700802408e+06,9.869301319122314453e-01,1.084551564417779446e-03
2.455018827134672087e+06,9.886403679847717285e-01,1.084904652088880539e-03
2.455018847568640951e+06,9.880805015563964844e-01,1.084691379219293594e-03
2.455018868002510164e+06,9.887698292732238770e-01,1.084745163097977638e-03
2.455018888436578680e+06,9.875661134719848633e-01,1.084415009245276451e-03
2.455018908870547079e+06,9.904296994209289551e-01,1.084984862245619297e-03
2.455018929304514546e+06,9.906632900238037109e-01,1.084884046576917171e-03
2.455018949738482479e+06,9.930029511451721191e-01,1.085387193597853184e-03
2.455018970172449946e+06,9.897415637969970703e-01,1.084823161363601685e-03
2.455018990606416948e+06,9.937496781349182129e-01,1.085594994947314262e-03
2.455019011040283367e+06,9.918717145919799805e-01,1.085210591554641724e-03
2.455019031474349555e+06,9.910367131233215332e-01,1.085079973563551903e-03
2.455019051908315625e+06,9.919865727424621582e-01,1.085223164409399033e-03
2.455019072342181578e+06,9.903673529624938965e-01,1.084944000467658043e-03
2.455019092776246835e+06,9.907011389732360840e-01,1.085002324543893337e-03
2.455019113210211974e+06,9.927335381507873535e-01,1.085392665117979050e-03
2.455019133644076530e+06,9.958118796348571777e-01,1.085662748664617538e-03
2.455019154078041203e+06,9.958382248878479004e-01,1.085813739337027073e-03
2.455019174512105063e+06,9.957495927810668945e-01,1.085661118850111961e-03
2.455019194946068805e+06,9.959968924522399902e-01,1.085710828192532063e-03
2.455019215379932430e+06,9.973198175430297852e-01,1.085913623683154583e-03
2.455019235813995358e+06,9.972844719886779785e-01,1.086017698980867863e-03
2.455019256247958634e+06,9.982771873474121094e-01,1.086110714823007584e-03
2.455019276681820862e+06,9.995831847190856934e-01,1.086476957425475121e-03
2.455019297115783207e+06,9.985567331314086914e-01,1.086080563254654408e-03
2.455019317549845204e+06,9.977018833160400391e-01,1.085969735868275166e-03
2.455019337983706966e+06,9.999224543571472168e-01,1.086456235498189926e-03
2.455019358417667914e+06,1.000646352767944336e+00,1.086593372747302055e-03
2.455019378851728979e+06,1.000059604644775391e+00,1.086394768208265305e-03
2.455019399285589810e+06,1.000947594642639160e+00,1.086646923795342445e-03
2.455019419719549827e+06,9.997952580451965332e-01,1.086693839170038700e-03
2.455019440153509844e+06,1.004166603088378906e+00,1.087372191250324249e-03
2.455019460587469395e+06,1.003283500671386719e+00,1.087161363102495670e-03
2.455019481021428946e+06,1.004005789756774902e+00,1.087234239093959332e-03
2.455019501455388032e+06,1.005116581916809082e+00,1.087334821932017803e-03
2.455019521889446769e+06,1.003130674362182617e+00,1.087074517272412777e-03
2.455019542323305272e+06,1.004788160324096680e+00,1.087218406610190868e-03
2.455019562757263426e+06,1.006097197532653809e+00,1.087435288354754448e-03
2.455019583191120997e+06,1.006765842437744141e+00,1.087622949853539467e-03
2.455019603625178337e+06,1.008154153823852539e+00,1.087709446437656879e-03
2.455019624059135560e+06,1.008345246315002441e+00,1.087966375052928925e-03
2.455019644492992200e+06,1.008371710777282715e+00,1.087807118892669678e-03
2.455019664927048609e+06,1.007279634475708008e+00,1.087623299099504948e-03
2.455019685361004900e+06,1.009842753410339355e+00,1.088153570890426636e-03
2.455019705794960726e+06,1.008746862411499023e+00,1.087959972210228443e-03
2.455019726228816435e+06,1.008621454238891602e+00,1.087987329810857773e-03
2.455019746662871446e+06,1.008017897605895996e+00,1.087803859263658524e-03
2.455019767096826341e+06,1.010222911834716797e+00,1.088136923499405384e-03
2.455019787530681118e+06,1.010556101799011230e+00,1.088150544092059135e-03
2.455019807964735664e+06,1.011662125587463379e+00,1.088324468582868576e-03
2.455019828398689162e+06,1.010281324386596680e+00,1.088046701624989510e-03
2.455019848832543008e+06,1.010560870170593262e+00,1.088084653019905090e-03
2.455019869266496040e+06,1.011797547340393066e+00,1.088167307898402214e-03
2.455019889700549189e+06,1.010890126228332520e+00,1.088165794499218464e-03
2.455019910134402104e+06,1.012768507003784180e+00,1.088431687094271183e-03
2.455019930568354204e+06,1.011459112167358398e+00,1.088276389054954052e-03
2.455019951002406422e+06,1.012265443801879883e+00,1.088392455130815506e-03
2.455019971436257940e+06,1.012091875076293945e+00,1.088341465219855309e-03
2.455019991870209575e+06,1.013316154479980469e+00,1.088522258214652538e-03
2.455020012304160744e+06,1.012519836425781250e+00,1.088471850380301476e-03
2.455020032738211099e+06,1.013363122940063477e+00,1.088539953343570232e-03
2.455020053172061685e+06,1.014656424522399902e+00,1.088764867745339870e-03
2.455020073606011923e+06,1.013480067253112793e+00,1.088458346202969551e-03
2.455020094040061347e+06,1.016014933586120605e+00,1.088706660084426403e-03
2.455020114473911002e+06,1.014921903610229492e+00,1.088713761419057846e-03
2.455020134907860309e+06,1.014597773551940918e+00,1.088496996089816093e-03
2.455020155341809150e+06,1.012834429740905762e+00,1.088268938474357128e-03
2.455020175775757525e+06,1.015795469284057617e+00,1.088777440600097179e-03
2.455020196209705435e+06,1.016970276832580566e+00,1.088898163288831711e-03
2.455020216643653810e+06,1.015098810195922852e+00,1.088557648472487926e-03
2.455020237077601254e+06,1.018440008163452148e+00,1.089080236852169037e-03
2.455020257511548232e+06,1.016837120056152344e+00,1.088839606381952763e-03
2.455020277945495211e+06,1.017543554306030273e+00,1.089032739400863647e-03
2.455020298379341606e+06,1.015529036521911621e+00,1.088597578927874565e-03
2.455020318813388236e+06,1.016576051712036133e+00,1.088877324946224689e-03
2.455020339247334283e+06,1.014477968215942383e+00,1.088365679606795311e-03
2.455020359681179747e+06,1.015768170356750488e+00,1.088657416403293610e-03
2.455020380115224980e+06,1.015800237655639648e+00,1.088705961592495441e-03
2.455020400549170095e+06,1.015123248100280762e+00,1.088595949113368988e-03
2.455020420983014628e+06,1.017215490341186523e+00,1.088828779757022858e-03
2.455020441416959278e+06,1.019817471504211426e+00,1.089347177185118198e-03
2.455020461851003114e+06,1.017605543136596680e+00,1.088857883587479591e-03
2.455020482284846716e+06,1.018857240676879883e+00,1.089121098630130291e-03
2.455020502718790434e+06,1.017482519149780273e+00,1.088846242055296898e-03
2.455020523152833339e+06,1.018426179885864258e+00,1.088998746126890182e-03
2.455020543586776126e+06,1.016693949699401855e+00,1.088727614842355251e-03
2.455020564020618796e+06,1.017524719238281250e+00,1.088843215256929398e-03
2.455020584454560652e+06,1.015154123306274414e+00,1.088488847017288208e-03
2.455020604888602626e+06,1.015472769737243652e+00,1.088438089936971664e-03
2.455020625322443899e+06,1.014701008796691895e+00,1.088208984583616257e-03
2.455020645756385289e+06,1.016529440879821777e+00,1.088673016056418419e-03
2.455020666190425865e+06,1.016746640205383301e+00,1.088633900508284569e-03
2.455020686624266207e+06,1.016805887222290039e+00,1.088548335246741772e-03
2.455020707058206666e+06,1.015079855918884277e+00,1.088352059014141560e-03
2.455020727492146660e+06,1.015068888664245605e+00,1.088320743292570114e-03
2.455020747926086187e+06,1.016362071037292480e+00,1.088678487576544285e-03
2.455020768360025249e+06,1.013863205909729004e+00,1.088143209926784039e-03
2.455020788793964311e+06,1.013031005859375000e+00,1.087989308871328831e-03
2.455020809228003025e+06,1.014839172363281250e+00,1.088323653675615788e-03
2.455020829661841039e+06,1.014892816543579102e+00,1.088301884010434151e-03
2.455020850095779169e+06,1.014136075973510742e+00,1.088175689801573753e-03
2.455020870529616717e+06,1.014348745346069336e+00,1.088159857317805290e-03
2.455020890963654034e+06,1.013498187065124512e+00,1.087915501557290554e-03
2.455020911397591233e+06,1.015730381011962891e+00,1.088459510356187820e-03
2.455020931831427850e+06,1.015259504318237305e+00,1.088244840502738953e-03
2.455020952265464235e+06,1.014297485351562500e+00,1.088197459466755390e-03
2.455020972699400038e+06,1.014667034149169922e+00,1.088351127691566944e-03
2.455020993133335840e+06,1.015743255615234375e+00,1.088491408154368401e-03
2.455021013567171060e+06,1.014978766441345215e+00,1.088257646188139915e-03
2.455021034001206048e+06,1.013458847999572754e+00,1.087996293790638447e-03
2.455021074868975207e+06,1.012247323989868164e+00,1.087629934772849083e-03
2.455021095303009264e+06,1.013770818710327148e+00,1.087899319827556610e-03
2.455021115736943204e+06,1.014173746109008789e+00,1.088044955395162106e-03
2.455021136170776561e+06,1.012395739555358887e+00,1.087681856006383896e-03
2.455021156604710035e+06,1.015067458152770996e+00,1.088162767700850964e-03
2.455021177038742695e+06,1.013675332069396973e+00,1.087885699234902859e-03
2.455021197472575121e+06,1.013459086418151855e+00,1.087916316464543343e-03
2.455021217906507198e+06,1.012422680854797363e+00,1.087590586394071579e-03
2.455021238340538926e+06,1.011022686958312988e+00,1.087494543753564358e-03
2.455021258774470538e+06,1.013119578361511230e+00,1.087725860998034477e-03
2.455021279208302032e+06,1.008890151977539062e+00,1.087014796212315559e-03
2.455021299642232712e+06,1.010665535926818848e+00,1.087274868041276932e-03
2.455021320076263510e+06,1.011027216911315918e+00,1.087311655282974243e-03
2.455021340510093607e+06,1.011490821838378906e+00,1.087471726350486279e-03
2.455021360944023356e+06,1.007833242416381836e+00,1.086686737835407257e-03
2.455021381378053222e+06,1.012246966361999512e+00,1.087558106519281864e-03
2.455021401811882388e+06,1.008291006088256836e+00,1.086861710064113140e-03
2.455021422245811671e+06,1.008856415748596191e+00,1.086968113668262959e-03
2.455021442679740023e+06,1.008067965507507324e+00,1.086803735233843327e-03
2.455021463113668375e+06,1.008784890174865723e+00,1.086846576072275639e-03
2.455021483547596261e+06,1.007696986198425293e+00,1.086533069610595703e-03
2.455021503981524147e+06,1.008588671684265137e+00,1.086650532670319080e-03
2.455021524415451102e+06,1.009968161582946777e+00,1.086979173123836517e-03
2.455021544849378522e+06,1.007569313049316406e+00,1.086512929759919643e-03
2.455021565283305012e+06,1.006956458091735840e+00,1.086391275748610497e-03
2.455021585717131384e+06,1.006423354148864746e+00,1.086280215531587601e-03
2.455021606151157524e+06,1.005070924758911133e+00,1.086082658730447292e-03
2.455021626585083082e+06,1.004450440406799316e+00,1.085958094336092472e-03
2.455021647018908523e+06,1.005540847778320312e+00,1.086020143702626228e-03
2.455021667452933732e+06,1.007021665573120117e+00,1.086337957531213760e-03
2.455021687886858359e+06,1.004935264587402344e+00,1.085932250134646893e-03
2.455021708320682868e+06,1.005355596542358398e+00,1.086019212380051613e-03
2.455021728754607029e+06,1.004045724868774414e+00,1.085728174075484276e-03
2.455021749188530724e+06,1.004320025444030762e+00,1.085671596229076385e-03
2.455021769622454420e+06,1.003756642341613770e+00,1.085710944607853889e-03
2.455021790056377649e+06,1.002733230590820312e+00,1.085560419596731663e-03
2.455021810490300413e+06,1.001407861709594727e+00,1.085411640815436840e-03
2.455021830924222711e+06,1.004004836082458496e+00,1.085854019038379192e-03
2.455021851358145010e+06,9.946221113204956055e-01,1.083995681256055832e-03
2.455021871791966725e+06,9.833159446716308594e-01,1.081874710507690907e-03
2.455021892225988209e+06,9.786048531532287598e-01,1.080951071344316006e-03
2.455021912659909576e+06,9.756281375885009766e-01,1.080307061783969402e-03
2.455021933093730360e+06,9.732050299644470215e-01,1.079910784028470516e-03
2.455021953527750913e+06,9.735570549964904785e-01,1.079931389540433884e-03
2.455021973961671349e+06,9.763112664222717285e-01,1.080385060049593449e-03
2.455021994395591319e+06,9.730359911918640137e-01,1.079798676073551178e-03
2.455022014829410706e+06,9.700362086296081543e-01,1.079146517440676689e-03
2.455022035263430327e+06,9.719715714454650879e-01,1.079657813534140587e-03
2.455022055697349366e+06,9.728382825851440430e-01,1.079809269867837429e-03
2.455022076131167822e+06,9.749983549118041992e-01,1.080282148905098438e-03
2.455022096565186046e+06,9.761497974395751953e-01,1.080396701581776142e-03
2.455022116999104153e+06,9.889416098594665527e-01,1.082859700545668602e-03
2.455022137432921678e+06,9.961565136909484863e-01,1.084188581444323063e-03
2.455022157866838854e+06,9.958761930465698242e-01,1.084216521121561527e-03
2.455022178300856147e+06,9.978367686271667480e-01,1.084530376829206944e-03
2.455022198734672740e+06,9.957932829856872559e-01,1.084218383766710758e-03
2.455022219168588985e+06,9.982064962387084961e-01,1.084737014025449753e-03
2.455022239602605347e+06,9.975610375404357910e-01,1.084466464817523956e-03
2.455022260036421008e+06,9.963956475257873535e-01,1.084338407963514328e-03
2.455022280470336322e+06,9.984346032142639160e-01,1.084652845747768879e-03
2.455022300904251169e+06,9.951366782188415527e-01,1.084041898138821125e-03
2.455022321338266134e+06,9.975940585136413574e-01,1.084503834135830402e-03
2.455022341772080865e+06,9.950571060180664062e-01,1.083989161998033524e-03
2.455022362205994781e+06,9.951857328414916992e-01,1.083996728993952274e-03
2.455022382640008349e+06,9.952408671379089355e-01,1.083937822841107845e-03
2.455022403073822148e+06,9.967997074127197266e-01,1.084325835108757019e-03
2.455022423507735133e+06,9.964236617088317871e-01,1.084175659343600273e-03
2.455022443941548001e+06,9.942154288291931152e-01,1.083750161342322826e-03
2.455022464375560172e+06,9.951407909393310547e-01,1.083949347957968712e-03
2.455022484809472691e+06,9.964713454246520996e-01,1.084257266484200954e-03
2.455022505243384279e+06,9.951664805412292480e-01,1.083950744941830635e-03
2.455022525677295867e+06,9.966924786567687988e-01,1.084293471649289131e-03
2.455022546111206990e+06,9.943142533302307129e-01,1.083794631995260715e-03
2.455022566545118112e+06,9.933860898017883301e-01,1.083696493878960609e-03
2.455022586978928652e+06,9.948967695236206055e-01,1.084035029634833336e-03
2.455022607412938494e+06,9.941025376319885254e-01,1.083681592717766762e-03
2.455022627846848685e+06,9.962064027786254883e-01,1.084176125004887581e-03
2.455022648280658294e+06,9.948171377182006836e-01,1.083850744180381298e-03
2.455022668714567553e+06,9.966483712196350098e-01,1.084278570488095284e-03
2.455022689148576465e+06,9.964029192924499512e-01,1.084177521988749504e-03
2.455022709582385141e+06,9.939879775047302246e-01,1.083749812096357346e-03
2.455022730016293004e+06,9.953354001045227051e-01,1.084026065655052662e-03
2.455022750450301450e+06,9.948211312294006348e-01,1.083861687220633030e-03
2.455022770884208847e+06,9.963200688362121582e-01,1.084127114154398441e-03
2.455022791318016127e+06,9.978552460670471191e-01,1.084429444745182991e-03
2.455022811751923058e+06,9.955601096153259277e-01,1.083966577425599098e-03
2.455022832185929641e+06,9.952939152717590332e-01,1.083930605091154575e-03
2.455022852619735990e+06,9.954183101654052734e-01,1.084025949239730835e-03
2.455022873053641990e+06,9.941853284835815430e-01,1.083879265934228897e-03
2.455022893487647641e+06,9.957754015922546387e-01,1.084154471755027771e-03
2.455022913921453059e+06,9.934518337249755859e-01,1.083639566786587238e-03
2.455022934355358128e+06,9.938295483589172363e-01,1.083606970496475697e-03
2.455022954789162613e+06,9.954197406768798828e-01,1.083967275917530060e-03
2.455022975223167334e+06,9.962168931961059570e-01,1.084098359569907188e-03
2.455022995657071471e+06,9.961111545562744141e-01,1.084128394722938538e-03
2.455023016090975143e+06,9.973814487457275391e-01,1.084334217011928558e-03
2.455023036524878349e+06,9.964631795883178711e-01,1.084201037883758545e-03
2.455023056958781555e+06,9.958624243736267090e-01,1.084061572328209877e-03
2.455023077392684296e+06,9.970355033874511719e-01,1.084323041141033173e-03
2.455023097826486453e+06,9.967979192733764648e-01,1.084115356206893921e-03
2.455023118260488845e+06,9.973742961883544922e-01,1.084274495951831341e-03
2.455023138694390655e+06,9.955598711967468262e-01,1.083971583284437656e-03
2.455023159128191881e+06,9.990224838256835938e-01,1.084564952179789543e-03
2.455023179562193342e+06,1.000536561012268066e+00,1.084855059161782265e-03
2.455023199996093754e+06,9.988119006156921387e-01,1.084549934603273869e-03
2.455023220429894514e+06,9.986046552658081055e-01,1.084506860934197903e-03
2.455023240863794461e+06,9.991232752799987793e-01,1.084724208340048790e-03
2.455023261297794525e+06,1.000514864921569824e+00,1.085014897398650646e-03
2.455023281731694005e+06,9.991305470466613770e-01,1.084650051780045033e-03
2.455023302165493369e+06,1.000349283218383789e+00,1.084712450392544270e-03
2.455023322599492036e+06,9.985266923904418945e-01,1.084500923752784729e-03
2.455023343033390585e+06,1.001810431480407715e+00,1.085124560631811619e-03
2.455023363467188552e+06,1.000699400901794434e+00,1.084848772734403610e-03
2.455023383901086636e+06,9.996752142906188965e-01,1.084697549231350422e-03
2.455023404335084371e+06,1.001482725143432617e+00,1.084913965314626694e-03
2.455023424768881407e+06,1.002437591552734375e+00,1.085113617591559887e-03
2.455023445202778094e+06,1.004034519195556641e+00,1.085399650037288666e-03
2.455023465636774898e+06,1.004748106002807617e+00,1.085540745407342911e-03
2.455023486070571002e+06,1.002215147018432617e+00,1.085103955119848251e-03
2.455023506504467223e+06,1.001405954360961914e+00,1.085010822862386703e-03
2.455023526938362513e+06,1.003223419189453125e+00,1.085312687791883945e-03
2.455023547372257803e+06,1.001400470733642578e+00,1.084932941012084484e-03
2.455023567806152627e+06,1.003201603889465332e+00,1.085251918993890285e-03
2.455023588240047451e+06,1.004019141197204590e+00,1.085417577996850014e-03
2.455023608674041927e+06,1.004412055015563965e+00,1.085487427189946175e-03
2.455023629107835703e+06,1.005131483078002930e+00,1.085660187527537346e-03
2.455023649541729130e+06,1.006994485855102539e+00,1.085926080122590065e-03
2.455023669975522440e+06,1.007122516632080078e+00,1.085976720787584782e-03
2.455023690409515984e+06,1.008207321166992188e+00,1.086185919120907784e-03
2.455023710843408480e+06,1.007069826126098633e+00,1.085956348106265068e-03
2.455023731277300511e+06,1.006027221679687500e+00,1.085676252841949463e-03
2.455023751711192541e+06,1.004974007606506348e+00,1.085608382709324360e-03
2.455023772145084571e+06,1.007728099822998047e+00,1.086177071556448936e-03
2.455023792578975670e+06,1.008987784385681152e+00,1.086238422431051731e-03
2.455023813012766652e+06,1.008299589157104492e+00,1.086148200556635857e-03
2.455023833446757402e+06,1.006729364395141602e+00,1.085787545889616013e-03
2.455023853880648036e+06,1.008281111717224121e+00,1.086117350496351719e-03
2.455023874314438086e+06,1.008669137954711914e+00,1.086269156076014042e-03
2.455023894748427439e+06,1.011200904846191406e+00,1.086776726879179478e-03
2.455023915182317141e+06,1.009209036827087402e+00,1.086267293430864811e-03
2.455023935616106261e+06,1.009032011032104492e+00,1.086250762455165386e-03
2.455023956049995031e+06,1.009914994239807129e+00,1.086353207938373089e-03
2.455023976483983453e+06,1.011217832565307617e+00,1.086495467461645603e-03
2.455023996917771176e+06,1.011256575584411621e+00,1.086596748791635036e-03
2.455024017351659015e+06,1.009021878242492676e+00,1.086216652765870094e-03
2.455024058219433762e+06,1.011250138282775879e+00,1.086710253730416298e-03
2.455024078653320670e+06,1.010691165924072266e+00,1.086584525182843208e-03
2.455024099087207112e+06,1.011374592781066895e+00,1.086717122234404087e-03
2.455024119521193206e+06,1.013014435768127441e+00,1.087011187337338924e-03
2.455024139954979066e+06,1.012023448944091797e+00,1.086618285626173019e-03
2.455024160388864577e+06,1.011788368225097656e+00,1.086730277165770531e-03
2.455024180822849274e+06,1.014922618865966797e+00,1.087170210666954517e-03
2.455024201256634668e+06,1.013243079185485840e+00,1.086916076019406319e-03
2.455024221690518782e+06,1.012313127517700195e+00,1.086708856746554375e-03
2.455024242124402896e+06,1.012239933013916016e+00,1.086695701815187931e-03
2.455024262558287010e+06,1.013711690902709961e+00,1.087013515643775463e-03
2.455024282992170658e+06,1.012673377990722656e+00,1.086820149794220924e-03
2.455024303426053375e+06,1.014892101287841797e+00,1.087288721464574337e-03
2.455024323859936558e+06,1.013325691223144531e+00,1.086940756067633629e-03
2.455024344293819275e+06,1.012054324150085449e+00,1.086619566194713116e-03
2.455024364727701526e+06,1.012212038040161133e+00,1.086704549379646778e-03
2.455024385161483195e+06,1.011167168617248535e+00,1.086490112356841564e-03
2.455024405595464632e+06,1.013690114021301270e+00,1.086936914362013340e-03
2.455024426029345952e+06,1.012960672378540039e+00,1.086924690753221512e-03
2.455024446463126689e+06,1.013343930244445801e+00,1.086960430257022381e-03
2.455024466897107195e+06,1.013614296913146973e+00,1.087011885829269886e-03
2.455024487330987584e+06,1.013498544692993164e+00,1.086946344003081322e-03
2.455024507764767390e+06,1.012848615646362305e+00,1.086819218471646309e-03
2.455024528198647313e+06,1.012885093688964844e+00,1.086812117137014866e-03
2.455024548632626422e+06,1.013605594635009766e+00,1.086981385014951229e-03
2.455024569066505414e+06,1.012714385986328125e+00,1.086876611225306988e-03
2.455024589500283822e+06,1.011009454727172852e+00,1.086519681848585606e-03
2.455024609934262466e+06,1.010931968688964844e+00,1.086492207832634449e-03
2.455024630368140060e+06,1.011259675025939941e+00,1.086578355170786381e-03
2.455024650801918004e+06,1.011182069778442383e+00,1.086506177671253681e-03
2.455024671235795133e+06,1.011047720909118652e+00,1.086508273147046566e-03
2.455024691669771913e+06,1.012079238891601562e+00,1.086647389456629753e-03
2.455024712103548925e+06,1.009700059890747070e+00,1.086180680431425571e-03
2.455024732537425123e+06,1.009478211402893066e+00,1.086217700503766537e-03
2.455024752971401438e+06,1.012056469917297363e+00,1.086655305698513985e-03
2.455024773405177053e+06,1.010069131851196289e+00,1.086317235603928566e-03
2.455024793839052320e+06,1.007869482040405273e+00,1.085885451175272465e-03
2.455024814272927120e+06,1.009256601333618164e+00,1.086189411580562592e-03
2.455024834706902038e+06,1.007776141166687012e+00,1.085919560864567757e-03
2.455024855140676256e+06,1.009253859519958496e+00,1.086063450202345848e-03
2.455024875574550126e+06,1.008121252059936523e+00,1.085890573449432850e-03
2.455024916442297399e+06,1.008958220481872559e+00,1.086033298633992672e-03
2.455024936876170337e+06,1.010141968727111816e+00,1.086229924112558365e-03
2.455024957309943158e+06,1.007950544357299805e+00,1.085788127966225147e-03
2.455024977743915282e+06,1.008647918701171875e+00,1.085939700715243816e-03
2.455024998177787289e+06,1.008267998695373535e+00,1.085899304598569870e-03
2.455025018611659296e+06,1.008486390113830566e+00,1.085900934413075447e-03
2.455025039045530371e+06,1.006754875183105469e+00,1.085594180040061474e-03
2.455025059479401447e+06,1.006230831146240234e+00,1.085437485016882420e-03
2.455025079913272522e+06,1.008506178855895996e+00,1.085964730009436607e-03
2.455025100347043015e+06,1.003310918807983398e+00,1.084980089217424393e-03
2.455025120781012811e+06,1.001719117164611816e+00,1.084748073481023312e-03
2.455025141214882489e+06,1.004005432128906250e+00,1.085189986042678356e-03
2.455025161648652051e+06,1.005155682563781738e+00,1.085506402887403965e-03
2.455025182082621381e+06,1.000367045402526855e+00,1.084616174921393394e-03
2.455025202516489662e+06,1.002704381942749023e+00,1.085013966076076031e-03
2.455025222950258292e+06,1.002969384193420410e+00,1.085034105926752090e-03
2.455025243384126574e+06,1.000935316085815430e+00,1.084578922018408775e-03
2.455025263818094507e+06,9.991873502731323242e-01,1.084202202036976814e-03
2.455025284251861740e+06,1.000531077384948730e+00,1.084529096260666847e-03
2.455025304685729090e+06,1.002460122108459473e+00,1.084841322153806686e-03
2.455025325119595509e+06,1.000508785247802734e+00,1.084560411982238293e-03
2.455025345553562511e+06,9.988472461700439453e-01,1.084154821000993252e-03
2.455025365987328347e+06,1.002175211906433105e+00,1.084919553250074387e-03
2.455025386421194300e+06,9.979843497276306152e-01,1.084012328647077084e-03
2.455025406855059788e+06,9.992592334747314453e-01,1.084258896298706532e-03
2.455025427288924810e+06,9.971388578414916992e-01,1.083858776837587357e-03
2.455025447722789831e+06,9.973986744880676270e-01,1.083869370631873608e-03
2.455025468156654388e+06,9.975610375404357910e-01,1.083799870684742928e-03
2.455025488590518013e+06,9.983552694320678711e-01,1.083945389837026596e-03
2.455025509024281986e+06,9.968019723892211914e-01,1.083662267774343491e-03
2.455025529458245728e+06,9.977013468742370605e-01,1.083928509615361691e-03
2.455025549892108887e+06,9.962996244430541992e-01,1.083634328097105026e-03
2.455025570325971581e+06,9.966799020767211914e-01,1.083635143004357815e-03
2.455025590759734157e+06,9.967449903488159180e-01,1.083571929484605789e-03
2.455025611193696503e+06,9.947531819343566895e-01,1.083245966583490372e-03
2.455025631627558265e+06,9.949229955673217773e-01,1.083318958990275860e-03
2.455025652061319910e+06,9.920315146446228027e-01,1.082779723219573498e-03
2.455025672495180741e+06,9.945176243782043457e-01,1.083260169252753258e-03
2.455025692929142155e+06,9.927352070808410645e-01,1.082962378859519958e-03
2.455025713362902403e+06,9.914126992225646973e-01,1.082792645320296288e-03
2.455025733796762768e+06,9.914094805717468262e-01,1.082697999663650990e-03
2.455025754230722785e+06,9.902029633522033691e-01,1.082354458048939705e-03
2.455025774664482102e+06,9.908545613288879395e-01,1.082483911886811256e-03
2.455025795098341536e+06,9.900127649307250977e-01,1.082380651496350765e-03
2.455025815532200504e+06,9.907358884811401367e-01,1.082526869140565395e-03
2.455025835966058541e+06,9.906764626502990723e-01,1.082570292055606842e-03
2.455025856399917044e+06,9.889473915100097656e-01,1.082282746210694313e-03
2.455025876833775081e+06,9.886237382888793945e-01,1.082161674275994301e-03
2.455025897267732304e+06,9.880818724632263184e-01,1.081984257325530052e-03
2.455025917701489758e+06,9.863883256912231445e-01,1.081729307770729065e-03
2.455025938135346863e+06,9.874101877212524414e-01,1.081855851225554943e-03
2.455025958569103386e+06,9.884105324745178223e-01,1.082182046957314014e-03
2.455025979003059678e+06,9.865244030952453613e-01,1.081804512068629265e-03
2.455025999436915386e+06,9.858075976371765137e-01,1.081547467038035393e-03
2.455026019870671444e+06,9.857792854309082031e-01,1.081538968719542027e-03
2.455026040304626338e+06,9.863036870956420898e-01,1.081746886484324932e-03
2.455026060738481116e+06,9.856591820716857910e-01,1.081620808690786362e-03
2.455026081172335893e+06,9.846009612083435059e-01,1.081298221834003925e-03
2.455026101606090087e+06,9.842597246170043945e-01,1.081304973922669888e-03
2.455026122040044051e+06,9.854055643081665039e-01,1.081470516510307789e-03
2.455026142473897897e+06,9.814727306365966797e-01,1.080818707123398781e-03
2.455026162907651160e+06,9.822611808776855469e-01,1.080836169421672821e-03
2.455026183341604192e+06,9.820151925086975098e-01,1.080853282473981380e-03
2.455026203775456641e+06,9.818934798240661621e-01,1.080853515304625034e-03
2.455026224209208973e+06,9.821339249610900879e-01,1.080828136764466763e-03
2.455026244643060956e+06,9.808924794197082520e-01,1.080502406693994999e-03
2.455026265077012591e+06,9.798491597175598145e-01,1.080409274436533451e-03
2.455026285510763992e+06,9.839122891426086426e-01,1.081093098036944866e-03
2.455026305944615044e+06,9.804391860961914062e-01,1.080401474609971046e-03
2.455026326378565747e+06,9.825007319450378418e-01,1.080779475159943104e-03
2.455026346812415868e+06,9.833207130432128906e-01,1.080990419723093510e-03
2.455026367246165872e+06,9.813656806945800781e-01,1.080440706573426723e-03
2.455026387680015527e+06,9.811837673187255859e-01,1.080669811926782131e-03
2.455026408113964833e+06,9.830433130264282227e-01,1.081065740436315536e-03
2.455026428547713906e+06,9.806143641471862793e-01,1.080501941032707691e-03
2.455026448981562629e+06,9.788275957107543945e-01,1.080215559341013432e-03
2.455026469415511005e+06,9.793263673782348633e-01,1.080271205864846706e-03
2.455026489849259146e+06,9.797788858413696289e-01,1.080305548384785652e-03
2.455026510283106472e+06,9.800186157226562500e-01,1.080242451280355453e-03
2.455026530716854148e+06,9.819515943527221680e-01,1.080647925846278667e-03
2.455026551150801126e+06,9.822641611099243164e-01,1.080646645277738571e-03
2.455026571584647521e+06,9.815399646759033203e-01,1.080597401596605778e-03
2.455026592018493917e+06,9.835497736930847168e-01,1.080901245586574078e-03
2.455026612452239729e+06,9.822092056274414062e-01,1.080545480363070965e-03
2.455026632886185776e+06,9.794812202453613281e-01,1.080100890249013901e-03
2.455026653320030775e+06,9.792754650115966797e-01,1.080091344192624092e-03
2.455026673753776122e+06,9.808024168014526367e-01,1.080341753549873829e-03
2.455026694187720772e+06,9.792408943176269531e-01,1.080117770470678806e-03
2.455026714621565305e+06,9.805654883384704590e-01,1.080239890143275261e-03
2.455026735055309255e+06,9.816952347755432129e-01,1.080604852177202702e-03
2.455026755489152856e+06,9.810987710952758789e-01,1.080442918464541435e-03
2.455026775923096109e+06,9.818118810653686523e-01,1.080620917491614819e-03
2.455026796356839128e+06,9.810575842857360840e-01,1.080382266081869602e-03
2.455026816790682264e+06,9.779956340789794922e-01,1.079795532859861851e-03
2.455026837224624585e+06,9.805382490158081055e-01,1.080133253708481789e-03
2.455026857658466324e+06,9.820113182067871094e-01,1.080563641153275967e-03
2.455026878092208412e+06,9.839168190956115723e-01,1.080986927263438702e-03
2.455026898526049685e+06,9.837837219238281250e-01,1.080795074813067913e-03
2.455026918959990609e+06,9.849921464920043945e-01,1.081060036085546017e-03
2.455026939393731300e+06,9.837205410003662109e-01,1.080831163562834263e-03
2.455026959827571642e+06,9.838962554931640625e-01,1.080899848602712154e-03
2.455026980261511635e+06,9.854577183723449707e-01,1.081087742932140827e-03
2.455027000695251860e+06,9.870056509971618652e-01,1.081463298760354519e-03
2.455027041562930215e+06,9.876966476440429688e-01,1.081524649634957314e-03
2.455027061996768694e+06,9.854213595390319824e-01,1.081046415492892265e-03
2.455027082430607174e+06,9.870936870574951172e-01,1.081432099454104900e-03
2.455027102864445187e+06,9.878646135330200195e-01,1.081518246792256832e-03
2.455027123298283201e+06,9.872614145278930664e-01,1.081331749446690083e-03
2.455027143732120749e+06,9.880194664001464844e-01,1.081597292795777321e-03
2.455027164165957365e+06,9.863060712814331055e-01,1.081197871826589108e-03
2.455027184599694330e+06,9.903702139854431152e-01,1.082088681869208813e-03
2.455027205033630598e+06,9.902166128158569336e-01,1.082032453268766403e-03
2.455027225467466749e+06,9.888678193092346191e-01,1.081613823771476746e-03
2.455027245901202783e+06,9.883636832237243652e-01,1.081499271094799042e-03
2.455027266335138120e+06,9.921655654907226562e-01,1.082284376025199890e-03
2.455027286768973339e+06,9.909159541130065918e-01,1.082024653442203999e-03
2.455027307202808093e+06,9.916945099830627441e-01,1.082185655832290649e-03
2.455027327636542264e+06,9.918634891510009766e-01,1.082190894521772861e-03
2.455027348070476204e+06,9.924440979957580566e-01,1.082298927940428257e-03
2.455027368504310027e+06,9.924064278602600098e-01,1.082266098819673061e-03
2.455027388938043732e+06,9.956455230712890625e-01,1.082896371372044086e-03
2.455027409371976741e+06,9.940744042396545410e-01,1.082654111087322235e-03
2.455027429805809632e+06,9.956862330436706543e-01,1.082795322872698307e-03
2.455027450239541940e+06,9.953885674476623535e-01,1.082927221432328224e-03
2.455027470673373900e+06,9.961721897125244141e-01,1.083028037101030350e-03
2.455027491107305512e+06,9.976788759231567383e-01,1.083393814042210579e-03
2.455027511541036889e+06,9.977663755416870117e-01,1.083323848433792591e-03
2.455027531974868383e+06,9.990288019180297852e-01,1.083460985682904720e-03
2.455027552408799063e+06,9.975166320800781250e-01,1.083205686882138252e-03
2.455027572842529509e+06,9.974860548973083496e-01,1.083416980691254139e-03
2.455027593276359607e+06,1.000269770622253418e+00,1.083904993720352650e-03
2.455027613710189238e+06,1.001183271408081055e+00,1.084050047211349010e-03
2.455027634144018870e+06,1.000747323036193848e+00,1.083984272554516792e-03
2.455027654577848036e+06,1.003823995590209961e+00,1.084617339074611664e-03
2.455027675011676736e+06,1.014937162399291992e+00,1.086708274669945240e-03
2.455027695445605554e+06,1.010776519775390625e+00,1.085909781977534294e-03
2.455027715879333206e+06,1.006383180618286133e+00,1.085118390619754791e-03
2.455027736313161440e+06,1.005367875099182129e+00,1.084917341358959675e-03
2.455027756746888626e+06,1.001890540122985840e+00,1.084274146705865860e-03
2.455027777180815581e+06,1.001374483108520508e+00,1.084229210391640663e-03
2.455027797614642419e+06,1.003300189971923828e+00,1.084505231119692326e-03
2.455027818048469257e+06,1.004879593849182129e+00,1.084810937754809856e-03
2.455027838482295163e+06,1.004343986511230469e+00,1.084745978005230427e-03
2.455027858916121069e+06,1.005352616310119629e+00,1.084964955225586891e-03
2.455027879349946510e+06,1.007888317108154297e+00,1.085285446606576443e-03
2.455027899783671368e+06,1.008053064346313477e+00,1.085397670976817608e-03
2.455027920217596460e+06,1.007977724075317383e+00,1.085474737919867039e-03
2.455027940651420970e+06,1.006794452667236328e+00,1.085234223864972591e-03
2.455027961085144896e+06,1.007914900779724121e+00,1.085349824279546738e-03
2.455027981519068591e+06,1.010357022285461426e+00,1.085852272808551788e-03
