2.456518800651666243e+06,9.987183809280395508e-01,1.352706807665526867e-03
2.456518802040572278e+06,9.990825653076171875e-01,1.352576073259115219e-03
2.456518803429478314e+06,1.000058650970458984e+00,1.353236613795161247e-03
2.456518804818383884e+06,9.985759258270263672e-01,1.352895982563495636e-03
2.456518806207289919e+06,9.987722635269165039e-01,1.352776307612657547e-03
2.456518807596195955e+06,1.001053452491760254e+00,1.354468869976699352e-03
2.456518808985101990e+06,1.000559806823730469e+00,1.355191227048635483e-03
2.456518810374008026e+06,1.000500559806823730e+00,1.353101455606520176e-03
2.456518811762914062e+06,1.001072168350219727e+00,1.355105312541127205e-03
2.456518813151820097e+06,1.000714302062988281e+00,1.353173167444765568e-03
2.456518814540726133e+06,1.001199483871459961e+00,1.353925210423767567e-03
2.456518815929632168e+06,9.984706044197082520e-01,1.351787592284381390e-03
2.456518817318538204e+06,1.002180337905883789e+00,1.354678999632596970e-03
2.456518818707444239e+06,1.000063061714172363e+00,1.353311468847095966e-03
2.456518820096349809e+06,9.976200461387634277e-01,1.352683408185839653e-03
2.456518821485255845e+06,1.000471234321594238e+00,1.353230676613748074e-03
2.456518822874161880e+06,1.000812888145446777e+00,1.355853746645152569e-03
2.456518824263067916e+06,9.999223947525024414e-01,1.353580155409872532e-03
2.456518825651973952e+06,1.001413702964782715e+00,1.354091451503336430e-03
2.456518827040879522e+06,9.993491172790527344e-01,1.352721126750111580e-03
2.456518828429785557e+06,1.000677347183227539e+00,1.352940918877720833e-03
2.456518829818691593e+06,1.001181006431579590e+00,1.353376545011997223e-03
2.456518831207597628e+06,1.001105070114135742e+00,1.353028696030378342e-03
2.456518832596503664e+06,1.001448273658752441e+00,1.354470499791204929e-03
2.456518833985409699e+06,1.002635955810546875e+00,1.354004256427288055e-03
2.456518835374315735e+06,9.996470808982849121e-01,1.352943945676088333e-03
2.456518836763221305e+06,1.003258109092712402e+00,1.354522537440061569e-03
2.456518838152127340e+06,1.001128196716308594e+00,1.353216357529163361e-03
2.456518839541033376e+06,1.003887295722961426e+00,1.354983425699174404e-03
2.456518840929939412e+06,1.001052737236022949e+00,1.354611595161259174e-03
2.456518842318845447e+06,1.001450061798095703e+00,1.353878178633749485e-03
2.456518843707751483e+06,1.000534534454345703e+00,1.353914733044803143e-03
2.456518845096657518e+06,1.000778436660766602e+00,1.353216706775128841e-03
2.456518846485563554e+06,1.001086354255676270e+00,1.354504493065178394e-03
2.456518847874469589e+06,1.000275373458862305e+00,1.354560256004333496e-03
2.456518849263375159e+06,1.001719355583190918e+00,1.354678417555987835e-03
2.456518850652281195e+06,1.004153847694396973e+00,1.357853063382208347e-03
2.456518852041187230e+06,1.001456141471862793e+00,1.353287720121443272e-03
2.456518853430093266e+06,1.002128720283508301e+00,1.354574109427630901e-03
2.456518854818999302e+06,1.002612709999084473e+00,1.353706349618732929e-03
2.456518856207905337e+06,1.001211643218994141e+00,1.353400177322328091e-03
2.456518857596810907e+06,9.993541836738586426e-01,1.352869556285440922e-03
2.456518858985716943e+06,1.002297401428222656e+00,1.355855492874979973e-03
2.456518860374622978e+06,1.000678777694702148e+00,1.353322062641382217e-03
2.456518861763529014e+06,1.004110097885131836e+00,1.355500309728085995e-03
2.456518863152435049e+06,1.003297090530395508e+00,1.355120097286999226e-03
2.456518864541340619e+06,1.002254605293273926e+00,1.356033724732697010e-03
2.456518865930246655e+06,1.001031994819641113e+00,1.353048952296376228e-03
2.456518867319152690e+06,1.000594377517700195e+00,1.356296939775347710e-03
2.456518868708058726e+06,1.003112912178039551e+00,1.354809501208364964e-03
2.456518870096964762e+06,1.003489732742309570e+00,1.355663524009287357e-03
2.456518871485870332e+06,1.004264593124389648e+00,1.354854903183877468e-03
2.456518872874776367e+06,1.002167105674743652e+00,1.354733365587890148e-03
2.456518874263682403e+06,1.006237626075744629e+00,1.355466549284756184e-03
2.456518875652588438e+06,1.002673149108886719e+00,1.355717075057327747e-03
2.456518877041494474e+06,1.002510428428649902e+00,1.357065862976014614e-03
2.456518878430400509e+06,1.002984523773193359e+00,1.356987864710390568e-03
2.456518879819306079e+06,1.003231763839721680e+00,1.354780746623873711e-03
2.456518881208212115e+06,1.004114627838134766e+00,1.356105203740298748e-03
2.456518882597118150e+06,1.001850843429565430e+00,1.353342668153345585e-03
2.456518883986024186e+06,1.004876494407653809e+00,1.355207525193691254e-03
2.456518885374930222e+06,1.002938032150268555e+00,1.354895997792482376e-03
2.456518886763835791e+06,1.004573583602905273e+00,1.354088657535612583e-03
2.456518888152741827e+06,1.005745530128479004e+00,1.355239655822515488e-03
2.456518889541647863e+06,1.003358602523803711e+00,1.355374464765191078e-03
2.456518890930553898e+06,1.006926298141479492e+00,1.358428387902677059e-03
2.456518892319459934e+06,1.006220936775207520e+00,1.357132103294134140e-03
2.456518893708365504e+06,1.003981232643127441e+00,1.358708250336349010e-03
2.456518895097271539e+06,1.005137920379638672e+00,1.354840816929936409e-03
2.456518896486177575e+06,1.006080150604248047e+00,1.355775748379528522e-03
2.456518897875083610e+06,1.005705237388610840e+00,1.356064574792981148e-03
2.456518899263989646e+06,1.003456473350524902e+00,1.355404150672256947e-03
2.456518900652895682e+06,1.004585623741149902e+00,1.355079817585647106e-03
2.456518902041801251e+06,1.002390742301940918e+00,1.354509266093373299e-03
2.456518903430707287e+06,1.004023313522338867e+00,1.355080516077578068e-03
2.456518904819613323e+06,1.006911396980285645e+00,1.355653977952897549e-03
2.456518906208519358e+06,1.005661010742187500e+00,1.357276225462555885e-03
2.456518907597425394e+06,1.005994319915771484e+00,1.355927088297903538e-03
2.456518908986330964e+06,1.005335569381713867e+00,1.355711487121880054e-03
2.456518910375236999e+06,1.005935788154602051e+00,1.357677276246249676e-03
2.456518911764143035e+06,1.005225539207458496e+00,1.357364235445857048e-03
2.456518913153049070e+06,1.005407452583312988e+00,1.355913700535893440e-03
2.456518914541955106e+06,1.008867859840393066e+00,1.358744339086115360e-03
2.456518915930860676e+06,1.005339860916137695e+00,1.356141758151352406e-03
2.456518917319766711e+06,1.007973551750183105e+00,1.357767032459378242e-03
2.456518918708672747e+06,1.005678176879882812e+00,1.355585292913019657e-03
2.456518920097578783e+06,1.006010770797729492e+00,1.356050022877752781e-03
2.456518921486484818e+06,1.003987550735473633e+00,1.357654109597206116e-03
2.456518922875390854e+06,1.006152629852294922e+00,1.355792279355227947e-03
2.456518924264296424e+06,1.006241559982299805e+00,1.355563290417194366e-03
2.456518925653202459e+06,1.004607915878295898e+00,1.354729873128235340e-03
2.456518927042108495e+06,1.005700469017028809e+00,1.355724758468568325e-03
2.456518928431014530e+06,1.005220055580139160e+00,1.354724634438753128e-03
2.456518929819920100e+06,1.005123376846313477e+00,1.355129410512745380e-03
2.456518931208826136e+06,1.005071401596069336e+00,1.356739085167646408e-03
2.456518932597732171e+06,1.001880407333374023e+00,1.353992265649139881e-03
2.456518933986638207e+06,1.005197882652282715e+00,1.355287618935108185e-03
2.456518935375543777e+06,1.004176020622253418e+00,1.354209613054990768e-03
2.456518936764449812e+06,1.004771113395690918e+00,1.354475854896008968e-03
2.456518938153355848e+06,1.008136510848999023e+00,1.356319175101816654e-03
2.456518939542261884e+06,1.007575154304504395e+00,1.355418469756841660e-03
2.456518940931167454e+06,1.005817532539367676e+00,1.355182030238211155e-03
2.456518942320073489e+06,1.004228234291076660e+00,1.354117761366069317e-03
2.456518943708979525e+06,1.003844618797302246e+00,1.354087376967072487e-03
2.456518945097885560e+06,1.007421970367431641e+00,1.356177497655153275e-03
2.456518946486791130e+06,1.006432056427001953e+00,1.356070861220359802e-03
2.456518947875697166e+06,1.005527734756469727e+00,1.354797394014894962e-03
2.456518949264603201e+06,1.006145119667053223e+00,1.354875625111162663e-03
2.456518950653509237e+06,1.007824540138244629e+00,1.355831511318683624e-03
2.456518952042415272e+06,1.004768490791320801e+00,1.354001578874886036e-03
2.456518953431320842e+06,1.005151629447937012e+00,1.354348729364573956e-03
2.456518954820226878e+06,1.003302216529846191e+00,1.353868748992681503e-03
2.456518956209132914e+06,1.006661772727966309e+00,1.354312174953520298e-03
2.456518957598038949e+06,1.005432486534118652e+00,1.354661770164966583e-03
2.456518958986944985e+06,1.006031274795532227e+00,1.355329994112253189e-03
2.456518960375850555e+06,1.004859328269958496e+00,1.353533123619854450e-03
2.456518961764756590e+06,1.004939079284667969e+00,1.355112879537045956e-03
2.456518963153662626e+06,1.006365180015563965e+00,1.355524524115025997e-03
2.456518964542568661e+06,1.006628870964050293e+00,1.355414278805255890e-03
2.456518965931474231e+06,1.004151940345764160e+00,1.353228697553277016e-03
2.456518967320380267e+06,1.004842042922973633e+00,1.352964551188051701e-03
2.456518968709286302e+06,1.006878733634948730e+00,1.355360378511250019e-03
2.456518970098191872e+06,1.003304839134216309e+00,1.353524508886039257e-03
2.456518971487097908e+06,1.005208849906921387e+00,1.354064675979316235e-03
2.456518972876003943e+06,1.003532886505126953e+00,1.354198204353451729e-03
2.456518974264909979e+06,1.005694389343261719e+00,1.354829990305006504e-03
2.456518975653815549e+06,1.007256507873535156e+00,1.354520907625555992e-03
2.456518977042721584e+06,1.006222963333129883e+00,1.354340347461402416e-03
2.456518978431627620e+06,1.006434798240661621e+00,1.355882151983678341e-03
2.456518979820533656e+06,1.005852341651916504e+00,1.355698797851800919e-03
2.456518981209439691e+06,1.007266044616699219e+00,1.354618929326534271e-03
2.456518982598345261e+06,1.004000306129455566e+00,1.353137311525642872e-03
2.456518983987251297e+06,1.004641652107238770e+00,1.353625790216028690e-03
2.456518985376157332e+06,1.002563595771789551e+00,1.352385384961962700e-03
2.456518986765062902e+06,1.003401994705200195e+00,1.354560023173689842e-03
2.456518988153968938e+06,1.004900574684143066e+00,1.353611354716122150e-03
2.456518989542874973e+06,1.006009578704833984e+00,1.356018357910215855e-03
2.456518990931780543e+06,1.004926562309265137e+00,1.353775965981185436e-03
2.456518992320686579e+06,1.003964185714721680e+00,1.352782477624714375e-03
2.456518993709592614e+06,1.005775690078735352e+00,1.353963976725935936e-03
2.456518995098498650e+06,1.006060242652893066e+00,1.354356878437101841e-03
2.456518996487404685e+06,1.003437995910644531e+00,1.352964784018695354e-03
2.456518997876310255e+06,1.002999067306518555e+00,1.351658022031188011e-03
2.456518999265216291e+06,1.005113244056701660e+00,1.354416366666555405e-03
2.456519000654122327e+06,1.005421757698059082e+00,1.352891675196588039e-03
2.456519002043028362e+06,1.003757119178771973e+00,1.351390965282917023e-03
2.456519003431933932e+06,1.004165887832641602e+00,1.351965242065489292e-03
2.456519004820839968e+06,1.004792809486389160e+00,1.353383064270019531e-03
2.456519006209746003e+06,1.001951932907104492e+00,1.351521350443363190e-03
2.456519007598651573e+06,1.002879977226257324e+00,1.351696322672069073e-03
2.456519008987557609e+06,1.005753517150878906e+00,1.352704595774412155e-03
2.456519010376463644e+06,1.001551151275634766e+00,1.350897713564336300e-03
2.456519011765369680e+06,1.002912163734436035e+00,1.353081315755844116e-03
2.456519013154275250e+06,1.002820968627929688e+00,1.352530322037637234e-03
2.456519014543181285e+06,1.007055997848510742e+00,1.355019630864262581e-03
2.456519015932087321e+06,1.003889083862304688e+00,1.352535560727119446e-03
2.456519017320993356e+06,1.003760814666748047e+00,1.352277817204594612e-03
2.456519018709898926e+06,1.001710772514343262e+00,1.351097016595304012e-03
2.456519020098804962e+06,1.002367138862609863e+00,1.354225329123437405e-03
2.456519021487710532e+06,1.004283070564270020e+00,1.353769213892519474e-03
2.456519022876616567e+06,1.002222895622253418e+00,1.351677929051220417e-03
2.456519024265522603e+06,1.005803346633911133e+00,1.353269559331238270e-03
2.456519025654428639e+06,1.006296277046203613e+00,1.353533472865819931e-03
2.456519027043334208e+06,1.005792379379272461e+00,1.352674094960093498e-03
2.456519028432240244e+06,1.070200204849243164e+00,1.381181995384395123e-03
2.456519029821146280e+06,1.048319339752197266e+00,1.371938968077301979e-03
2.456519031210052315e+06,1.042245626449584961e+00,1.372017432004213333e-03
2.456519032598957885e+06,1.051903963088989258e+00,1.373954233713448048e-03
2.456519033987863921e+06,1.041115283966064453e+00,1.370747922919690609e-03
2.456519035376769956e+06,1.031659722328186035e+00,1.364737981930375099e-03
2.456519036765675526e+06,1.028697490692138672e+00,1.366468146443367004e-03
2.456519038154581562e+06,1.021230101585388184e+00,1.361081725917756557e-03
2.456519039543487597e+06,1.015726089477539062e+00,1.358632231131196022e-03
2.456519040932393633e+06,1.015436887741088867e+00,1.358248526230454445e-03
2.456519042321299203e+06,1.013834595680236816e+00,1.356716384179890156e-03
2.456519043710205238e+06,1.012898206710815430e+00,1.358214183710515499e-03
2.456519045099111274e+06,1.010523319244384766e+00,1.355843967758119106e-03
2.456519046488016844e+06,1.006259799003601074e+00,1.353368163108825684e-03
2.456519047876922879e+06,1.006430983543395996e+00,1.354554202407598495e-03
2.456519049265828449e+06,1.005389690399169922e+00,1.352324034087359905e-03
2.456519050654734485e+06,1.005806803703308105e+00,1.353041152469813824e-03
2.456519052043640520e+06,1.005269169807434082e+00,1.353691215626895428e-03
2.456519053432546556e+06,1.007090091705322266e+00,1.354705542325973511e-03
2.456519054821452592e+06,1.005264282226562500e+00,1.353212748654186726e-03
2.456519056210358161e+06,1.002750635147094727e+00,1.352490857243537903e-03
2.456519057599264197e+06,1.003163218498229980e+00,1.350662205368280411e-03
2.456519058988169767e+06,1.001689791679382324e+00,1.350522623397409916e-03
2.456519060377075803e+06,1.002205133438110352e+00,1.352696097455918789e-03
2.456519061765981838e+06,1.003145933151245117e+00,1.352085499092936516e-03
2.456519063154887874e+06,1.002580642700195312e+00,1.351080369204282761e-03
2.456519064543793444e+06,1.001758456230163574e+00,1.351534388959407806e-03
2.456519065932699479e+06,1.000115394592285156e+00,1.351123559288680553e-03
2.456519067321605515e+06,1.003748059272766113e+00,1.353655359707772732e-03
2.456519068710511085e+06,1.001596450805664062e+00,1.351932995021343231e-03
2.456519070099417120e+06,9.990414381027221680e-01,1.350048580206930637e-03
2.456519071488322690e+06,1.000162243843078613e+00,1.350280246697366238e-03
2.456519072877228726e+06,1.000017166137695312e+00,1.350226229988038540e-03
2.456519074266134761e+06,1.001299262046813965e+00,1.351459999568760395e-03
2.456519075655040797e+06,9.990307092666625977e-01,1.350305043160915375e-03
2.456519077043946367e+06,1.000938892364501953e+00,1.351499697193503380e-03
2.456519078432852402e+06,9.991736412048339844e-01,1.350011909380555153e-03
2.456519079821757972e+06,9.997682571411132812e-01,1.349900034256279469e-03
2.456519081210664008e+06,9.996550083160400391e-01,1.350262900814414024e-03
2.456519082599570043e+06,9.985963106155395508e-01,1.351861283183097839e-03
2.456519083988476079e+06,9.981040954589843750e-01,1.349493395537137985e-03
2.456519085377382115e+06,9.978229999542236328e-01,1.349722384475171566e-03
2.456519086766287684e+06,1.000484228134155273e+00,1.350722857750952244e-03
2.456519088155193720e+06,9.992621541023254395e-01,1.350758830085396767e-03
2.456519089544099290e+06,9.977247714996337891e-01,1.349038211628794670e-03
2.456519090933005325e+06,9.977862834930419922e-01,1.350154168903827667e-03
2.456519092321911361e+06,9.985471963882446289e-01,1.350190141238272190e-03
2.456519093710816931e+06,1.000292420387268066e+00,1.351031707599759102e-03
2.456519095099722967e+06,9.980229735374450684e-01,1.348901540040969849e-03
2.456519096488629002e+06,9.998348355293273926e-01,1.350805396214127541e-03
2.456519097877534572e+06,9.975947737693786621e-01,1.352602150291204453e-03
2.456519099266440608e+06,9.962629675865173340e-01,1.349662314169108868e-03
2.456519100655346643e+06,9.981132745742797852e-01,1.350286765955388546e-03
2.456519102044252213e+06,9.946441650390625000e-01,1.348693156614899635e-03
2.456519103433158249e+06,9.954810142517089844e-01,1.349519938230514526e-03
2.456519104822064284e+06,9.959760308265686035e-01,1.349621103145182133e-03
2.456519106210969854e+06,9.978960156440734863e-01,1.350767095573246479e-03
2.456519107599875890e+06,9.972571134567260742e-01,1.349926227703690529e-03
2.456519108988781460e+06,9.973205924034118652e-01,1.349946833215653896e-03
2.456519110377687495e+06,9.959747195243835449e-01,1.350287348031997681e-03
2.456519111766593531e+06,9.996508955955505371e-01,1.351617276668548584e-03
2.456519113155499566e+06,9.963781833648681641e-01,1.350575592368841171e-03
2.456519114544405136e+06,9.958106875419616699e-01,1.350116333924233913e-03
2.456519115933310706e+06,9.960604906082153320e-01,1.348392339423298836e-03
2.456519117322216742e+06,9.953481554985046387e-01,1.348891295492649078e-03
2.456519118711122777e+06,9.946215152740478516e-01,1.348583027720451355e-03
2.456519120100028813e+06,9.992659687995910645e-01,1.351385959424078465e-03
2.456519121488934383e+06,9.956693649291992188e-01,1.349844736978411674e-03
2.456519122877840418e+06,9.942120313644409180e-01,1.348111545667052269e-03
2.456519124266745988e+06,9.947019815444946289e-01,1.349557656794786453e-03
2.456519125655652024e+06,9.967024922370910645e-01,1.352249528281390667e-03
2.456519127044558059e+06,9.967148900032043457e-01,1.350528094917535782e-03
2.456519128433464095e+06,9.941367506980895996e-01,1.347739598713815212e-03
2.456519129822369665e+06,9.984205961227416992e-01,1.350535196252167225e-03
2.456519131211275700e+06,9.967322945594787598e-01,1.349910278804600239e-03
2.456519132600181270e+06,9.965680241584777832e-01,1.351136481389403343e-03
2.456519133989087306e+06,9.959462285041809082e-01,1.348749152384698391e-03
2.456519135377993342e+06,9.959279298782348633e-01,1.350069302134215832e-03
2.456519136766898911e+06,9.949418306350708008e-01,1.348623074591159821e-03
2.456519138155804947e+06,9.957119226455688477e-01,1.349930651485919952e-03
2.456519139544710517e+06,9.978158473968505859e-01,1.350595615804195404e-03
2.456519140933616553e+06,9.950460195541381836e-01,1.348751946352422237e-03
2.456519142322522588e+06,9.994436502456665039e-01,1.352881896309554577e-03
2.456519143711428624e+06,9.972521066665649414e-01,1.351085840724408627e-03
2.456519145100334194e+06,9.939140677452087402e-01,1.349447295069694519e-03
2.456519146489239763e+06,9.977604746818542480e-01,1.350922044366598129e-03
2.456519147878145799e+06,9.956986904144287109e-01,1.350386533886194229e-03
2.456519149267051835e+06,9.976184368133544922e-01,1.350930542685091496e-03
2.456519150655957870e+06,9.956676363945007324e-01,1.349923899397253990e-03
2.456519152044863440e+06,9.965274333953857422e-01,1.348395366221666336e-03
2.456519153433769476e+06,9.957835674285888672e-01,1.349337748251855373e-03
2.456519154822675046e+06,9.959217905998229980e-01,1.350815407931804657e-03
2.456519156211581081e+06,9.978330731391906738e-01,1.351405284367501736e-03
2.456519157600487117e+06,9.971114993095397949e-01,1.351511571556329727e-03
2.456519158989392687e+06,9.975840449333190918e-01,1.351449638605117798e-03
2.456519160378298722e+06,9.975233078002929688e-01,1.351241138763725758e-03
2.456519161767204292e+06,9.967767000198364258e-01,1.350835780613124371e-03
2.456519163156110328e+06,9.960451722145080566e-01,1.350541366264224052e-03
2.456519164545016363e+06,9.969527125358581543e-01,1.352057908661663532e-03
2.456519165933921933e+06,9.952395558357238770e-01,1.350303180515766144e-03
2.456519167322827969e+06,9.969119429588317871e-01,1.352031598798930645e-03
2.456519168711733539e+06,9.965283274650573730e-01,1.350383856333792210e-03
2.456519170100639574e+06,9.980233311653137207e-01,1.351246959529817104e-03
2.456519171489545610e+06,9.978663325309753418e-01,1.351213082671165466e-03
2.456519172878451180e+06,9.934407472610473633e-01,1.349521102383732796e-03
2.456519174267357215e+06,9.977619051933288574e-01,1.352002378553152084e-03
2.456519175656262785e+06,9.984661936759948730e-01,1.352204824797809124e-03
2.456519177045168821e+06,9.968765974044799805e-01,1.351392362266778946e-03
2.456519178434074856e+06,9.956861138343811035e-01,1.350999576970934868e-03
2.456519179822980426e+06,9.954727292060852051e-01,1.350614591501653194e-03
2.456519181211886462e+06,9.989736676216125488e-01,1.352436142042279243e-03
2.456519182600792032e+06,9.973037838935852051e-01,1.350854756310582161e-03
2.456519183989698067e+06,9.946464896202087402e-01,1.350697944872081280e-03
2.456519185378604103e+06,9.973796010017395020e-01,1.351737999357283115e-03
2.456519186767509673e+06,9.992498755455017090e-01,1.352457795292139053e-03
2.456519188156415708e+06,9.986065626144409180e-01,1.352600054815411568e-03
2.456519189545321744e+06,9.980493783950805664e-01,1.352187711745500565e-03
2.456519190934227314e+06,9.961937665939331055e-01,1.352541847154498100e-03
2.456519192323132884e+06,9.955746531486511230e-01,1.351034967228770256e-03
2.456519193712038919e+06,9.970710277557373047e-01,1.351161859929561615e-03
2.456519195100944955e+06,9.961537122726440430e-01,1.352145685814321041e-03
2.456519196489850990e+06,9.972743988037109375e-01,1.351276412606239319e-03
2.456519197878756560e+06,9.991101622581481934e-01,1.351819839328527451e-03
2.456519199267662130e+06,9.979317188262939453e-01,1.351920654997229576e-03
2.456519200656568166e+06,9.973592162132263184e-01,1.352602033875882626e-03
2.456519202045474201e+06,9.970967769622802734e-01,1.353193190880119801e-03
2.456519203434379771e+06,9.973082542419433594e-01,1.351451384834945202e-03
2.456519204823285807e+06,9.974174499511718750e-01,1.352232648059725761e-03
2.456519206212191377e+06,9.980257153511047363e-01,1.352703315205872059e-03
2.456519207601097412e+06,9.972265362739562988e-01,1.352363615296781063e-03
2.456519208990003448e+06,9.956215620040893555e-01,1.351128565147519112e-03
2.456519210378909018e+06,9.974619150161743164e-01,1.353294588625431061e-03
2.456519211767815053e+06,9.980557560920715332e-01,1.352099818177521229e-03
2.456519213156720623e+06,9.976695179939270020e-01,1.352422754280269146e-03
2.456519214545626659e+06,9.993390440940856934e-01,1.351615646854043007e-03
2.456519215934532229e+06,9.971130490303039551e-01,1.351288519799709320e-03
2.456519217323438264e+06,9.992077946662902832e-01,1.355735235847532749e-03
2.456519218712344300e+06,9.972500205039978027e-01,1.351519371382892132e-03
2.456519220101249870e+06,9.995942711830139160e-01,1.350833801552653313e-03
2.456519221490155905e+06,9.987123608589172363e-01,1.352899591438472271e-03
2.456519222879061475e+06,9.980173707008361816e-01,1.352865830995142460e-03
2.456519224267967511e+06,9.959131479263305664e-01,1.350757433101534843e-03
2.456519225656873547e+06,9.978096485137939453e-01,1.351097715087234974e-03
2.456519227045779116e+06,9.967446923255920410e-01,1.352342776954174042e-03
2.456519228434684686e+06,9.993284940719604492e-01,1.351858605630695820e-03
2.456519229823590722e+06,9.975873827934265137e-01,1.351401093415915966e-03
2.456519231212496758e+06,9.979308247566223145e-01,1.351721351966261864e-03
2.456519232601402327e+06,9.981433153152465820e-01,1.352461171336472034e-03
2.456519233990308363e+06,1.000379681587219238e+00,1.352041726931929588e-03
2.456519235379213933e+06,9.961694478988647461e-01,1.352524850517511368e-03
2.456519236768119968e+06,9.955872297286987305e-01,1.350767211988568306e-03
2.456519238157025538e+06,9.985427260398864746e-01,1.352800405584275723e-03
2.456519239545931574e+06,9.983119964599609375e-01,1.351446844637393951e-03
2.456519240934837610e+06,9.998167157173156738e-01,1.352391089312732220e-03
2.456519242323743179e+06,9.995254874229431152e-01,1.352346967905759811e-03
2.456519243712648749e+06,9.996342062950134277e-01,1.352857914753258228e-03
2.456519245101554785e+06,9.968586564064025879e-01,1.350643928162753582e-03
2.456519246490460820e+06,9.974679350852966309e-01,1.350689213722944260e-03
2.456519247879366390e+06,9.983140230178833008e-01,1.350080128759145737e-03
2.456519249268272426e+06,9.997567534446716309e-01,1.352295395918190479e-03
2.456519250657177996e+06,9.953880906105041504e-01,1.349522382952272892e-03
2.456519252046084031e+06,9.968068003654479980e-01,1.351491198875010014e-03
2.456519253434989601e+06,9.966330528259277344e-01,1.350451260805130005e-03
2.456519254823895637e+06,9.974493980407714844e-01,1.352248247712850571e-03
2.456519256212801673e+06,9.977391958236694336e-01,1.350645907223224640e-03
2.456519257601707242e+06,9.997726082801818848e-01,1.352578401565551758e-03
2.456519258990613278e+06,9.992813467979431152e-01,1.354009611532092094e-03
2.456519260379518848e+06,9.964195489883422852e-01,1.350043923594057560e-03
2.456519261768424883e+06,9.989064931869506836e-01,1.352277467958629131e-03
2.456519263157330453e+06,9.990597963333129883e-01,1.351177808828651905e-03
2.456519264546236489e+06,9.982497692108154297e-01,1.352077233605086803e-03
2.456519265935142059e+06,9.982483983039855957e-01,1.351092592813074589e-03
2.456519267324048094e+06,9.993522167205810547e-01,1.350879436358809471e-03
2.456519268712953664e+06,9.989790916442871094e-01,1.351349405013024807e-03
2.456519270101859700e+06,9.959709048271179199e-01,1.349062891677021980e-03
2.456519271490765270e+06,9.999561309814453125e-01,1.351193408481776714e-03
2.456519272879671305e+06,9.953308105468750000e-01,1.350916572846472263e-03
2.456519274268576875e+06,9.985492229461669922e-01,1.350879087112843990e-03
2.456519275657482911e+06,1.000431656837463379e+00,1.354661188088357449e-03
2.456519277046388946e+06,9.993849396705627441e-01,1.350716222077608109e-03
2.456519278435294516e+06,9.984081983566284180e-01,1.354348845779895782e-03
2.456519279824200086e+06,9.983520507812500000e-01,1.352970371954143047e-03
2.456519281213106122e+06,1.000494122505187988e+00,1.351547078229486942e-03
2.456519282602012157e+06,9.980772137641906738e-01,1.350905979052186012e-03
2.456519283990917727e+06,9.970477223396301270e-01,1.350279548205435276e-03
2.456519285379823763e+06,1.000493764877319336e+00,1.351623213849961758e-03
2.456519286768729333e+06,9.989132285118103027e-01,1.351130893453955650e-03
2.456519288157635368e+06,9.965380430221557617e-01,1.349796773865818977e-03
2.456519289546540938e+06,9.976514577865600586e-01,1.350823207758367062e-03
2.456519290935446974e+06,9.989653229713439941e-01,1.351207843981683254e-03
2.456519292324352544e+06,9.971960186958312988e-01,1.350588398054242134e-03
2.456519293713258579e+06,9.995955824851989746e-01,1.351956045255064964e-03
2.456519295102164149e+06,9.980027675628662109e-01,1.350236707367002964e-03
2.456519296491070185e+06,9.968892335891723633e-01,1.350143807940185070e-03
2.456519297879975755e+06,9.971948266029357910e-01,1.351048238575458527e-03
2.456519299268881790e+06,9.965763092041015625e-01,1.349789439700543880e-03
2.456519300657787826e+06,9.969727396965026855e-01,1.351164188235998154e-03
2.456519302046693396e+06,9.966637492179870605e-01,1.349849160760641098e-03
2.456519303435598966e+06,9.968533515930175781e-01,1.349696540273725986e-03
2.456519304824505001e+06,9.991202354431152344e-01,1.350712031126022339e-03
2.456519306213410571e+06,9.988633990287780762e-01,1.350453356280922890e-03
2.456519307602316607e+06,9.982060194015502930e-01,1.351451850496232510e-03
2.456519308991222177e+06,9.968098402023315430e-01,1.349754631519317627e-03
2.456519310380128212e+06,9.982751607894897461e-01,1.351115759462118149e-03
2.456519311769033782e+06,9.994893074035644531e-01,1.352164428681135178e-03
2.456519313157939818e+06,9.987983703613281250e-01,1.349631231278181076e-03
2.456519314546845853e+06,9.978649616241455078e-01,1.350025529973208904e-03
2.456519315935751423e+06,9.987214207649230957e-01,1.350730308331549168e-03
2.456519317324656993e+06,9.974985122680664062e-01,1.349442172795534134e-03
2.456519318713563029e+06,9.968975782394409180e-01,1.348300720565021038e-03
2.456519320102468599e+06,9.975259900093078613e-01,1.352060469798743725e-03
2.456519321491374634e+06,9.961887001991271973e-01,1.348730060271918774e-03
2.456519322880280670e+06,9.967624545097351074e-01,1.349768484942615032e-03
2.456519324269186240e+06,9.975165128707885742e-01,1.351141952909529209e-03
2.456519325658091810e+06,9.973568916320800781e-01,1.349865109659731388e-03
2.456519327046997845e+06,9.977694749832153320e-01,1.350585138425230980e-03
2.456519328435903415e+06,9.978291988372802734e-01,1.352064311504364014e-03
2.456519329824809451e+06,1.000152468681335449e+00,1.353314495645463467e-03
2.456519331213715021e+06,9.966922402381896973e-01,1.348450430668890476e-03
2.456519332602621056e+06,9.989505410194396973e-01,1.349860336631536484e-03
2.456519333991526626e+06,9.985595345497131348e-01,1.349349506199359894e-03
2.456519335380432662e+06,9.984386563301086426e-01,1.349222846329212189e-03
2.456519336769338232e+06,9.968770146369934082e-01,1.349417027086019516e-03
2.456519338158243801e+06,9.969370961189270020e-01,1.350756734609603882e-03
2.456519339547149837e+06,9.988885521888732910e-01,1.350622624158859253e-03
2.456519340936055873e+06,9.984747171401977539e-01,1.350200735032558441e-03
2.456519342324961443e+06,9.978802800178527832e-01,1.349518774077296257e-03
2.456519343713867478e+06,9.972309470176696777e-01,1.348307123407721519e-03
2.456519345102773048e+06,9.958854317665100098e-01,1.349579542875289917e-03
2.456519346491678618e+06,9.981611967086791992e-01,1.349090132862329483e-03
2.456519347880584653e+06,9.972171187400817871e-01,1.348616206087172031e-03
2.456519349269490223e+06,9.963502287864685059e-01,1.348902820609509945e-03
2.456519350658396259e+06,9.979800581932067871e-01,1.349117257632315159e-03
2.456519352047302295e+06,9.966038465499877930e-01,1.348294666968286037e-03
2.456519353436207864e+06,9.964733123779296875e-01,1.347535988315939903e-03
2.456519354825113434e+06,9.995486140251159668e-01,1.350077334791421890e-03
2.456519356214019470e+06,9.984390735626220703e-01,1.349559519439935684e-03
2.456519357602925040e+06,1.000347375869750977e+00,1.351074897684156895e-03
2.456519358991831075e+06,9.978542923927307129e-01,1.349820988252758980e-03
2.456519360380736645e+06,9.972290396690368652e-01,1.348934834823012352e-03
2.456519361769642681e+06,9.976779818534851074e-01,1.350949751213192940e-03
2.456519363158548251e+06,9.987072348594665527e-01,1.349821453914046288e-03
2.456519364547454286e+06,9.985309839248657227e-01,1.350193400867283344e-03
2.456519365936359856e+06,1.002385139465332031e+00,1.351704588159918785e-03
2.456519367325265892e+06,9.992511868476867676e-01,1.350369188003242016e-03
2.456519368714171462e+06,9.980750083923339844e-01,1.349490717984735966e-03
2.456519370103077032e+06,1.000934839248657227e+00,1.350056845694780350e-03
2.456519371491983067e+06,9.984095692634582520e-01,1.348488964140415192e-03
2.456519372880888637e+06,9.980844855308532715e-01,1.350512378849089146e-03
2.456519374269794673e+06,9.993510842323303223e-01,1.349777798168361187e-03
2.456519375658700243e+06,1.001027226448059082e+00,1.351338112726807594e-03
2.456519377047606278e+06,9.985750913619995117e-01,1.349675469100475311e-03
2.456519378436511848e+06,1.000353813171386719e+00,1.350138220004737377e-03
2.456519379825417884e+06,9.999457001686096191e-01,1.351648010313510895e-03
2.456519381214323454e+06,9.981719255447387695e-01,1.348538557067513466e-03
2.456519382603229024e+06,1.000257611274719238e+00,1.350513892248272896e-03
2.456519383992135059e+06,9.976472854614257812e-01,1.348722958937287331e-03
2.456519385381040629e+06,9.988286495208740234e-01,1.349491300061345100e-03
2.456519386769946665e+06,9.980095624923706055e-01,1.349345780909061432e-03
2.456519388158852234e+06,9.961463212966918945e-01,1.348150777630507946e-03
2.456519389547758270e+06,9.971334338188171387e-01,1.348774996586143970e-03
2.456519390936663840e+06,9.963542819023132324e-01,1.348081743344664574e-03
2.456519392325569876e+06,9.991046786308288574e-01,1.349027850665152073e-03
2.456519393714475445e+06,9.984810948371887207e-01,1.349916099570691586e-03
2.456519395103381481e+06,9.998056888580322266e-01,1.349547645077109337e-03
2.456519396492287051e+06,1.001152634620666504e+00,1.349945319816470146e-03
2.456519397881192621e+06,9.986866712570190430e-01,1.349380123429000378e-03
2.456519399270098656e+06,9.992933273315429688e-01,1.348372083157300949e-03
2.456519400659004226e+06,1.001023530960083008e+00,1.352183171547949314e-03
2.456519402047910262e+06,1.000918507575988770e+00,1.351535320281982422e-03
2.456519403436815832e+06,1.004324555397033691e+00,1.352349529042840004e-03
2.456519404825721402e+06,1.001787662506103516e+00,1.352308434434235096e-03
2.456519406214627437e+06,1.000771880149841309e+00,1.352534862235188484e-03
2.456519407603533007e+06,1.003166556358337402e+00,1.351861283183097839e-03
2.456519408992439043e+06,1.001369118690490723e+00,1.351024024188518524e-03
2.456519410381344613e+06,9.992725849151611328e-01,1.350978156551718712e-03
2.456519411770250648e+06,1.000700354576110840e+00,1.351079205051064491e-03
2.456519413159156218e+06,1.003591656684875488e+00,1.353037310764193535e-03
2.456519414548062254e+06,1.005905270576477051e+00,1.354258856736123562e-03
2.456519415936967824e+06,1.004252433776855469e+00,1.352663501165807247e-03
2.456519417325873859e+06,1.001265048980712891e+00,1.351156271994113922e-03
2.456519418714779429e+06,1.001714706420898438e+00,1.351519720628857613e-03
2.456519420103684999e+06,1.002211809158325195e+00,1.350678503513336182e-03
2.456519421492591035e+06,1.000950574874877930e+00,1.350222271867096424e-03
2.456519422881496605e+06,1.001603245735168457e+00,1.350389211438596249e-03
2.456519424270402640e+06,9.999487400054931641e-01,1.353990985080599785e-03
2.456519425659308210e+06,1.001809000968933105e+00,1.350778969936072826e-03
2.456519427048213780e+06,1.000394344329833984e+00,1.350682112388312817e-03
2.456519428437119815e+06,1.002003073692321777e+00,1.352114602923393250e-03
2.456519429826025385e+06,1.002748370170593262e+00,1.353797153569757938e-03
2.456519431214931421e+06,1.001479744911193848e+00,1.353690633550286293e-03
2.456519432603836991e+06,9.999326467514038086e-01,1.351428334601223469e-03
2.456519433992743026e+06,1.002387881278991699e+00,1.351169426925480366e-03
2.456519435381648596e+06,1.001145243644714355e+00,1.351135433651506901e-03
2.456519436770554166e+06,1.003006935119628906e+00,1.351186772808432579e-03
2.456519438159460202e+06,1.003086566925048828e+00,1.352392951957881451e-03
2.456519439548365772e+06,1.001331210136413574e+00,1.353022060357034206e-03
2.456519440937271807e+06,1.003697037696838379e+00,1.352790393866598606e-03
2.456519442326177377e+06,1.001316547393798828e+00,1.351611572317779064e-03
2.456519443715082947e+06,1.002919435501098633e+00,1.351959072053432465e-03
2.456519445103988983e+06,1.004448771476745605e+00,1.352935796603560448e-03
2.456519446492894553e+06,1.001982331275939941e+00,1.353050232864916325e-03
2.456519447881800588e+06,1.002392292022705078e+00,1.351682469248771667e-03
2.456519449270706158e+06,1.002258181571960449e+00,1.352003077045083046e-03
2.456519450659611728e+06,1.004169344902038574e+00,1.352362683974206448e-03
2.456519452048517764e+06,1.002318978309631348e+00,1.351756043732166290e-03
2.456519453437423334e+06,1.000809192657470703e+00,1.351577462628483772e-03
2.456519454826329369e+06,1.001639366149902344e+00,1.351608312688767910e-03
2.456519456215234939e+06,1.004299283027648926e+00,1.353143248707056046e-03
2.456519457604140509e+06,1.003081679344177246e+00,1.352282590232789516e-03
2.456519458993046544e+06,1.002656817436218262e+00,1.351954881101846695e-03
2.456519460381952114e+06,1.003222227096557617e+00,1.351709244772791862e-03
2.456519461770858150e+06,1.004235625267028809e+00,1.353674335405230522e-03
2.456519463159763720e+06,1.004506945610046387e+00,1.353633240796625614e-03
2.456519464548669290e+06,1.004926323890686035e+00,1.354055711999535561e-03
2.456519465937575325e+06,1.004777550697326660e+00,1.352307852357625961e-03
2.456519467326480895e+06,1.006900191307067871e+00,1.353274448774755001e-03
2.456519468715386931e+06,1.003980159759521484e+00,1.355968415737152100e-03
2.456519470104292501e+06,1.003492474555969238e+00,1.352318213321268559e-03
2.456519471493198071e+06,1.005673170089721680e+00,1.353015424683690071e-03
2.456519472882103641e+06,1.004325270652770996e+00,1.353798899799585342e-03
2.456519474271009676e+06,1.003789424896240234e+00,1.352925784885883331e-03
2.456519475659915246e+06,1.004645228385925293e+00,1.354893669486045837e-03
2.456519477048821282e+06,1.005599021911621094e+00,1.353788189589977264e-03
2.456519478437726852e+06,1.005890369415283203e+00,1.354191917926073074e-03
2.456519479826632421e+06,1.004191637039184570e+00,1.353205763734877110e-03
2.456519481215538457e+06,1.009191036224365234e+00,1.356474240310490131e-03
2.456519482604444027e+06,1.003699779510498047e+00,1.353445579297840595e-03
2.456519483993350063e+06,1.006701231002807617e+00,1.355375279672443867e-03
2.456519485382255632e+06,1.007000565528869629e+00,1.357327448204159737e-03
2.456519486771161202e+06,1.004754185676574707e+00,1.354047679342329502e-03
2.456519488160067238e+06,1.003363609313964844e+00,1.353525323793292046e-03
2.456519489548972808e+06,1.004640340805053711e+00,1.353218220174312592e-03
2.456519490937878843e+06,1.005164504051208496e+00,1.353432191535830498e-03
2.456519492326784413e+06,1.006623744964599609e+00,1.354577718302607536e-03
2.456519493715689983e+06,1.004482030868530273e+00,1.354191685095429420e-03
2.456519495104595553e+06,1.006722331047058105e+00,1.355660031549632549e-03
2.456519496493501589e+06,1.005881547927856445e+00,1.353929168544709682e-03
2.456519497882407159e+06,1.004064321517944336e+00,1.355987740680575371e-03
2.456519499271313194e+06,1.005119204521179199e+00,1.354358159005641937e-03
2.456519500660218764e+06,1.005412220954895020e+00,1.354760490357875824e-03
2.456519502049124334e+06,1.005080580711364746e+00,1.357122790068387985e-03
2.456519503438030370e+06,1.003206372261047363e+00,1.353111467324197292e-03
2.456519504826935939e+06,1.002744317054748535e+00,1.352988881990313530e-03
2.456519506215841975e+06,1.004583120346069336e+00,1.354336156509816647e-03
2.456519507604747545e+06,1.006573677062988281e+00,1.355334301479160786e-03
2.456519508993653115e+06,1.004253268241882324e+00,1.355033251456916332e-03
2.456519510382559150e+06,1.004447221755981445e+00,1.354935229755938053e-03
2.456519511771464720e+06,1.006122946739196777e+00,1.355158281512558460e-03
2.456519513160370290e+06,1.005170702934265137e+00,1.354997977614402771e-03
2.456519514549276326e+06,1.003875255584716797e+00,1.353843603283166885e-03
2.456519515938181896e+06,1.005426526069641113e+00,1.354848267510533333e-03
2.456519517327087466e+06,1.003194928169250488e+00,1.355074695311486721e-03
2.456519518715993501e+06,1.006533503532409668e+00,1.355117652565240860e-03
2.456519520104899071e+06,1.006179451942443848e+00,1.355975400656461716e-03
2.456519521493805107e+06,1.005850672721862793e+00,1.355730346404016018e-03
2.456519522882710677e+06,1.006595611572265625e+00,1.357375178486108780e-03
2.456519524271616247e+06,1.007425665855407715e+00,1.356617896817624569e-03
2.456519525660521816e+06,1.007333636283874512e+00,1.357414526864886284e-03
2.456519527049427852e+06,1.008229494094848633e+00,1.355641405098140240e-03
2.456519528438333422e+06,1.008163928985595703e+00,1.356728142127394676e-03
2.456519529827239458e+06,1.008613705635070801e+00,1.356670167297124863e-03
2.456519531216145027e+06,1.008380055427551270e+00,1.357612665742635727e-03
2.456519532605050597e+06,1.008042454719543457e+00,1.357171917334198952e-03
2.456519533993956633e+06,1.007183074951171875e+00,1.356731518171727657e-03
2.456519535382862203e+06,1.005567431449890137e+00,1.356671797111630440e-03
2.456519536771767773e+06,1.007996678352355957e+00,1.358487177640199661e-03
2.456519538160673343e+06,1.007769584655761719e+00,1.357327098958194256e-03
2.456519539549579378e+06,1.005921006202697754e+00,1.356174936518073082e-03
2.456519540938484948e+06,1.005299568176269531e+00,1.356004271656274796e-03
2.456519542327390984e+06,1.004296541213989258e+00,1.355527900159358978e-03
2.456519543716296554e+06,1.006379127502441406e+00,1.356768305413424969e-03
2.456519545105202124e+06,1.005547761917114258e+00,1.356006017886102200e-03
2.456519546494107693e+06,1.006974935531616211e+00,1.356893684715032578e-03
2.456519547883013729e+06,1.003830313682556152e+00,1.358128734864294529e-03
2.456519549271919299e+06,1.006065845489501953e+00,1.356687746010720730e-03
2.456519550660825334e+06,1.007600426673889160e+00,1.356833265163004398e-03
2.456519552049730904e+06,1.004765510559082031e+00,1.356226159259676933e-03
2.456519553438636474e+06,1.004199624061584473e+00,1.358203007839620113e-03
2.456519554827542044e+06,1.004568576812744141e+00,1.356596942059695721e-03
2.456519556216448080e+06,1.003519177436828613e+00,1.355745480395853519e-03
2.456519557605353650e+06,1.007074475288391113e+00,1.356930937618017197e-03
2.456519558994259685e+06,1.004254460334777832e+00,1.355962944217026234e-03
2.456519560383165255e+06,1.005892634391784668e+00,1.356368418782949448e-03
2.456519561772070825e+06,1.004396080970764160e+00,1.355511252768337727e-03
2.456519563160976395e+06,1.004351139068603516e+00,1.354799722321331501e-03
2.456519564549882431e+06,1.005569219589233398e+00,1.356452237814664841e-03
2.456519565938788000e+06,1.006217241287231445e+00,1.356605323962867260e-03
2.456519567327694036e+06,1.003535389900207520e+00,1.355221145786345005e-03
2.456519568716599606e+06,1.003461003303527832e+00,1.355389482341706753e-03
2.456519570105505176e+06,1.004547953605651855e+00,1.357761677354574203e-03
2.456519571494410746e+06,1.006072163581848145e+00,1.357440720312297344e-03
2.456519572883316781e+06,1.002039551734924316e+00,1.354877720586955547e-03
2.456519574272222351e+06,1.002969384193420410e+00,1.356308814138174057e-03
2.456519575661127921e+06,1.005375742912292480e+00,1.358738052658736706e-03
2.456519577050033491e+06,1.003878355026245117e+00,1.357490895316004753e-03
2.456519578438939527e+06,1.003565669059753418e+00,1.357600558549165726e-03
2.456519579827845097e+06,1.003670454025268555e+00,1.356673892587423325e-03
2.456519581216751132e+06,1.004952907562255859e+00,1.356406952254474163e-03
2.456519582605656702e+06,1.003061890602111816e+00,1.356142689473927021e-03
2.456519583994562272e+06,1.005209684371948242e+00,1.357173430733382702e-03
2.456519585383467842e+06,1.003417253494262695e+00,1.356530585326254368e-03
2.456519586772373877e+06,1.003245711326599121e+00,1.356110093183815479e-03
2.456519588161279447e+06,1.003947019577026367e+00,1.357018947601318359e-03
2.456519589550185483e+06,1.005161762237548828e+00,1.358438166789710522e-03
2.456519590939090587e+06,1.003787517547607422e+00,1.356594730168581009e-03
2.456519592327996623e+06,1.003513574600219727e+00,1.357146771624684334e-03
2.456519593716902193e+06,1.002589225769042969e+00,1.357540721073746681e-03
2.456519595105808228e+06,1.003954172134399414e+00,1.356907072477042675e-03
2.456519596494713798e+06,1.002758622169494629e+00,1.356380875222384930e-03
2.456519597883619368e+06,1.004460811614990234e+00,1.357854227535426617e-03
2.456519599272524938e+06,1.001057624816894531e+00,1.356088556349277496e-03
2.456519600661430974e+06,1.003196239471435547e+00,1.356044900603592396e-03
2.456519602050336543e+06,1.003369212150573730e+00,1.359099522233009338e-03
2.456519603439242113e+06,1.003332495689392090e+00,1.356199732981622219e-03
2.456519604828147683e+06,1.001831531524658203e+00,1.356780063360929489e-03
2.456519606217053719e+06,1.002025604248046875e+00,1.356589957140386105e-03
2.456519607605959289e+06,1.004256486892700195e+00,1.358395442366600037e-03
2.456519608994864859e+06,1.001588106155395508e+00,1.354775275103747845e-03
2.456519610383770894e+06,1.003877282142639160e+00,1.356900902464985847e-03
2.456519611772676464e+06,1.002108693122863770e+00,1.357716158963739872e-03
2.456519613161582034e+06,9.994916319847106934e-01,1.355652813799679279e-03
2.456519614550487604e+06,1.001253962516784668e+00,1.356271677650511265e-03
2.456519615939393640e+06,1.003258943557739258e+00,1.357667380943894386e-03
2.456519617328299209e+06,1.002016186714172363e+00,1.357777393423020840e-03
2.456519618717205245e+06,1.000435471534729004e+00,1.357741886749863625e-03
2.456519620106110349e+06,1.001488327980041504e+00,1.356070279143750668e-03
2.456519621495016385e+06,1.003715515136718750e+00,1.357496250420808792e-03
2.456519622883921955e+06,1.003139734268188477e+00,1.358145847916603088e-03
2.456519624272827990e+06,1.001755237579345703e+00,1.356534543447196484e-03
2.456519625661733560e+06,1.001732468605041504e+00,1.358735957182943821e-03
2.456519627050639130e+06,1.002376198768615723e+00,1.357288099825382233e-03
2.456519628439544700e+06,1.000369906425476074e+00,1.356166438199579716e-03
2.456519629828450736e+06,9.991438388824462891e-01,1.354965032078325748e-03
2.456519631217356306e+06,1.002593040466308594e+00,1.357267261482775211e-03
2.456519632606261875e+06,9.983245134353637695e-01,1.354404608719050884e-03
2.456519633995167911e+06,9.983037114143371582e-01,1.356007647700607777e-03
2.456519635384073481e+06,1.003564596176147461e+00,1.358899171464145184e-03
2.456519636772979051e+06,1.000903367996215820e+00,1.356671215035021305e-03
2.456519638161884621e+06,9.999406337738037109e-01,1.355996238999068737e-03
2.456519639550790656e+06,1.001680493354797363e+00,1.357363420538604259e-03
2.456519640939696226e+06,9.995572566986083984e-01,1.356730354018509388e-03
2.456519642328601796e+06,1.000704288482666016e+00,1.356847933493554592e-03
2.456519643717507366e+06,1.000816226005554199e+00,1.356840482912957668e-03
2.456519645106413402e+06,9.990972876548767090e-01,1.357608125545084476e-03
2.456519646495318972e+06,1.000877261161804199e+00,1.356601482257246971e-03
2.456519647884224541e+06,1.001699328422546387e+00,1.357804052531719208e-03
2.456519649273130111e+06,9.998708963394165039e-01,1.357031287625432014e-03
2.456519650662035681e+06,1.000913858413696289e+00,1.359162502922117710e-03
2.456519652050941717e+06,9.981452822685241699e-01,1.355630229227244854e-03
2.456519653439847287e+06,1.000488162040710449e+00,1.357124303467571735e-03
2.456519654828752857e+06,9.995211362838745117e-01,1.355628599412739277e-03
2.456519656217658892e+06,1.000913500785827637e+00,1.358150271698832512e-03
2.456519657606564462e+06,1.000519394874572754e+00,1.356786349788308144e-03
2.456519658995470032e+06,1.000615477561950684e+00,1.357200671918690205e-03
2.456519660384375602e+06,9.987127184867858887e-01,1.358903129585087299e-03
2.456519661773281638e+06,9.992535114288330078e-01,1.356331165879964828e-03
2.456519663162187207e+06,1.000241398811340332e+00,1.357393339276313782e-03
2.456519664551092777e+06,9.980303645133972168e-01,1.357415691018104553e-03
2.456519665939998347e+06,9.994727969169616699e-01,1.356607535853981972e-03
2.456519667328904383e+06,9.967516064643859863e-01,1.355484710074961185e-03
2.456519668717809953e+06,9.996544718742370605e-01,1.356631983071565628e-03
2.456519670106715523e+06,9.962102174758911133e-01,1.355199259705841541e-03
2.456519671495621093e+06,9.984628558158874512e-01,1.358065637759864330e-03
2.456519672884526663e+06,9.981560111045837402e-01,1.355977379716932774e-03
2.456519674273432698e+06,9.983963370323181152e-01,1.356806256808340549e-03
2.456519675662338268e+06,9.981860518455505371e-01,1.356979482807219028e-03
2.456519677051243838e+06,9.972696304321289062e-01,1.355961081571877003e-03
2.456519678440149873e+06,9.962438344955444336e-01,1.356600318104028702e-03
2.456519679829055443e+06,9.988160729408264160e-01,1.356062479317188263e-03
2.456519681217961013e+06,9.969420433044433594e-01,1.356224063783884048e-03
2.456519682606866583e+06,9.959943890571594238e-01,1.355064916424453259e-03
2.456519683995772619e+06,9.976341724395751953e-01,1.355439424514770508e-03
2.456519685384678189e+06,9.941910505294799805e-01,1.354436855763196945e-03
2.456519686773583759e+06,9.985188245773315430e-01,1.357036293484270573e-03
2.456519688162489329e+06,9.976034760475158691e-01,1.355170970782637596e-03
2.456519689551394898e+06,9.972231388092041016e-01,1.354822539724409580e-03
2.456519690940300934e+06,9.962243437767028809e-01,1.356049091555178165e-03
2.456519692329206504e+06,9.977232813835144043e-01,1.356782973743975163e-03
2.456519693718112074e+06,9.948647022247314453e-01,1.354996347799897194e-03
2.456519695107017644e+06,9.963470697402954102e-01,1.354794600047171116e-03
2.456519696495923214e+06,9.963799118995666504e-01,1.356494729407131672e-03
2.456519697884829249e+06,9.992648959159851074e-01,1.356477150693535805e-03
2.456519699273734819e+06,9.987836480140686035e-01,1.356291119009256363e-03
2.456519700662640389e+06,9.980581402778625488e-01,1.356504042632877827e-03
2.456519702051545959e+06,9.973568916320800781e-01,1.356070628389716148e-03
2.456519703440451995e+06,9.973269104957580566e-01,1.357358647510409355e-03
2.456519704829357564e+06,9.967143535614013672e-01,1.356274471618235111e-03
2.456519706218263134e+06,9.963288307189941406e-01,1.356017659418284893e-03
2.456519707607168704e+06,9.944976568222045898e-01,1.355351763777434826e-03
2.456519708996074274e+06,9.974116683006286621e-01,1.355210668407380581e-03
2.456519710384980310e+06,9.964097142219543457e-01,1.355762127786874771e-03
2.456519711773885880e+06,9.951854348182678223e-01,1.357668777927756310e-03
2.456519713162791450e+06,9.985097050666809082e-01,1.355888671241700649e-03
2.456519714551697019e+06,9.949046969413757324e-01,1.355763874016702175e-03
2.456519715940602589e+06,9.973592162132263184e-01,1.355836633592844009e-03
2.456519717329508625e+06,9.965747594833374023e-01,1.355778658762574196e-03
2.456519718718414195e+06,9.970257878303527832e-01,1.356027205474674702e-03
2.456519720107319765e+06,9.999883770942687988e-01,1.358117558993399143e-03
2.456519721496225335e+06,9.970236420631408691e-01,1.356253516860306263e-03
2.456519722885131370e+06,9.979982972145080566e-01,1.355046522803604603e-03
2.456519724274036940e+06,9.956548213958740234e-01,1.355521380901336670e-03
2.456519725662942510e+06,9.987294673919677734e-01,1.356907654553651810e-03
2.456519727051848080e+06,9.962523579597473145e-01,1.354983425699174404e-03
2.456519728440753650e+06,9.974046945571899414e-01,1.356424181722104549e-03
2.456519729829659685e+06,9.981927275657653809e-01,1.357383327558636665e-03
2.456519731218565255e+06,9.978730678558349609e-01,1.355650718323886395e-03
2.456519732607470825e+06,9.954310059547424316e-01,1.355153857730329037e-03
2.456519733996376395e+06,9.969849586486816406e-01,1.357086468487977982e-03
2.456519735385281965e+06,9.986249208450317383e-01,1.357678207568824291e-03
2.456519736774188001e+06,9.941608309745788574e-01,1.355473650619387627e-03
2.456519738163093571e+06,9.985898137092590332e-01,1.357868895865976810e-03
2.456519739551999141e+06,9.993240833282470703e-01,1.357414759695529938e-03
2.456519740940904710e+06,9.982748031616210938e-01,1.356551190838217735e-03
2.456519742329810280e+06,9.962146282196044922e-01,1.355812186375260353e-03
2.456519743718716316e+06,9.985257983207702637e-01,1.356984372250735760e-03
2.456519745107621886e+06,9.980270862579345703e-01,1.357379369437694550e-03
2.456519746496527456e+06,9.978676438331604004e-01,1.356462133117020130e-03
2.456519747885433026e+06,9.979948997497558594e-01,1.356195425614714622e-03
2.456519749274338596e+06,9.964985251426696777e-01,1.357852132059633732e-03
2.456519750663244631e+06,9.975700378417968750e-01,1.356660155579447746e-03
2.456519752052150201e+06,9.957590103149414062e-01,1.356136286631226540e-03
2.456519753441055771e+06,9.966370463371276855e-01,1.357265864498913288e-03
2.456519754829961341e+06,9.948182702064514160e-01,1.355017069727182388e-03
2.456519756218866911e+06,9.975374341011047363e-01,1.356218475848436356e-03
2.456519757607772481e+06,9.980802536010742188e-01,1.357081229798495770e-03
2.456519758996678516e+06,9.943512678146362305e-01,1.355659100227057934e-03
2.456519760385583621e+06,9.963497519493103027e-01,1.356704393401741982e-03
2.456519761774489656e+06,9.996073246002197266e-01,1.357660512439906597e-03
2.456519763163395226e+06,9.996691942214965820e-01,1.357802655547857285e-03
2.456519764552300796e+06,9.962294697761535645e-01,1.357511035166680813e-03
2.456519765941206831e+06,9.956491589546203613e-01,1.355212996713817120e-03
2.456519767330112401e+06,9.962109327316284180e-01,1.356777967885136604e-03
2.456519768719017971e+06,9.988243579864501953e-01,1.357673318125307560e-03
2.456519770107923541e+06,9.965522885322570801e-01,1.356292283162474632e-03
2.456519771496829111e+06,9.976556897163391113e-01,1.357323606498539448e-03
2.456519772885734681e+06,9.963672757148742676e-01,1.356250955723226070e-03
2.456519774274640717e+06,9.956362247467041016e-01,1.356011605821549892e-03
2.456519775663545821e+06,9.968836307525634766e-01,1.357742701657116413e-03
2.456519777052451856e+06,9.968231320381164551e-01,1.356578315608203411e-03
2.456519778441357426e+06,9.979668259620666504e-01,1.357247121632099152e-03
2.456519779830262996e+06,9.982483983039855957e-01,1.356893219053745270e-03
2.456519781219168566e+06,9.987959861755371094e-01,1.358098350465297699e-03
2.456519782608074136e+06,9.972127079963684082e-01,1.357714878395199776e-03
2.456519783996979706e+06,9.985149502754211426e-01,1.357463304884731770e-03
2.456519785385885742e+06,9.974023103713989258e-01,1.356766792014241219e-03
2.456519786774791311e+06,9.988043308258056641e-01,1.357710454612970352e-03
2.456519788163696881e+06,9.966241121292114258e-01,1.356882625259459019e-03
2.456519789552602451e+06,9.981295466423034668e-01,1.357044326141476631e-03
2.456519790941508021e+06,9.973492026329040527e-01,1.357176690362393856e-03
2.456519792330413591e+06,9.966447353363037109e-01,1.356751425191760063e-03
2.456519793719319627e+06,9.988872408866882324e-01,1.358373207040131092e-03
2.456519795108225197e+06,9.998175501823425293e-01,1.357484143227338791e-03
2.456519796497130767e+06,1.001505970954895020e+00,1.358427456580102444e-03
2.456519797886036336e+06,9.986853599548339844e-01,1.358180772513151169e-03
2.456519799274941906e+06,9.982427358627319336e-01,1.357025816105306149e-03
2.456519800663847476e+06,9.977296590805053711e-01,1.358076231554150581e-03
2.456519802052753512e+06,9.978145360946655273e-01,1.357493223622441292e-03
2.456519803441659082e+06,9.984886646270751953e-01,1.356729771941900253e-03
2.456519804830564652e+06,9.982742071151733398e-01,1.358205685392022133e-03
2.456519806219470222e+06,9.973309040069580078e-01,1.357314060442149639e-03
2.456519807608375791e+06,9.974067807197570801e-01,1.358194625936448574e-03
2.456519808997281361e+06,9.964936971664428711e-01,1.355575164780020714e-03
2.456519810386187397e+06,9.953340888023376465e-01,1.356680179014801979e-03
2.456519811775092967e+06,9.968515634536743164e-01,1.356959459371864796e-03
2.456519813163998537e+06,9.971094131469726562e-01,1.357719418592751026e-03
2.456519814552904107e+06,9.964056611061096191e-01,1.357058528810739517e-03
2.456519815941809677e+06,1.017295598983764648e+00,1.367059536278247833e-03
2.456519817330715246e+06,1.011759042739868164e+00,1.363718416541814804e-03
2.456519818719621282e+06,1.004778623580932617e+00,1.361631206236779690e-03
2.456519820108526386e+06,1.004850387573242188e+00,1.360576017759740353e-03
2.456519821497431956e+06,1.001836061477661133e+00,1.359682530164718628e-03
2.456519822886337992e+06,1.003246784210205078e+00,1.360146212391555309e-03
2.456519824275243562e+06,1.001641392707824707e+00,1.359458081424236298e-03
2.456519825664149132e+06,9.994995594024658203e-01,1.358089852146804333e-03
2.456519827053054702e+06,1.000451087951660156e+00,1.361423404887318611e-03
2.456519828441960271e+06,9.996306300163269043e-01,1.357596367597579956e-03
2.456519829830865841e+06,1.000396013259887695e+00,1.359495217911899090e-03
2.456519831219771877e+06,9.998925924301147461e-01,1.358265988528728485e-03
2.456519832608677447e+06,9.974166750907897949e-01,1.357213710434734821e-03
2.456519833997583017e+06,9.983022809028625488e-01,1.360858441330492496e-03
2.456519835386488587e+06,9.991433024406433105e-01,1.357683911919593811e-03
2.456519836775394157e+06,9.994123578071594238e-01,1.358139212243258953e-03
2.456519838164299726e+06,9.983532428741455078e-01,1.359685556963086128e-03
2.456519839553205296e+06,9.994500279426574707e-01,1.358753070235252380e-03
2.456519840942111332e+06,9.983367323875427246e-01,1.357928616926074028e-03
2.456519842331016436e+06,9.981356263160705566e-01,1.357141532935202122e-03
2.456519843719922006e+06,9.990501403808593750e-01,1.357829547487199306e-03
2.456519845108828042e+06,9.997367262840270996e-01,1.358928624540567398e-03
2.456519846497733612e+06,9.963061213493347168e-01,1.356715569272637367e-03
2.456519847886639182e+06,1.000535368919372559e+00,1.359430258162319660e-03
2.456519849275544751e+06,1.001599311828613281e+00,1.359844231046736240e-03
2.456519850664450321e+06,1.000749468803405762e+00,1.360052963718771935e-03
2.456519852053355891e+06,9.978736639022827148e-01,1.358224661089479923e-03
2.456519853442261461e+06,9.988134503364562988e-01,1.358260982669889927e-03
2.456519854831167497e+06,9.988631606101989746e-01,1.358531182631850243e-03
2.456519856220073067e+06,9.957258701324462891e-01,1.356948399916291237e-03
2.456519857608978637e+06,9.984048604965209961e-01,1.358281122520565987e-03
2.456519858997884206e+06,9.981729984283447266e-01,1.359241432510316372e-03
2.456519860386789776e+06,9.973262548446655273e-01,1.357088331133127213e-03
2.456519861775695346e+06,9.994847178459167480e-01,1.357514527626335621e-03
2.456519863164600916e+06,9.971372485160827637e-01,1.359186251647770405e-03
2.456519864553506486e+06,9.993942975997924805e-01,1.358064822852611542e-03
2.456519865942412056e+06,1.000962257385253906e+00,1.359498011879622936e-03
2.456519867331317626e+06,9.971003532409667969e-01,1.357784029096364975e-03
2.456519868720223662e+06,9.964367151260375977e-01,1.356802997179329395e-03
2.456519870109129231e+06,9.982821941375732422e-01,1.358637469820678234e-03
2.456519871498034801e+06,9.973099231719970703e-01,1.357777277007699013e-03
2.456519872886940371e+06,9.956697225570678711e-01,1.357304630801081657e-03
2.456519874275845941e+06,9.967834949493408203e-01,1.358010806143283844e-03
2.456519875664751511e+06,9.969362020492553711e-01,1.357898465357720852e-03
2.456519877053657081e+06,9.986410737037658691e-01,1.357754692435264587e-03
2.456519878442562651e+06,9.974454641342163086e-01,1.357939094305038452e-03
2.456519879831468221e+06,9.973804354667663574e-01,1.357537810690701008e-03
2.456519881220373791e+06,9.975079298019409180e-01,1.358884153887629509e-03
2.456519882609279826e+06,9.993101954460144043e-01,1.359120942652225494e-03
2.456519883998185396e+06,9.983671307563781738e-01,1.358286477625370026e-03
2.456519885387090966e+06,9.986233711242675781e-01,1.358260051347315311e-03
2.456519886775996536e+06,9.992993474006652832e-01,1.358578796498477459e-03
2.456519888164902106e+06,9.974848628044128418e-01,1.357024186290800571e-03
2.456519889553807676e+06,9.989323019981384277e-01,1.358229666948318481e-03
2.456519890942713246e+06,1.000385642051696777e+00,1.357607543468475342e-03
2.456519892331618816e+06,9.993605017662048340e-01,1.360366703011095524e-03
2.456519893720524386e+06,9.987756609916687012e-01,1.358839799650013447e-03
2.456519895109429955e+06,9.992870092391967773e-01,1.358668785542249680e-03
2.456519896498335525e+06,9.983679652214050293e-01,1.356859691441059113e-03
2.456519897887241561e+06,9.988110065460205078e-01,1.357632456347346306e-03
2.456519899276147131e+06,9.989408850669860840e-01,1.357603818178176880e-03
2.456519900665052701e+06,9.970075488090515137e-01,1.356913475319743156e-03
2.456519902053958271e+06,9.972301125526428223e-01,1.357140834443271160e-03
2.456519903442863841e+06,9.975386261940002441e-01,1.357172266580164433e-03
2.456519904831769411e+06,9.974635243415832520e-01,1.358414418064057827e-03
2.456519906220674980e+06,1.000030279159545898e+00,1.358391833491623402e-03
2.456519907609580550e+06,9.974829554557800293e-01,1.356840133666992188e-03
2.456519908998486120e+06,9.979529380798339844e-01,1.358841662295162678e-03
2.456519910387391690e+06,9.971290826797485352e-01,1.357084489427506924e-03
2.456519911776297260e+06,9.962087273597717285e-01,1.358121749944984913e-03
2.456519913165202830e+06,9.986038804054260254e-01,1.359014655463397503e-03
2.456519914554108866e+06,9.973505735397338867e-01,1.358440495096147060e-03
2.456519915943013970e+06,1.000191450119018555e+00,1.358849462121725082e-03
2.456519917331919540e+06,9.971535205841064453e-01,1.356959575787186623e-03
2.456519918720825575e+06,9.994305968284606934e-01,1.358347828499972820e-03
2.456519920109731145e+06,1.000516891479492188e+00,1.358476118184626102e-03
2.456519921498636715e+06,1.000641465187072754e+00,1.357890199869871140e-03
2.456519922887542285e+06,9.981239438056945801e-01,1.357668079435825348e-03
2.456519924276447855e+06,9.993918538093566895e-01,1.358795096166431904e-03
2.456519925665353425e+06,9.995070695877075195e-01,1.358430483378469944e-03
2.456519927054258995e+06,9.971821904182434082e-01,1.358320238068699837e-03
2.456519928443164565e+06,9.986910223960876465e-01,1.358838402666151524e-03
2.456519929832070135e+06,1.000357270240783691e+00,1.358974841423332691e-03
2.456519931220975704e+06,1.002964735031127930e+00,1.359250512905418873e-03
2.456519932609881274e+06,9.969127178192138672e-01,1.359525369480252266e-03
2.456519933998786844e+06,9.960080981254577637e-01,1.356030465103685856e-03
2.456519935387692414e+06,9.955283999443054199e-01,1.355250831693410873e-03
2.456519936776597984e+06,9.986832737922668457e-01,1.357763772830367088e-03
2.456519938165503554e+06,9.990377426147460938e-01,1.359212677925825119e-03
2.456519939554409124e+06,9.982462525367736816e-01,1.357409288175404072e-03
2.456519940943314694e+06,9.972181916236877441e-01,1.356624532490968704e-03
2.456519942332220729e+06,9.983890652656555176e-01,1.355840242467820644e-03
2.456519943721126299e+06,9.987049102783203125e-01,1.356828724965453148e-03
2.456519945110031869e+06,9.988697171211242676e-01,1.358107314445078373e-03
2.456519946498936974e+06,1.000685334205627441e+00,1.358312671072781086e-03
2.456519947887843009e+06,9.996581673622131348e-01,1.357045257464051247e-03
2.456519949276748579e+06,9.988872408866882324e-01,1.357734668999910355e-03
2.456519950665654149e+06,9.974113106727600098e-01,1.356306136585772038e-03
2.456519952054559719e+06,9.969046115875244141e-01,1.356137567199766636e-03
2.456519953443465289e+06,9.986424446105957031e-01,1.356742111966013908e-03
2.456519954832370859e+06,9.995017051696777344e-01,1.357227680273354053e-03
2.456519956221276429e+06,9.979295730590820312e-01,1.356790307909250259e-03
2.456519957610181998e+06,9.985926151275634766e-01,1.356251537799835205e-03
2.456519958999087568e+06,9.968595504760742188e-01,1.355623709969222546e-03
2.456519960387993138e+06,9.964582920074462891e-01,1.356574590317904949e-03
2.456519961776898708e+06,9.968742728233337402e-01,1.357894740067422390e-03
2.456519963165804278e+06,9.990976452827453613e-01,1.356231397949159145e-03
2.456519964554709848e+06,9.968492388725280762e-01,1.356124528683722019e-03
2.456519965943615418e+06,9.958345293998718262e-01,1.356233027763664722e-03
2.456519967332520988e+06,9.969547390937805176e-01,1.355657936073839664e-03
2.456519968721426558e+06,1.000083565711975098e+00,1.356375054456293583e-03
2.456519970110332128e+06,1.001510381698608398e+00,1.359151909127831459e-03
2.456519971499237698e+06,9.997864365577697754e-01,1.357338391244411469e-03
2.456519972888143267e+06,9.978432059288024902e-01,1.356384949758648872e-03
2.456519974277049303e+06,9.980390667915344238e-01,1.356089953333139420e-03
2.456519975665954407e+06,9.971325397491455078e-01,1.355113810859620571e-03
2.456519977054859977e+06,9.970443248748779297e-01,1.356036402285099030e-03
2.456519978443765547e+06,9.998060464859008789e-01,1.356627559289336205e-03
2.456519979832671583e+06,9.984359145164489746e-01,1.355362008325755596e-03
2.456519981221577153e+06,9.973299503326416016e-01,1.355289597995579243e-03
2.456519982610482257e+06,9.980146884918212891e-01,1.356244669295847416e-03
2.456519983999387827e+06,1.000251293182373047e+00,1.355411834083497524e-03
2.456519985388293862e+06,9.977543354034423828e-01,1.354151172563433647e-03
2.456519986777199432e+06,9.990836977958679199e-01,1.355473068542778492e-03
2.456519988166105002e+06,9.986516237258911133e-01,1.356667489744722843e-03
2.456519989555010572e+06,9.993295073509216309e-01,1.356432680040597916e-03
2.456519990943915676e+06,9.979754686355590820e-01,1.356133376248180866e-03
2.456519992332821712e+06,9.991044998168945312e-01,1.356191001832485199e-03
2.456519993721727282e+06,9.985830783843994141e-01,1.355474931187927723e-03
2.456519995110632852e+06,9.985143542289733887e-01,1.354333246126770973e-03
2.456519996499538422e+06,9.991984963417053223e-01,1.355813583359122276e-03
2.456519997888443526e+06,9.995859265327453613e-01,1.355297630652785301e-03
2.456519999277349561e+06,1.001697421073913574e+00,1.356931170448660851e-03
2.456520000666255131e+06,1.001009583473205566e+00,1.355911372229456902e-03
2.456520002055160701e+06,1.001280188560485840e+00,1.358105917461216450e-03
2.456520003444066271e+06,9.990297555923461914e-01,1.355238957330584526e-03
2.456520004832971375e+06,1.002278685569763184e+00,1.356725813820958138e-03
2.456520006221877411e+06,1.002945065498352051e+00,1.357044791802763939e-03
2.456520007610782981e+06,1.002614855766296387e+00,1.355900778435170650e-03
2.456520008999688551e+06,1.004686713218688965e+00,1.359507557936012745e-03
2.456520010388594121e+06,1.001630902290344238e+00,1.356972265057265759e-03
2.456520011777499691e+06,1.000555634498596191e+00,1.356445020064711571e-03
2.456520013166405261e+06,1.003110408782958984e+00,1.356985885649919510e-03
2.456520014555310830e+06,1.001708984375000000e+00,1.356724416837096214e-03
2.456520015944216400e+06,1.003743171691894531e+00,1.357435365207493305e-03
2.456520017333121970e+06,1.000405430793762207e+00,1.356777618639171124e-03
2.456520018722027540e+06,1.002851247787475586e+00,1.356677967123687267e-03
2.456520020110932644e+06,1.002292275428771973e+00,1.357430475763976574e-03
2.456520021499838680e+06,9.999133944511413574e-01,1.356394961476325989e-03
2.456520022888744250e+06,1.000677227973937988e+00,1.355752930976450443e-03
2.456520024277649820e+06,1.001029968261718750e+00,1.356515218503773212e-03
2.456520025666555390e+06,1.003754973411560059e+00,1.359390676952898502e-03
2.456520027055460494e+06,1.001920104026794434e+00,1.357063883915543556e-03
2.456520028444366064e+06,1.002933382987976074e+00,1.356190769001841545e-03
2.456520029833272099e+06,1.001637220382690430e+00,1.357486355118453503e-03
2.456520031222177669e+06,1.002190113067626953e+00,1.357028027996420860e-03
2.456520032611083239e+06,1.003154277801513672e+00,1.356939086690545082e-03
2.456520033999988809e+06,1.002399563789367676e+00,1.356878085061907768e-03
2.456520035388893913e+06,1.000650405883789062e+00,1.356439199298620224e-03
2.456520036777799483e+06,1.001581668853759766e+00,1.357248867861926556e-03
2.456520038166705519e+06,1.000943541526794434e+00,1.356573658995330334e-03
2.456520039555611089e+06,1.003117084503173828e+00,1.357039087451994419e-03
2.456520040944516659e+06,1.001601457595825195e+00,1.356235938146710396e-03
2.456520042333421763e+06,1.002409338951110840e+00,1.356702181510627270e-03
2.456520043722327333e+06,1.005989074707031250e+00,1.357212429866194725e-03
2.456520045111232903e+06,1.002427935600280762e+00,1.356379594653844833e-03
2.456520046500138473e+06,1.003612279891967773e+00,1.357089960947632790e-03
2.456520047889044508e+06,1.002969026565551758e+00,1.355935703031718731e-03
2.456520049277949613e+06,1.005760669708251953e+00,1.356925815343856812e-03
2.456520050666855182e+06,1.002986192703247070e+00,1.357146189548075199e-03
2.456520052055760752e+06,1.001386165618896484e+00,1.357513479888439178e-03
2.456520053444666322e+06,1.002933621406555176e+00,1.356641878373920918e-03
2.456520054833571892e+06,1.002736210823059082e+00,1.356356544420123100e-03
2.456520056222477462e+06,1.004168510437011719e+00,1.357708242721855640e-03
2.456520057611383032e+06,1.002827882766723633e+00,1.356292283162474632e-03
2.456520059000288602e+06,1.003737092018127441e+00,1.356934197247028351e-03
2.456520060389194172e+06,1.003928303718566895e+00,1.356636756099760532e-03
2.456520061778099742e+06,1.002645373344421387e+00,1.359039102680981159e-03
2.456520063167005312e+06,1.000938415527343750e+00,1.356946304440498352e-03
2.456520064555910882e+06,1.004633545875549316e+00,1.360255642794072628e-03
2.456520065944816452e+06,1.004708528518676758e+00,1.357108587399125099e-03
2.456520067333722021e+06,1.004370093345642090e+00,1.357839559204876423e-03
2.456520068722627591e+06,1.003294467926025391e+00,1.356544555164873600e-03
2.456520070111533161e+06,1.003945112228393555e+00,1.356618944555521011e-03
2.456520071500438731e+06,1.005258679389953613e+00,1.358577865175902843e-03
2.456520072889344301e+06,1.004620194435119629e+00,1.358663314022123814e-03
2.456520074278249871e+06,1.005122303962707520e+00,1.358060748316347599e-03
2.456520075667155441e+06,1.005010962486267090e+00,1.359059009701013565e-03
2.456520077056061011e+06,1.002263188362121582e+00,1.357102999463677406e-03
2.456520078444966581e+06,1.002273917198181152e+00,1.358610810711979866e-03
2.456520079833871685e+06,1.003690838813781738e+00,1.356623601168394089e-03
2.456520081222777255e+06,1.003717303276062012e+00,1.357805100269615650e-03
2.456520082611682825e+06,1.002961039543151855e+00,1.357951667159795761e-03
2.456520084000588395e+06,1.003827214241027832e+00,1.359503483399748802e-03
2.456520085389493965e+06,1.004331588745117188e+00,1.359662273898720741e-03
2.456520086778399535e+06,1.005239248275756836e+00,1.358158420771360397e-03
2.456520088167305104e+06,1.004564285278320312e+00,1.357480883598327637e-03
2.456520089556210674e+06,1.005200147628784180e+00,1.358112203888595104e-03
2.456520090945116244e+06,1.003691673278808594e+00,1.358778332360088825e-03
2.456520092334021814e+06,1.005159139633178711e+00,1.358749112114310265e-03
2.456520093722927384e+06,1.005503535270690918e+00,1.358827343210577965e-03
2.456520095111832954e+06,1.004504442214965820e+00,1.357147120870649815e-03
2.456520096500738524e+06,1.007719874382019043e+00,1.358851557597517967e-03
2.456520097889644094e+06,1.009941458702087402e+00,1.359841902740299702e-03
2.456520099278549664e+06,1.006651520729064941e+00,1.358066103421151638e-03
2.456520100667455234e+06,1.005363464355468750e+00,1.358368317596614361e-03
2.456520102056360338e+06,1.005216836929321289e+00,1.358186476863920689e-03
2.456520103445265908e+06,1.004394412040710449e+00,1.356843975372612476e-03
2.456520104834171478e+06,1.005453944206237793e+00,1.358195906504988670e-03
2.456520106223077048e+06,1.003901600837707520e+00,1.358449342660605907e-03
2.456520107611983083e+06,1.003419399261474609e+00,1.356994500383734703e-03
2.456520109000888187e+06,1.004212021827697754e+00,1.359460875391960144e-03
2.456520110389793757e+06,1.007802367210388184e+00,1.360303955152630806e-03
2.456520111778699327e+06,1.004798889160156250e+00,1.357697183266282082e-03
2.456520113167604897e+06,1.007487058639526367e+00,1.359073561616241932e-03
2.456520114556510467e+06,1.005568981170654297e+00,1.357864821329712868e-03
2.456520115945416037e+06,1.007139563560485840e+00,1.361075672321021557e-03
2.456520117334321607e+06,1.004786610603332520e+00,1.358622219413518906e-03
2.456520118723227177e+06,1.006071448326110840e+00,1.358515582978725433e-03
2.456520120112132747e+06,1.006852626800537109e+00,1.359014771878719330e-03
2.456520121501038317e+06,1.005564451217651367e+00,1.358549227006733418e-03
2.456520122889943887e+06,1.005787611007690430e+00,1.359921181574463844e-03
2.456520124278848991e+06,1.005278825759887695e+00,1.361101050861179829e-03
2.456520125667754561e+06,1.004504680633544922e+00,1.357992878183722496e-03
2.456520127056660131e+06,1.006107211112976074e+00,1.359237357974052429e-03
2.456520128445565701e+06,1.005107522010803223e+00,1.358294975943863392e-03
2.456520129834471270e+06,1.003664255142211914e+00,1.357596367597579956e-03
2.456520131223376840e+06,1.008104205131530762e+00,1.361279049888253212e-03
2.456520132612282410e+06,1.006577730178833008e+00,1.359170884825289249e-03
2.456520134001187980e+06,1.004761934280395508e+00,1.359115005470812321e-03
2.456520135390093550e+06,1.006710410118103027e+00,1.358541194349527359e-03
2.456520136778999120e+06,1.005418300628662109e+00,1.359597197733819485e-03
2.456520138167904224e+06,1.004452466964721680e+00,1.359288580715656281e-03
2.456520139556809794e+06,1.006104946136474609e+00,1.358784735202789307e-03
2.456520140945715364e+06,1.002986192703247070e+00,1.358465407975018024e-03
2.456520142334620934e+06,1.004318356513977051e+00,1.360345166176557541e-03
2.456520143723526504e+06,1.001637220382690430e+00,1.357689267024397850e-03
2.456520145112432074e+06,1.005432486534118652e+00,1.358566107228398323e-03
2.456520146501337644e+06,1.005395889282226562e+00,1.361189177259802818e-03
2.456520147890243214e+06,1.003977179527282715e+00,1.359282410703599453e-03
2.456520149279148784e+06,1.004574179649353027e+00,1.359827932901680470e-03
2.456520150668054353e+06,1.003415465354919434e+00,1.357397297397255898e-03
2.456520152056959923e+06,1.005093216896057129e+00,1.360692549496889114e-03
2.456520153445865028e+06,1.004046916961669922e+00,1.359562971629202366e-03
2.456520154834770598e+06,1.006044983863830566e+00,1.360398367978632450e-03
2.456520156223676167e+06,1.004411339759826660e+00,1.357937464490532875e-03
2.456520157612581737e+06,1.005295515060424805e+00,1.358780078589916229e-03
2.456520159001487307e+06,1.005381584167480469e+00,1.359635614790022373e-03
2.456520160390392877e+06,1.004436850547790527e+00,1.359438174404203892e-03
2.456520161779298447e+06,1.006909251213073730e+00,1.359493471682071686e-03
2.456520163168204017e+06,1.005672693252563477e+00,1.359102781862020493e-03
2.456520164557109587e+06,1.005480885505676270e+00,1.359467045404016972e-03
2.456520165946015157e+06,1.005773901939392090e+00,1.359566580504179001e-03
2.456520167334920727e+06,1.004673600196838379e+00,1.361271948553621769e-03
2.456520168723825831e+06,1.008914589881896973e+00,1.359933987259864807e-03
2.456520170112731401e+06,1.005960464477539062e+00,1.360367168672382832e-03
2.456520171501636971e+06,1.003894090652465820e+00,1.359265879727900028e-03
2.456520172890542541e+06,1.005447745323181152e+00,1.359720248728990555e-03
2.456520174279448111e+06,1.006587862968444824e+00,1.358987297862768173e-03
2.456520175668353681e+06,1.005375027656555176e+00,1.361362170428037643e-03
2.456520177057259250e+06,1.005412459373474121e+00,1.359097543172538280e-03
2.456520178446164820e+06,1.005445361137390137e+00,1.360054593533277512e-03
2.456520179835069925e+06,1.003544330596923828e+00,1.359221059828996658e-03
2.456520181223975495e+06,1.003524541854858398e+00,1.359250163659453392e-03
2.456520182612881064e+06,1.005385994911193848e+00,1.358392299152910709e-03
2.456520184001786634e+06,1.003045558929443359e+00,1.359253306873142719e-03
2.456520185390692204e+06,1.004709362983703613e+00,1.360613503493368626e-03
2.456520186779597774e+06,1.003987073898315430e+00,1.360430032946169376e-03
2.456520188168503344e+06,1.003295063972473145e+00,1.357756555080413818e-03
2.456520189557408914e+06,1.004191756248474121e+00,1.359482877887785435e-03
2.456520190946314018e+06,1.004287242889404297e+00,1.358522684313356876e-03
2.456520192335219588e+06,1.002603530883789062e+00,1.357744098640978336e-03
2.456520193724125158e+06,1.003695607185363770e+00,1.359088113531470299e-03
2.456520195113030728e+06,1.004314780235290527e+00,1.358589390292763710e-03
2.456520196501936298e+06,1.005077123641967773e+00,1.359619200229644775e-03
2.456520197890841868e+06,1.008029460906982422e+00,1.359772169962525368e-03
2.456520199279747438e+06,1.003236293792724609e+00,1.359047251753509045e-03
2.456520200668652542e+06,1.004623174667358398e+00,1.359644113108515739e-03
2.456520202057558112e+06,1.003918647766113281e+00,1.359401503577828407e-03
2.456520203446463682e+06,1.002842068672180176e+00,1.357445493340492249e-03
2.456520204835369252e+06,1.004760742187500000e+00,1.360581372864544392e-03
2.456520206224274822e+06,1.003782510757446289e+00,1.360165188089013100e-03
2.456520207613180391e+06,1.005632877349853516e+00,1.360060530714690685e-03
2.456520209002085961e+06,1.002107381820678711e+00,1.358925481326878071e-03
2.456520210390991531e+06,1.000751495361328125e+00,1.357561675831675529e-03
2.456520211779897101e+06,1.002718687057495117e+00,1.357896020635962486e-03
2.456520213168802205e+06,1.003302812576293945e+00,1.358128618448972702e-03
2.456520214557707775e+06,9.998899102210998535e-01,1.359456335194408894e-03
2.456520215946613345e+06,1.001780986785888672e+00,1.359420479275286198e-03
2.456520217335518915e+06,1.003847241401672363e+00,1.358716981485486031e-03
2.456520218724424485e+06,1.002272605895996094e+00,1.357742701657116413e-03
2.456520220113329589e+06,1.000909328460693359e+00,1.357820117846131325e-03
2.456520221502235159e+06,1.002369046211242676e+00,1.358356908895075321e-03
2.456520222891140729e+06,1.001817941665649414e+00,1.357860863208770752e-03
2.456520224280046299e+06,1.003217339515686035e+00,1.360547961667180061e-03
2.456520225668951869e+06,9.997211694717407227e-01,1.357706496492028236e-03
2.456520227057857439e+06,1.000628113746643066e+00,1.360148075036704540e-03
2.456520228446762543e+06,1.001000642776489258e+00,1.357354572974145412e-03
2.456520229835668113e+06,9.995595216751098633e-01,1.357198110781610012e-03
2.456520231224573683e+06,1.002543926239013672e+00,1.358591485768556595e-03
2.456520232613479253e+06,1.002706170082092285e+00,1.358521287329494953e-03
2.456520234002384823e+06,9.996569156646728516e-01,1.357613247819244862e-03
2.456520235391290393e+06,1.002159118652343750e+00,1.358358538709580898e-03
2.456520236780195963e+06,1.002605199813842773e+00,1.358222682029008865e-03
2.456520238169101533e+06,1.000204920768737793e+00,1.357566332444548607e-03
2.456520239558006637e+06,1.001320242881774902e+00,1.356927561573684216e-03
2.456520240946912207e+06,9.996657371520996094e-01,1.356706838123500347e-03
2.456520242335817777e+06,9.984248876571655273e-01,1.356760622002184391e-03
2.456520243724723347e+06,9.958795905113220215e-01,1.354585168883204460e-03
2.456520245113628916e+06,9.993497133255004883e-01,1.355813117697834969e-03
2.456520246502534486e+06,9.980373978614807129e-01,1.356086228042840958e-03
2.456520247891440056e+06,9.996020793914794922e-01,1.356851193122565746e-03
2.456520249280345161e+06,9.984089136123657227e-01,1.356255961582064629e-03
2.456520250669250730e+06,9.989881515502929688e-01,1.357694505713880062e-03
2.456520252058156300e+06,9.989483952522277832e-01,1.356070395559072495e-03
2.456520253447061870e+06,1.000859022140502930e+00,1.356432097963988781e-03
2.456520254835967440e+06,9.990692138671875000e-01,1.356066321022808552e-03
2.456520256224873010e+06,9.998054504394531250e-01,1.356867840513586998e-03
2.456520257613778114e+06,9.991140365600585938e-01,1.357125351205468178e-03
2.456520259002683684e+06,9.980593323707580566e-01,1.356244552880525589e-03
2.456520260391589254e+06,9.985821247100830078e-01,1.357894507236778736e-03
2.456520261780494824e+06,9.999997615814208984e-01,1.357811619527637959e-03
2.456520263169400394e+06,9.977456331253051758e-01,1.355762127786874771e-03
2.456520264558305498e+06,9.987203478813171387e-01,1.357453758828341961e-03
2.456520265947211068e+06,9.986358880996704102e-01,1.355865853838622570e-03
2.456520267336116638e+06,9.954907298088073730e-01,1.353312633000314236e-03
2.456520268725022208e+06,9.988917708396911621e-01,1.356619875878095627e-03
2.456520270113927778e+06,9.966013431549072266e-01,1.357560628093779087e-03
2.456520271502832882e+06,9.977872967720031738e-01,1.355370855890214443e-03
2.456520272891738452e+06,9.977871775627136230e-01,1.354978419840335846e-03
2.456520274280644022e+06,9.964654445648193359e-01,1.355329412035644054e-03
2.456520275669549592e+06,9.986602663993835449e-01,1.355913700535893440e-03
2.456520277058455162e+06,9.960147738456726074e-01,1.354919979348778725e-03
2.456520278447360732e+06,9.953770041465759277e-01,1.354078529402613640e-03
2.456520279836265836e+06,9.974489212036132812e-01,1.355876796878874302e-03
2.456520281225171406e+06,9.965198636054992676e-01,1.354523119516670704e-03
2.456520282614076976e+06,9.975951910018920898e-01,1.355797518044710159e-03
2.456520284002982546e+06,9.956194162368774414e-01,1.355369691736996174e-03
2.456520285391888116e+06,9.967898726463317871e-01,1.354794716462492943e-03
2.456520286780793220e+06,9.969940781593322754e-01,1.354353036731481552e-03
2.456520288169698790e+06,9.978154897689819336e-01,1.354186679236590862e-03
2.456520289558604360e+06,9.996240139007568359e-01,1.356342108920216560e-03
2.456520290947509930e+06,9.978293180465698242e-01,1.357371569611132145e-03
2.456520292336415499e+06,9.979109168052673340e-01,1.355775631964206696e-03
2.456520293725320604e+06,9.973879456520080566e-01,1.354234060272574425e-03
2.456520295114226174e+06,9.971332550048828125e-01,1.354742213152348995e-03
2.456520296503131744e+06,9.971460700035095215e-01,1.355248852632939816e-03
2.456520297892037313e+06,9.970222115516662598e-01,1.357036177068948746e-03
2.456520299280942883e+06,9.982840418815612793e-01,1.356767374090850353e-03
2.456520300669848453e+06,9.964350461959838867e-01,1.355212414637207985e-03
2.456520302058753558e+06,9.964771270751953125e-01,1.353341504000127316e-03
2.456520303447659127e+06,9.982244968414306641e-01,1.357756438665091991e-03
2.456520304836564697e+06,9.971909523010253906e-01,1.354676787741482258e-03
2.456520306225470267e+06,9.968782067298889160e-01,1.354471663944423199e-03
2.456520307614375371e+06,9.961957931518554688e-01,1.353390980511903763e-03
2.456520309003280941e+06,9.985160827636718750e-01,1.354915439151227474e-03
2.456520310392186511e+06,9.975972175598144531e-01,1.354521489702165127e-03
2.456520311781092081e+06,9.965472817420959473e-01,1.353253144770860672e-03
2.456520313169997185e+06,9.951034784317016602e-01,1.353675615973770618e-03
2.456520314558902755e+06,9.971147179603576660e-01,1.353597617708146572e-03
2.456520315947808325e+06,9.984740018844604492e-01,1.356016146019101143e-03
2.456520317336713895e+06,9.969301819801330566e-01,1.354592852294445038e-03
2.456520318725618999e+06,9.986878633499145508e-01,1.359455171041190624e-03
2.456520320114524569e+06,1.001385331153869629e+00,1.355849439278244972e-03
2.456520321503430139e+06,9.984890818595886230e-01,1.354735693894326687e-03
2.456520322892335709e+06,9.975300431251525879e-01,1.352996798232197762e-03
2.456520324281240813e+06,9.962739348411560059e-01,1.352735445834696293e-03
2.456520325670146383e+06,9.975068569183349609e-01,1.353087718598544598e-03
2.456520327059051953e+06,9.983332753181457520e-01,1.353471539914608002e-03
2.456520328447957523e+06,9.975867867469787598e-01,1.352891325950622559e-03
2.456520329836863093e+06,9.969770312309265137e-01,1.353971194475889206e-03
2.456520331225768197e+06,9.975957274436950684e-01,1.354166539385914803e-03
2.456520332614673767e+06,9.964134097099304199e-01,1.353108091279864311e-03
2.456520334003579337e+06,9.931243658065795898e-01,1.351670827716588974e-03
2.456520335392484907e+06,9.966635107994079590e-01,1.352925552055239677e-03
2.456520336781390477e+06,9.966778755187988281e-01,1.353416242636740208e-03
2.456520338170295581e+06,9.986513853073120117e-01,1.354592852294445038e-03
2.456520339559201151e+06,9.954020977020263672e-01,1.353622647002339363e-03
2.456520340948106721e+06,9.965017437934875488e-01,1.351194456219673157e-03
2.456520342337012291e+06,9.969224333763122559e-01,1.352728693746030331e-03
2.456520343725917861e+06,9.976230859756469727e-01,1.355674932710826397e-03
2.456520345114822965e+06,9.945490360260009766e-01,1.353650819510221481e-03
2.456520346503728535e+06,9.965109229087829590e-01,1.352781080640852451e-03
2.456520347892634105e+06,9.948565959930419922e-01,1.352296094410121441e-03
2.456520349281539675e+06,9.980995059013366699e-01,1.352804945781826973e-03
2.456520350670444779e+06,9.976943731307983398e-01,1.353761646896600723e-03
2.456520352059350349e+06,9.947097301483154297e-01,1.350703183561563492e-03
2.456520353448255919e+06,9.970950484275817871e-01,1.353285741060972214e-03
2.456520354837161023e+06,9.995476603507995605e-01,1.354592852294445038e-03
2.456520356226066593e+06,9.945799708366394043e-01,1.351324375718832016e-03
2.456520357614972163e+06,9.971896409988403320e-01,1.354028703644871712e-03
2.456520359003877733e+06,9.939659237861633301e-01,1.351576065644621849e-03
2.456520360392782837e+06,9.973359107971191406e-01,1.354040345177054405e-03
2.456520361781688407e+06,9.968626499176025391e-01,1.352638821117579937e-03
2.456520363170593977e+06,9.981788992881774902e-01,1.355552114546298981e-03
2.456520364559499547e+06,9.969263672828674316e-01,1.353491912595927715e-03
2.456520365948405117e+06,9.986262917518615723e-01,1.353573868982493877e-03
2.456520367337310687e+06,9.975414872169494629e-01,1.352088060230016708e-03
2.456520368726215791e+06,9.961898922920227051e-01,1.352684223093092442e-03
2.456520370115121361e+06,9.999979138374328613e-01,1.353394356556236744e-03
2.456520371504026931e+06,9.962309598922729492e-01,1.352855935692787170e-03
2.456520372892932035e+06,9.967906475067138672e-01,1.355332438834011555e-03
2.456520374281837605e+06,9.964628219604492188e-01,1.353140687569975853e-03
2.456520375670743175e+06,9.988781809806823730e-01,1.353221479803323746e-03
2.456520377059648279e+06,9.968292713165283203e-01,1.351510873064398766e-03
2.456520378448553849e+06,9.955654740333557129e-01,1.351230661384761333e-03
2.456520379837459419e+06,9.983277320861816406e-01,1.353247556835412979e-03
2.456520381226364989e+06,9.941273927688598633e-01,1.351165468804538250e-03
2.456520382615270093e+06,9.962552785873413086e-01,1.354423235170543194e-03
2.456520384004175663e+06,9.970548748970031738e-01,1.354978885501623154e-03
2.456520385393081233e+06,9.987352490425109863e-01,1.353792031295597553e-03
2.456520386781986803e+06,9.981490373611450195e-01,1.352728344500064850e-03
2.456520388170892373e+06,9.962601661682128906e-01,1.352726016193628311e-03
2.456520389559797477e+06,9.950272440910339355e-01,1.351058133877813816e-03
2.456520390948703047e+06,9.980887770652770996e-01,1.352974562905728817e-03
2.456520392337608617e+06,9.954913854598999023e-01,1.351799350231885910e-03
2.456520393726513721e+06,9.977080821990966797e-01,1.353525556623935699e-03
2.456520395115419291e+06,9.974864721298217773e-01,1.353148487396538258e-03
2.456520396504324861e+06,9.971849918365478516e-01,1.353577827103435993e-03
2.456520397893229965e+06,9.974620938301086426e-01,1.352501334622502327e-03
2.456520399282135535e+06,9.956342577934265137e-01,1.352036371827125549e-03
2.456520400671041105e+06,9.967098832130432129e-01,1.352390390820801258e-03
2.456520402059946675e+06,9.971004724502563477e-01,1.353569678030908108e-03
2.456520403448852245e+06,9.962844252586364746e-01,1.351866056211292744e-03
2.456520404837757349e+06,9.960521459579467773e-01,1.352346385829150677e-03
2.456520406226662919e+06,9.965767264366149902e-01,1.352509949356317520e-03
2.456520407615568489e+06,9.984780550003051758e-01,1.352952676825225353e-03
2.456520409004473593e+06,9.983075857162475586e-01,1.352616120129823685e-03
2.456520410393379163e+06,9.982381463050842285e-01,1.353264902718365192e-03
2.456520411782284733e+06,9.971632361412048340e-01,1.353121711872518063e-03
2.456520413171189837e+06,9.987375140190124512e-01,1.353962346911430359e-03
2.456520414560095407e+06,9.988096356391906738e-01,1.354000763967633247e-03
2.456520415949000977e+06,9.979175329208374023e-01,1.352657447569072247e-03
2.456520417337906547e+06,1.000705003738403320e+00,1.353955711238086224e-03
2.456520418726812117e+06,9.962059259414672852e-01,1.353156054392457008e-03
2.456520420115717221e+06,9.975380897521972656e-01,1.352695981040596962e-03
2.456520421504622791e+06,9.960432648658752441e-01,1.353144529275596142e-03
2.456520422893527895e+06,9.988455176353454590e-01,1.353073166683316231e-03
2.456520424282433465e+06,9.973872303962707520e-01,1.353810308501124382e-03
2.456520425671339035e+06,9.980641603469848633e-01,1.353987725451588631e-03
2.456520427060244139e+06,9.981510639190673828e-01,1.352873863652348518e-03
2.456520428449149709e+06,9.976382255554199219e-01,1.353375730104744434e-03
2.456520429838055279e+06,9.994703531265258789e-01,1.353774103336036205e-03
2.456520431226960849e+06,9.951981902122497559e-01,1.353545812889933586e-03
2.456520432615866419e+06,9.977551102638244629e-01,1.351685379631817341e-03
2.456520434004771523e+06,9.957481622695922852e-01,1.351742888800799847e-03
2.456520435393677093e+06,9.979812502861022949e-01,1.352302380837500095e-03
2.456520436782582197e+06,9.963769316673278809e-01,1.353723229840397835e-03
2.456520438171487767e+06,9.998638629913330078e-01,1.354406704194843769e-03
2.456520439560393337e+06,9.958481788635253906e-01,1.352563849650323391e-03
2.456520440949298907e+06,9.986721277236938477e-01,1.352933817543089390e-03
2.456520442338204011e+06,9.982913136482238770e-01,1.356044434942305088e-03
2.456520443727109581e+06,9.957953095436096191e-01,1.352088642306625843e-03
2.456520445116015151e+06,9.971297383308410645e-01,1.352961175143718719e-03
2.456520446504920255e+06,9.994295835494995117e-01,1.353803672827780247e-03
2.456520447893825825e+06,9.968295097351074219e-01,1.353424158878624439e-03
2.456520449282731395e+06,9.990027546882629395e-01,1.353277359157800674e-03
2.456520450671636499e+06,9.977321624755859375e-01,1.352796913124620914e-03
2.456520452060542069e+06,9.990409612655639648e-01,1.353948377072811127e-03
2.456520453449447639e+06,9.979799389839172363e-01,1.352369668893516064e-03
2.456520454838353209e+06,9.978171586990356445e-01,1.352358958683907986e-03
2.456520456227258313e+06,9.976813793182373047e-01,1.353147206827998161e-03
2.456520457616163883e+06,9.984452128410339355e-01,1.353854662738740444e-03
2.456520459005069453e+06,9.993876814842224121e-01,1.355197047814726830e-03
2.456520460393974558e+06,1.001163125038146973e+00,1.353365019895136356e-03
2.456520461782880127e+06,9.991083145141601562e-01,1.353449304588139057e-03
2.456520463171785697e+06,9.981620311737060547e-01,1.354207750409841537e-03
2.456520464560690802e+06,9.991835355758666992e-01,1.354104140773415565e-03
2.456520465949596372e+06,9.973736405372619629e-01,1.353513216599822044e-03
2.456520467338501941e+06,9.981315732002258301e-01,1.353209139779210091e-03
2.456520468727407046e+06,9.969731569290161133e-01,1.354109263047575951e-03
2.456520470116312616e+06,9.975522756576538086e-01,1.354517415165901184e-03
2.456520471505217720e+06,9.989275932312011719e-01,1.354390988126397133e-03
2.456520472894123290e+06,9.987863302230834961e-01,1.354390755295753479e-03
2.456520474283028860e+06,9.951996207237243652e-01,1.353219733573496342e-03
2.456520475671934430e+06,9.983496665954589844e-01,1.355190179310739040e-03
2.456520477060839999e+06,9.989988207817077637e-01,1.354435575194656849e-03
2.456520478449745104e+06,9.984508156776428223e-01,1.354405656456947327e-03
2.456520479838650674e+06,9.986015558242797852e-01,1.354690524749457836e-03
2.456520481227555778e+06,9.974650740623474121e-01,1.352641498669981956e-03
2.456520482616461348e+06,9.970104694366455078e-01,1.353791332803666592e-03
2.456520484005366918e+06,9.976927638053894043e-01,1.355906482785940170e-03
2.456520485394272488e+06,9.973142147064208984e-01,1.353526255115866661e-03
2.456520486783177592e+06,9.966889023780822754e-01,1.353386323899030685e-03
2.456520488172083162e+06,9.992673993110656738e-01,1.354809734039008617e-03
2.456520489560988266e+06,9.988899230957031250e-01,1.354349660687148571e-03
2.456520490949893836e+06,9.976328015327453613e-01,1.355256768874824047e-03
2.456520492338799406e+06,9.988006949424743652e-01,1.354937674477696419e-03
2.456520493727704510e+06,9.971781969070434570e-01,1.353757106699049473e-03
2.456520495116610080e+06,9.966661930084228516e-01,1.354070263914763927e-03
2.456520496505515650e+06,9.994485378265380859e-01,1.354792271740734577e-03
2.456520497894420754e+06,9.972391128540039062e-01,1.356476801447570324e-03
2.456520499283326324e+06,9.979238510131835938e-01,1.354958978481590748e-03
