0.000000000000000000e+00,9.999480357504945127e-01,1.000000000000000021e-03
3.003003003003002977e-03,9.998888039496455216e-01,1.000000000000000021e-03
6.006006006006005954e-03,1.001041796799084116e+00,1.000000000000000021e-03
9.009009009009008931e-03,9.987432607059349987e-01,1.000000000000000021e-03
1.201201201201201191e-02,1.000745387681497345e+00,1.000000000000000021e-03
1.501501501501501488e-02,9.982889462392723345e-01,1.000000000000000021e-03
1.801801801801801786e-02,9.997941356182756811e-01,1.000000000000000021e-03
2.102102102102101910e-02,9.997654287087928138e-01,1.000000000000000021e-03
2.402402402402402382e-02,1.001128144043810453e+00,1.000000000000000021e-03
2.702702702702702853e-02,9.999873740483721241e-01,1.000000000000000021e-03
3.003003003003002977e-02,9.993867997130867487e-01,1.000000000000000021e-03
3.303303303303303101e-02,1.001373688499760384e+00,1.000000000000000021e-03
3.603603603603603572e-02,1.001610991976438436e+00,1.000000000000000021e-03
3.903903903903904044e-02,9.993107717287591507e-01,1.000000000000000021e-03
4.204204204204203821e-02,1.000691923710650855e+00,1.000000000000000021e-03
4.504504504504504292e-02,9.995518843974235956e-01,1.000000000000000021e-03
4.804804804804804763e-02,1.000162342466797138e+00,1.000000000000000021e-03
5.105105105105105234e-02,1.000257229134128290e+00,1.000000000000000021e-03
5.405405405405405705e-02,9.987245441406987778e-01,1.000000000000000021e-03
5.705705705705705483e-02,1.000064004434925602e+00,1.000000000000000021e-03
6.006006006006005954e-02,9.989381433817621225e-01,1.000000000000000021e-03
6.306306306306305731e-02,9.990106316064311098e-01,1.000000000000000021e-03
6.606606606606606202e-02,9.995422767740055336e-01,1.000000000000000021e-03
6.906906906906906674e-02,9.980158183856576715e-01,1.000000000000000021e-03
7.207207207207207145e-02,9.985235578780045085e-01,1.000000000000000021e-03
7.507507507507507616e-02,1.000231802959660188e+00,1.000000000000000021e-03
7.807807807807808087e-02,1.000644159274443057e+00,1.000000000000000021e-03
8.108108108108108558e-02,1.000852122695266022e+00,1.000000000000000021e-03
8.408408408408407642e-02,9.944042043910982231e-01,1.000000000000000021e-03
8.708708708708708113e-02,9.883537604449645908e-01,1.000000000000000021e-03
9.009009009009008584e-02,9.892222031642766700e-01,1.000000000000000021e-03
9.309309309309309055e-02,9.888328771935134265e-01,1.000000000000000021e-03
9.609609609609609526e-02,9.862703641190766479e-01,1.000000000000000021e-03
9.909909909909909997e-02,9.859069871923228368e-01,1.000000000000000021e-03
1.021021021021021047e-01,9.880570447788902255e-01,1.000000000000000021e-03
1.051051051051051094e-01,9.888988037856158986e-01,1.000000000000000021e-03
1.081081081081081141e-01,9.876304846356167566e-01,1.000000000000000021e-03
1.111111111111111049e-01,9.886068886958935265e-01,1.000000000000000021e-03
1.141141141141141097e-01,9.899869246256736144e-01,1.000000000000000021e-03
1.171171171171171144e-01,9.984164021348364004e-01,1.000000000000000021e-03
1.201201201201201191e-01,1.000296681197194948e+00,1.000000000000000021e-03
1.231231231231231238e-01,1.000220753386453332e+00,1.000000000000000021e-03
1.261261261261261146e-01,9.995766991671102275e-01,1.000000000000000021e-03
1.291291291291291332e-01,1.001845615113434507e+00,1.000000000000000021e-03
1.321321321321321240e-01,1.000920114568805808e+00,1.000000000000000021e-03
1.351351351351351426e-01,9.994420837700500604e-01,1.000000000000000021e-03
1.381381381381381335e-01,9.997147749604169409e-01,1.000000000000000021e-03
1.411411411411411521e-01,9.989587333646948730e-01,1.000000000000000021e-03
1.441441441441441429e-01,1.000480369425532867e+00,1.000000000000000021e-03
1.471471471471471337e-01,9.985726223951959524e-01,1.000000000000000021e-03
1.501501501501501523e-01,9.996667335810559551e-01,1.000000000000000021e-03
1.531531531531531432e-01,1.000747308492681453e+00,1.000000000000000021e-03
1.561561561561561617e-01,1.000560229628367992e+00,1.000000000000000021e-03
1.591591591591591526e-01,1.000573708936359330e+00,1.000000000000000021e-03
1.621621621621621712e-01,9.988191194813669238e-01,1.000000000000000021e-03
1.651651651651651620e-01,1.000764650083383778e+00,1.000000000000000021e-03
1.681681681681681528e-01,9.998656150166082002e-01,1.000000000000000021e-03
1.711711711711711714e-01,1.001324637675747642e+00,1.000000000000000021e-03
1.741741741741741623e-01,9.997235723542791108e-01,1.000000000000000021e-03
1.771771771771771808e-01,1.001679550974313049e+00,1.000000000000000021e-03
1.801801801801801717e-01,1.000479543456223253e+00,1.000000000000000021e-03
1.831831831831831903e-01,1.000826893921579197e+00,1.000000000000000021e-03
1.861861861861861811e-01,9.997013112058623641e-01,1.000000000000000021e-03
1.891891891891891997e-01,9.997042905847364214e-01,1.000000000000000021e-03
1.921921921921921905e-01,9.997459036053140125e-01,1.000000000000000021e-03
1.951951951951951814e-01,1.001160239605680680e+00,1.000000000000000021e-03
1.981981981981981999e-01,9.997476597679558763e-01,1.000000000000000021e-03
2.012012012012011908e-01,1.000125516794029279e+00,1.000000000000000021e-03
2.042042042042042094e-01,1.001468837733778594e+00,1.000000000000000021e-03
2.072072072072072002e-01,1.000887205857946549e+00,1.000000000000000021e-03
2.102102102102102188e-01,1.000200495656591526e+00,1.000000000000000021e-03
2.132132132132132096e-01,1.000846510530454925e+00,1.000000000000000021e-03
2.162162162162162282e-01,9.992775086245746508e-01,1.000000000000000021e-03
2.192192192192192191e-01,9.993122578228071928e-01,1.000000000000000021e-03
2.222222222222222099e-01,1.001414443663276144e+00,1.000000000000000021e-03
2.252252252252252285e-01,1.003914309425838036e+00,1.000000000000000021e-03
2.282282282282282193e-01,1.003370337376847221e+00,1.000000000000000021e-03
2.312312312312312379e-01,1.004101315696548813e+00,1.000000000000000021e-03
2.342342342342342287e-01,1.002395801168653344e+00,1.000000000000000021e-03
2.372372372372372473e-01,1.001565179955139051e+00,1.000000000000000021e-03
2.402402402402402382e-01,1.003448821128559265e+00,1.000000000000000021e-03
2.432432432432432290e-01,1.001497585737665341e+00,1.000000000000000021e-03
2.462462462462462476e-01,1.000166531776475409e+00,1.000000000000000021e-03
2.492492492492492384e-01,1.003806880803440826e+00,1.000000000000000021e-03
2.522522522522522292e-01,1.004794780556367062e+00,1.000000000000000021e-03
2.552552552552552756e-01,1.004866455473540698e+00,1.000000000000000021e-03
2.582582582582582664e-01,1.006132613357131556e+00,1.000000000000000021e-03
2.612612612612612573e-01,1.005789172247090413e+00,1.000000000000000021e-03
2.642642642642642481e-01,1.005830942576032783e+00,1.000000000000000021e-03
2.672672672672672389e-01,1.004910215439899446e+00,1.000000000000000021e-03
2.702702702702702853e-01,1.006331375249712501e+00,1.000000000000000021e-03
2.732732732732732761e-01,1.005792480442549097e+00,1.000000000000000021e-03
2.762762762762762669e-01,1.007133015441048274e+00,1.000000000000000021e-03
2.792792792792792578e-01,1.009945929284222554e+00,1.000000000000000021e-03
2.822822822822823041e-01,1.008806559397945612e+00,1.000000000000000021e-03
2.852852852852852950e-01,1.009536315917850979e+00,1.000000000000000021e-03
2.882882882882882858e-01,1.009037188312208899e+00,1.000000000000000021e-03
2.912912912912912766e-01,1.012911723356225036e+00,1.000000000000000021e-03
2.942942942942942675e-01,1.008907590994097880e+00,1.000000000000000021e-03
2.972972972972973138e-01,1.010547907441028626e+00,1.000000000000000021e-03
3.003003003003003046e-01,1.012813966592890580e+00,1.000000000000000021e-03
3.033033033033032955e-01,1.010768948081929741e+00,1.000000000000000021e-03
3.063063063063062863e-01,1.010389603133099889e+00,1.000000000000000021e-03
3.093093093093093326e-01,1.011368962060771315e+00,1.000000000000000021e-03
3.123123123123123235e-01,1.011297563038987768e+00,1.000000000000000021e-03
3.153153153153153143e-01,1.010931806581897741e+00,1.000000000000000021e-03
3.183183183183183051e-01,1.009104005745865340e+00,1.000000000000000021e-03
3.213213213213212960e-01,1.010435017340383546e+00,1.000000000000000021e-03
3.243243243243243423e-01,1.008203677533247467e+00,1.000000000000000021e-03
3.273273273273273332e-01,1.008237390855091231e+00,1.000000000000000021e-03
3.303303303303303240e-01,1.007908948052526732e+00,1.000000000000000021e-03
3.333333333333333148e-01,1.008993336698845722e+00,1.000000000000000021e-03
3.363363363363363057e-01,1.008081960989219095e+00,1.000000000000000021e-03
3.393393393393393520e-01,1.007259239859480182e+00,1.000000000000000021e-03
3.423423423423423428e-01,1.008027413475753642e+00,1.000000000000000021e-03
3.453453453453453337e-01,1.006765047171754413e+00,1.000000000000000021e-03
3.483483483483483245e-01,1.007083622022956204e+00,1.000000000000000021e-03
3.513513513513513709e-01,1.007083687301951302e+00,1.000000000000000021e-03
3.543543543543543617e-01,1.006641646889143260e+00,1.000000000000000021e-03
3.573573573573573525e-01,1.006023954021074696e+00,1.000000000000000021e-03
3.603603603603603434e-01,1.005608998552111721e+00,1.000000000000000021e-03
3.633633633633633342e-01,1.007788448202685982e+00,1.000000000000000021e-03
3.663663663663663805e-01,1.004461020433660590e+00,1.000000000000000021e-03
3.693693693693693714e-01,1.006670943784734762e+00,1.000000000000000021e-03
3.723723723723723622e-01,1.005417820176053079e+00,1.000000000000000021e-03
3.753753753753753530e-01,1.005370097399736595e+00,1.000000000000000021e-03
3.783783783783783994e-01,1.004154908527265633e+00,1.000000000000000021e-03
3.813813813813813902e-01,1.005772232319804615e+00,1.000000000000000021e-03
3.843843843843843811e-01,1.005117446352113975e+00,1.000000000000000021e-03
3.873873873873873719e-01,1.006605132600029595e+00,1.000000000000000021e-03
3.903903903903903627e-01,1.004858546752418036e+00,1.000000000000000021e-03
3.933933933933934091e-01,1.004216831433102364e+00,1.000000000000000021e-03
3.963963963963963999e-01,1.003991812369123604e+00,1.000000000000000021e-03
3.993993993993993907e-01,1.006039833978221276e+00,1.000000000000000021e-03
4.024024024024023816e-01,1.005544662266043554e+00,1.000000000000000021e-03
4.054054054054054279e-01,1.004524859438314710e+00,1.000000000000000021e-03
4.084084084084084187e-01,1.006433550079337103e+00,1.000000000000000021e-03
4.114114114114114096e-01,1.004944893400070871e+00,1.000000000000000021e-03
4.144144144144144004e-01,1.004291333434350397e+00,1.000000000000000021e-03
4.174174174174173912e-01,1.005013739249712046e+00,1.000000000000000021e-03
4.204204204204204376e-01,1.003307600669523847e+00,1.000000000000000021e-03
4.234234234234234284e-01,1.004424870596811514e+00,1.000000000000000021e-03
4.264264264264264193e-01,1.003110711577993586e+00,1.000000000000000021e-03
4.294294294294294101e-01,1.004739800258007909e+00,1.000000000000000021e-03
4.324324324324324564e-01,1.004720536488194371e+00,1.000000000000000021e-03
4.354354354354354473e-01,1.003904177538429643e+00,1.000000000000000021e-03
4.384384384384384381e-01,1.005018493781443034e+00,1.000000000000000021e-03
4.414414414414414289e-01,1.003169269413903830e+00,1.000000000000000021e-03
4.444444444444444198e-01,1.004343629388761094e+00,1.000000000000000021e-03
4.474474474474474661e-01,1.003615019787259088e+00,1.000000000000000021e-03
4.504504504504504570e-01,1.002544305436137373e+00,1.000000000000000021e-03
4.534534534534534478e-01,1.004337716434820393e+00,1.000000000000000021e-03
4.564564564564564386e-01,1.005307678062787424e+00,1.000000000000000021e-03
4.594594594594594295e-01,1.006681476565920219e+00,1.000000000000000021e-03
4.624624624624624758e-01,1.003683223558574200e+00,1.000000000000000021e-03
4.654654654654654666e-01,1.004108087387447501e+00,1.000000000000000021e-03
4.684684684684684575e-01,1.005410382174208417e+00,1.000000000000000021e-03
4.714714714714714483e-01,1.002767644934970059e+00,1.000000000000000021e-03
4.744744744744744946e-01,1.005493516069456694e+00,1.000000000000000021e-03
4.774774774774774855e-01,1.002520583490631445e+00,1.000000000000000021e-03
4.804804804804804763e-01,1.003274107607864396e+00,1.000000000000000021e-03
4.834834834834834671e-01,1.004496544810611347e+00,1.000000000000000021e-03
4.864864864864864580e-01,1.004666811207526100e+00,1.000000000000000021e-03
4.894894894894895043e-01,1.006382429538586809e+00,1.000000000000000021e-03
4.924924924924924952e-01,1.004739703746343693e+00,1.000000000000000021e-03
4.954954954954954860e-01,1.006094493861353634e+00,1.000000000000000021e-03
4.984984984984984768e-01,1.006297307239341965e+00,1.000000000000000021e-03
5.015015015015015232e-01,1.006832196943133084e+00,1.000000000000000021e-03
5.045045045045044585e-01,1.006984406460324832e+00,1.000000000000000021e-03
5.075075075075075048e-01,1.007028460922827939e+00,1.000000000000000021e-03
5.105105105105105512e-01,1.006162780730545991e+00,1.000000000000000021e-03
5.135135135135134865e-01,1.005990495894183434e+00,1.000000000000000021e-03
5.165165165165165329e-01,1.005440570956832147e+00,1.000000000000000021e-03
5.195195195195194682e-01,1.003627892415634548e+00,1.000000000000000021e-03
5.225225225225225145e-01,1.003177632843786471e+00,1.000000000000000021e-03
5.255255255255255609e-01,1.005191097174865877e+00,1.000000000000000021e-03
5.285285285285284962e-01,1.003284337841243934e+00,1.000000000000000021e-03
5.315315315315315425e-01,1.003733236527605710e+00,1.000000000000000021e-03
5.345345345345344779e-01,1.004603441976278599e+00,1.000000000000000021e-03
5.375375375375375242e-01,1.003904161766705494e+00,1.000000000000000021e-03
5.405405405405405705e-01,1.003336226760538574e+00,1.000000000000000021e-03
5.435435435435435059e-01,1.003119246393904929e+00,1.000000000000000021e-03
5.465465465465465522e-01,1.003954577769743173e+00,1.000000000000000021e-03
5.495495495495495986e-01,1.005285841961649496e+00,1.000000000000000021e-03
5.525525525525525339e-01,1.002027866600919914e+00,1.000000000000000021e-03
5.555555555555555802e-01,1.003392759168940884e+00,1.000000000000000021e-03
5.585585585585585155e-01,1.004517929747956950e+00,1.000000000000000021e-03
5.615615615615615619e-01,1.003742663309625360e+00,1.000000000000000021e-03
5.645645645645646082e-01,1.002807602798240882e+00,1.000000000000000021e-03
5.675675675675675436e-01,1.003368894902275432e+00,1.000000000000000021e-03
5.705705705705705899e-01,1.003679947242436921e+00,1.000000000000000021e-03
5.735735735735735252e-01,1.004224858199011194e+00,1.000000000000000021e-03
5.765765765765765716e-01,1.001551382225795095e+00,1.000000000000000021e-03
5.795795795795796179e-01,1.002231964561246524e+00,1.000000000000000021e-03
5.825825825825825532e-01,1.003316073969974909e+00,1.000000000000000021e-03
5.855855855855855996e-01,1.003421864649824302e+00,1.000000000000000021e-03
5.885885885885885349e-01,1.003183475311934414e+00,1.000000000000000021e-03
5.915915915915915813e-01,1.003303974680438859e+00,1.000000000000000021e-03
5.945945945945946276e-01,1.003730352269091020e+00,1.000000000000000021e-03
5.975975975975975629e-01,1.003263446661587288e+00,1.000000000000000021e-03
6.006006006006006093e-01,1.005332564114004956e+00,1.000000000000000021e-03
6.036036036036035446e-01,1.002048652577442134e+00,1.000000000000000021e-03
6.066066066066065909e-01,1.002326949863118433e+00,1.000000000000000021e-03
6.096096096096096373e-01,1.001195203505798936e+00,1.000000000000000021e-03
6.126126126126125726e-01,1.003206749751816895e+00,1.000000000000000021e-03
6.156156156156156189e-01,1.002816539264545836e+00,1.000000000000000021e-03
6.186186186186186653e-01,1.002385197512605686e+00,1.000000000000000021e-03
6.216216216216216006e-01,1.001363229515156661e+00,1.000000000000000021e-03
6.246246246246246470e-01,1.004442090180224900e+00,1.000000000000000021e-03
6.276276276276275823e-01,1.002865653634792409e+00,1.000000000000000021e-03
6.306306306306306286e-01,1.003243149228985498e+00,1.000000000000000021e-03
6.336336336336336750e-01,1.001042886668674692e+00,1.000000000000000021e-03
6.366366366366366103e-01,1.002693511359745493e+00,1.000000000000000021e-03
6.396396396396396566e-01,1.002832243984691285e+00,1.000000000000000021e-03
6.426426426426425920e-01,1.004029348677116129e+00,1.000000000000000021e-03
6.456456456456456383e-01,1.002866412032402677e+00,1.000000000000000021e-03
6.486486486486486847e-01,1.003322196727382654e+00,1.000000000000000021e-03
6.516516516516516200e-01,1.000672042568881537e+00,1.000000000000000021e-03
6.546546546546546663e-01,1.001994196304773155e+00,1.000000000000000021e-03
6.576576576576576016e-01,1.002265620458402839e+00,1.000000000000000021e-03
6.606606606606606480e-01,1.002058124805565775e+00,1.000000000000000021e-03
6.636636636636636943e-01,1.001845264463123719e+00,1.000000000000000021e-03
6.666666666666666297e-01,1.001794693831314920e+00,1.000000000000000021e-03
6.696696696696696760e-01,1.003388185441960179e+00,1.000000000000000021e-03
6.726726726726726113e-01,1.001640929536787183e+00,1.000000000000000021e-03
6.756756756756756577e-01,1.002782002295515618e+00,1.000000000000000021e-03
6.786786786786787040e-01,1.002714866737214772e+00,1.000000000000000021e-03
6.816816816816816393e-01,1.001645488424198094e+00,1.000000000000000021e-03
6.846846846846846857e-01,1.002120800983043347e+00,1.000000000000000021e-03
6.876876876876877320e-01,9.995819149333388109e-01,1.000000000000000021e-03
6.906906906906906674e-01,1.001332595179570850e+00,1.000000000000000021e-03
6.936936936936937137e-01,1.003014319493776618e+00,1.000000000000000021e-03
6.966966966966966490e-01,1.001270361596222402e+00,1.000000000000000021e-03
6.996996996996996954e-01,9.998255515929849180e-01,1.000000000000000021e-03
7.027027027027027417e-01,1.002835639006979918e+00,1.000000000000000021e-03
7.057057057057056770e-01,1.000548526639629010e+00,1.000000000000000021e-03
7.087087087087087234e-01,1.003177198227659828e+00,1.000000000000000021e-03
7.117117117117116587e-01,1.001773859283297874e+00,1.000000000000000021e-03
7.147147147147147050e-01,1.000492273400715559e+00,1.000000000000000021e-03
7.177177177177177514e-01,1.001084689845842091e+00,1.000000000000000021e-03
7.207207207207206867e-01,1.003318238022855358e+00,1.000000000000000021e-03
7.237237237237237331e-01,1.001924011778716483e+00,1.000000000000000021e-03
7.267267267267266684e-01,1.001638356486439951e+00,1.000000000000000021e-03
7.297297297297297147e-01,1.001865117188503129e+00,1.000000000000000021e-03
7.327327327327327611e-01,1.001517175662407944e+00,1.000000000000000021e-03
7.357357357357356964e-01,1.001028865111450505e+00,1.000000000000000021e-03
7.387387387387387427e-01,1.002281952472864779e+00,1.000000000000000021e-03
7.417417417417417891e-01,1.003112354874631462e+00,1.000000000000000021e-03
7.447447447447447244e-01,1.001715220801230988e+00,1.000000000000000021e-03
7.477477477477477708e-01,1.003198856239051695e+00,1.000000000000000021e-03
7.507507507507507061e-01,1.002708655151569372e+00,1.000000000000000021e-03
7.537537537537537524e-01,1.000065271030817327e+00,1.000000000000000021e-03
7.567567567567567988e-01,1.002272232650932571e+00,1.000000000000000021e-03
7.597597597597597341e-01,1.002892826303543705e+00,1.000000000000000021e-03
7.627627627627627804e-01,9.995216962069722877e-01,1.000000000000000021e-03
7.657657657657657158e-01,1.000960592577986974e+00,1.000000000000000021e-03
7.687687687687687621e-01,1.001968203743963670e+00,1.000000000000000021e-03
7.717717717717718084e-01,1.000603371957569987e+00,1.000000000000000021e-03
7.747747747747747438e-01,1.001473648166809394e+00,1.000000000000000021e-03
7.777777777777777901e-01,1.001118503478213961e+00,1.000000000000000021e-03
7.807807807807807254e-01,1.000467260692255778e+00,1.000000000000000021e-03
7.837837837837837718e-01,1.001238740783354286e+00,1.000000000000000021e-03
7.867867867867868181e-01,1.000925087010888559e+00,1.000000000000000021e-03
7.897897897897897534e-01,1.001270624449398072e+00,1.000000000000000021e-03
7.927927927927927998e-01,1.001265414744678228e+00,1.000000000000000021e-03
7.957957957957957351e-01,1.000597018448688313e+00,1.000000000000000021e-03
7.987987987987987815e-01,1.000459787294582403e+00,1.000000000000000021e-03
8.018018018018018278e-01,1.000630374854411198e+00,1.000000000000000021e-03
8.048048048048047631e-01,1.001721867289497636e+00,1.000000000000000021e-03
8.078078078078078095e-01,1.000202308802943030e+00,1.000000000000000021e-03
8.108108108108108558e-01,1.002555076666862943e+00,1.000000000000000021e-03
8.138138138138137911e-01,1.000300473100021570e+00,1.000000000000000021e-03
8.168168168168168375e-01,1.003077487344046004e+00,1.000000000000000021e-03
8.198198198198197728e-01,1.000934057807411737e+00,1.000000000000000021e-03
8.228228228228228192e-01,1.000705123339541869e+00,1.000000000000000021e-03
8.258258258258258655e-01,1.000619488615436037e+00,1.000000000000000021e-03
8.288288288288288008e-01,1.001620168703110769e+00,1.000000000000000021e-03
8.318318318318318472e-01,1.001310330517668712e+00,1.000000000000000021e-03
8.348348348348347825e-01,1.000223310887298211e+00,1.000000000000000021e-03
8.378378378378378288e-01,1.001307980543963749e+00,1.000000000000000021e-03
8.408408408408408752e-01,1.001604535018368436e+00,1.000000000000000021e-03
8.438438438438438105e-01,1.001319281668346051e+00,1.000000000000000021e-03
8.468468468468468568e-01,1.002418262465676335e+00,1.000000000000000021e-03
8.498498498498497922e-01,9.986203402573076149e-01,1.000000000000000021e-03
8.528528528528528385e-01,1.000881567646291437e+00,1.000000000000000021e-03
8.558558558558558849e-01,1.000464878665614066e+00,1.000000000000000021e-03
8.588588588588588202e-01,1.001554923546521536e+00,1.000000000000000021e-03
8.618618618618618665e-01,1.003020874026591569e+00,1.000000000000000021e-03
8.648648648648649129e-01,9.997008909583594560e-01,1.000000000000000021e-03
8.678678678678678482e-01,1.000240331780682945e+00,1.000000000000000021e-03
8.708708708708708945e-01,1.000839129068029187e+00,1.000000000000000021e-03
8.738738738738738299e-01,1.002020076622127887e+00,1.000000000000000021e-03
8.768768768768768762e-01,1.002117314892301492e+00,1.000000000000000021e-03
8.798798798798799226e-01,1.000348641282623241e+00,1.000000000000000021e-03
8.828828828828828579e-01,1.001920584494455202e+00,1.000000000000000021e-03
8.858858858858859042e-01,1.001002477732626961e+00,1.000000000000000021e-03
8.888888888888888395e-01,1.002082456436852453e+00,1.000000000000000021e-03
8.918918918918918859e-01,1.001136573610781344e+00,1.000000000000000021e-03
8.948948948948949322e-01,1.001601778247467989e+00,1.000000000000000021e-03
8.978978978978978676e-01,1.001064408548666185e+00,1.000000000000000021e-03
9.009009009009009139e-01,1.000161448480985982e+00,1.000000000000000021e-03
9.039039039039038492e-01,1.000095643840057669e+00,1.000000000000000021e-03
9.069069069069068956e-01,1.001511544804467135e+00,1.000000000000000021e-03
9.099099099099099419e-01,1.000301521698853113e+00,1.000000000000000021e-03
9.129129129129128772e-01,1.000012852455486323e+00,1.000000000000000021e-03
9.159159159159159236e-01,1.000779873106248274e+00,1.000000000000000021e-03
9.189189189189188589e-01,1.001456744642254204e+00,1.000000000000000021e-03
9.219219219219219053e-01,1.001627979329013041e+00,1.000000000000000021e-03
9.249249249249249516e-01,1.000275090002390233e+00,1.000000000000000021e-03
9.279279279279278869e-01,1.000810614462680492e+00,1.000000000000000021e-03
9.309309309309309333e-01,1.001518735057150833e+00,1.000000000000000021e-03
9.339339339339339796e-01,1.000304388466050298e+00,1.000000000000000021e-03
9.369369369369369149e-01,1.001908119307514999e+00,1.000000000000000021e-03
9.399399399399399613e-01,1.001093906220237084e+00,1.000000000000000021e-03
9.429429429429428966e-01,9.999281140659772582e-01,1.000000000000000021e-03
9.459459459459459429e-01,1.001553223168040851e+00,1.000000000000000021e-03
9.489489489489489893e-01,1.000623908225989123e+00,1.000000000000000021e-03
9.519519519519519246e-01,1.002482493825025633e+00,1.000000000000000021e-03
9.549549549549549710e-01,1.000743639120533324e+00,1.000000000000000021e-03
9.579579579579579063e-01,1.002419580614693606e+00,1.000000000000000021e-03
9.609609609609609526e-01,1.003174986687491277e+00,1.000000000000000021e-03
9.639639639639639990e-01,1.001478991025872123e+00,1.000000000000000021e-03
9.669669669669669343e-01,1.001410881267750685e+00,1.000000000000000021e-03
9.699699699699699806e-01,1.000523648210138727e+00,1.000000000000000021e-03
9.729729729729729160e-01,1.001003460995479433e+00,1.000000000000000021e-03
9.759759759759759623e-01,1.001687832424920099e+00,1.000000000000000021e-03
9.789789789789790087e-01,1.002881820613553909e+00,1.000000000000000021e-03
9.819819819819819440e-01,1.002105019887640447e+00,1.000000000000000021e-03
9.849849849849849903e-01,1.000055860941495345e+00,1.000000000000000021e-03
9.879879879879879256e-01,1.002141066764474786e+00,1.000000000000000021e-03
9.909909909909909720e-01,1.000150414723587566e+00,1.000000000000000021e-03
9.939939939939940183e-01,1.002668076982488055e+00,1.000000000000000021e-03
9.969969969969969537e-01,1.002048713976595007e+00,1.000000000000000021e-03
1.000000000000000000e+00,1.001338126963168929e+00,1.000000000000000021e-03
1.003003003003003046e+00,9.996047017617499808e-01,1.000000000000000021e-03
1.006006006006006093e+00,1.001447736589915261e+00,1.000000000000000021e-03
1.009009009009008917e+00,1.000136248013559159e+00,1.000000000000000021e-03
1.012012012012011963e+00,1.000051551438102759e+00,1.000000000000000021e-03
1.015015015015015010e+00,1.000667529592636162e+00,1.000000000000000021e-03
1.018018018018018056e+00,9.991563506002671957e-01,1.000000000000000021e-03
1.021021021021021102e+00,1.000839595885498312e+00,1.000000000000000021e-03
1.024024024024023927e+00,1.001124893807083138e+00,1.000000000000000021e-03
1.027027027027026973e+00,1.001627243580470950e+00,1.000000000000000021e-03
1.030030030030030019e+00,1.000135961996531320e+00,1.000000000000000021e-03
1.033033033033033066e+00,1.000243519012677273e+00,1.000000000000000021e-03
1.036036036036036112e+00,1.002071553740825127e+00,1.000000000000000021e-03
1.039039039039038936e+00,1.001963719883005588e+00,1.000000000000000021e-03
1.042042042042041983e+00,9.990330682450184741e-01,1.000000000000000021e-03
1.045045045045045029e+00,1.001264781152756189e+00,1.000000000000000021e-03
1.048048048048048075e+00,1.001704332703955203e+00,1.000000000000000021e-03
1.051051051051051122e+00,9.999980082859767361e-01,1.000000000000000021e-03
1.054054054054053946e+00,1.001677208622856474e+00,1.000000000000000021e-03
1.057057057057056992e+00,1.000433879666197567e+00,1.000000000000000021e-03
1.060060060060060039e+00,1.000296050272838633e+00,1.000000000000000021e-03
1.063063063063063085e+00,9.994487637939614144e-01,1.000000000000000021e-03
1.066066066066066131e+00,1.002013311766433157e+00,1.000000000000000021e-03
1.069069069069068956e+00,9.996583285030361532e-01,1.000000000000000021e-03
1.072072072072072002e+00,9.973611703432604392e-01,1.000000000000000021e-03
1.075075075075075048e+00,9.991634312939539075e-01,1.000000000000000021e-03
1.078078078078078095e+00,9.998312847480873566e-01,1.000000000000000021e-03
1.081081081081081141e+00,9.992223611141723971e-01,1.000000000000000021e-03
1.084084084084083965e+00,1.002000021995536061e+00,1.000000000000000021e-03
1.087087087087087012e+00,9.995475175316651528e-01,1.000000000000000021e-03
1.090090090090090058e+00,1.000020662427334450e+00,1.000000000000000021e-03
1.093093093093093104e+00,1.000546065216646463e+00,1.000000000000000021e-03
1.096096096096096151e+00,1.001126250178441701e+00,1.000000000000000021e-03
1.099099099099099197e+00,9.990662322110996918e-01,1.000000000000000021e-03
1.102102102102102021e+00,9.986631874648570495e-01,1.000000000000000021e-03
1.105105105105105068e+00,9.994806323335831966e-01,1.000000000000000021e-03
1.108108108108108114e+00,1.001012438849171016e+00,1.000000000000000021e-03
1.111111111111111160e+00,1.000154306173203889e+00,1.000000000000000021e-03
1.114114114114114207e+00,1.001049886684044488e+00,1.000000000000000021e-03
1.117117117117117031e+00,9.996803684449874217e-01,1.000000000000000021e-03
1.120120120120120077e+00,1.001432857289849876e+00,1.000000000000000021e-03
1.123123123123123124e+00,1.000744200387558402e+00,1.000000000000000021e-03
1.126126126126126170e+00,1.000520103256467230e+00,1.000000000000000021e-03
1.129129129129129216e+00,1.000986799086707402e+00,1.000000000000000021e-03
1.132132132132132041e+00,1.000810314540296453e+00,1.000000000000000021e-03
1.135135135135135087e+00,1.000719211789582674e+00,1.000000000000000021e-03
1.138138138138138133e+00,9.989819342198499319e-01,1.000000000000000021e-03
1.141141141141141180e+00,1.000787751596646125e+00,1.000000000000000021e-03
1.144144144144144226e+00,1.000354359690315276e+00,1.000000000000000021e-03
1.147147147147147050e+00,1.000945453049314038e+00,1.000000000000000021e-03
1.150150150150150097e+00,1.000746272090288436e+00,1.000000000000000021e-03
1.153153153153153143e+00,1.000096411794633378e+00,1.000000000000000021e-03
1.156156156156156189e+00,1.000963641203308052e+00,1.000000000000000021e-03
1.159159159159159236e+00,1.002046408957544266e+00,1.000000000000000021e-03
1.162162162162162060e+00,1.001065717132484822e+00,1.000000000000000021e-03
1.165165165165165106e+00,1.000564212701240185e+00,1.000000000000000021e-03
1.168168168168168153e+00,1.000664155539362055e+00,1.000000000000000021e-03
1.171171171171171199e+00,1.001559712374431088e+00,1.000000000000000021e-03
1.174174174174174246e+00,9.998566087287164006e-01,1.000000000000000021e-03
1.177177177177177070e+00,1.000540447978636616e+00,1.000000000000000021e-03
1.180180180180180116e+00,1.000154832387215587e+00,1.000000000000000021e-03
1.183183183183183163e+00,9.990540588452981874e-01,1.000000000000000021e-03
1.186186186186186209e+00,1.001270142751913284e+00,1.000000000000000021e-03
1.189189189189189255e+00,1.001428713058744480e+00,1.000000000000000021e-03
1.192192192192192080e+00,1.000205206189727747e+00,1.000000000000000021e-03
1.195195195195195126e+00,1.000357731648637838e+00,1.000000000000000021e-03
1.198198198198198172e+00,1.001120937441281500e+00,1.000000000000000021e-03
1.201201201201201219e+00,1.002314317340259553e+00,1.000000000000000021e-03
1.204204204204204265e+00,1.000478933606632204e+00,1.000000000000000021e-03
1.207207207207207089e+00,1.002501216474579682e+00,1.000000000000000021e-03
1.210210210210210136e+00,1.001940901133031581e+00,1.000000000000000021e-03
1.213213213213213182e+00,9.987202851869891873e-01,1.000000000000000021e-03
1.216216216216216228e+00,1.000461852659997541e+00,1.000000000000000021e-03
1.219219219219219275e+00,1.001076829458795059e+00,1.000000000000000021e-03
1.222222222222222321e+00,1.000332921752198345e+00,1.000000000000000021e-03
1.225225225225225145e+00,1.001638454477804530e+00,1.000000000000000021e-03
1.228228228228228192e+00,1.000957769045860424e+00,1.000000000000000021e-03
1.231231231231231238e+00,1.001138633579790271e+00,1.000000000000000021e-03
1.234234234234234284e+00,1.000395033128993694e+00,1.000000000000000021e-03
1.237237237237237331e+00,9.988743114811517998e-01,1.000000000000000021e-03
1.240240240240240155e+00,1.001003389562742152e+00,1.000000000000000021e-03
1.243243243243243201e+00,9.995978114083545751e-01,1.000000000000000021e-03
1.246246246246246248e+00,1.001491935968803704e+00,1.000000000000000021e-03
1.249249249249249294e+00,1.000936524762682689e+00,1.000000000000000021e-03
1.252252252252252340e+00,1.003610118385591665e+00,1.000000000000000021e-03
1.255255255255255165e+00,1.001148768414749535e+00,1.000000000000000021e-03
1.258258258258258211e+00,9.990239618683252054e-01,1.000000000000000021e-03
1.261261261261261257e+00,1.003106653920845970e+00,1.000000000000000021e-03
1.264264264264264304e+00,1.001416314283248177e+00,1.000000000000000021e-03
1.267267267267267350e+00,1.002137614966537971e+00,1.000000000000000021e-03
1.270270270270270174e+00,1.002429824550852944e+00,1.000000000000000021e-03
1.273273273273273221e+00,1.000153707960562688e+00,1.000000000000000021e-03
1.276276276276276267e+00,1.000139040679417501e+00,1.000000000000000021e-03
1.279279279279279313e+00,1.002013723453397454e+00,1.000000000000000021e-03
1.282282282282282360e+00,1.000216486583438646e+00,1.000000000000000021e-03
1.285285285285285184e+00,9.995277515562688286e-01,1.000000000000000021e-03
1.288288288288288230e+00,1.000743498789775865e+00,1.000000000000000021e-03
1.291291291291291277e+00,1.001297417193633965e+00,1.000000000000000021e-03
1.294294294294294323e+00,1.002238944886153726e+00,1.000000000000000021e-03
1.297297297297297369e+00,1.001207159491069421e+00,1.000000000000000021e-03
1.300300300300300194e+00,1.001087062813864614e+00,1.000000000000000021e-03
1.303303303303303240e+00,1.002289736627697714e+00,1.000000000000000021e-03
1.306306306306306286e+00,1.002114397410871049e+00,1.000000000000000021e-03
1.309309309309309333e+00,1.002872908913981620e+00,1.000000000000000021e-03
1.312312312312312379e+00,1.000975505912742314e+00,1.000000000000000021e-03
1.315315315315315203e+00,1.004389425503979361e+00,1.000000000000000021e-03
1.318318318318318250e+00,1.001329868370185450e+00,1.000000000000000021e-03
1.321321321321321296e+00,1.003691800331287354e+00,1.000000000000000021e-03
1.324324324324324342e+00,1.003679058196128127e+00,1.000000000000000021e-03
1.327327327327327389e+00,1.002130662628347935e+00,1.000000000000000021e-03
1.330330330330330213e+00,1.002964668203317755e+00,1.000000000000000021e-03
1.333333333333333259e+00,1.002675470527761625e+00,1.000000000000000021e-03
1.336336336336336306e+00,1.004000354621570557e+00,1.000000000000000021e-03
1.339339339339339352e+00,1.004457065383523418e+00,1.000000000000000021e-03
1.342342342342342398e+00,1.003677294400917352e+00,1.000000000000000021e-03
1.345345345345345223e+00,1.004068613649024444e+00,1.000000000000000021e-03
1.348348348348348269e+00,1.003334707252198088e+00,1.000000000000000021e-03
1.351351351351351315e+00,1.004916540396938451e+00,1.000000000000000021e-03
1.354354354354354362e+00,1.005035644213782442e+00,1.000000000000000021e-03
1.357357357357357408e+00,1.004339736507197101e+00,1.000000000000000021e-03
1.360360360360360454e+00,1.003767449938361533e+00,1.000000000000000021e-03
1.363363363363363279e+00,1.005955974446780310e+00,1.000000000000000021e-03
1.366366366366366325e+00,1.004203333768295403e+00,1.000000000000000021e-03
1.369369369369369371e+00,1.004791217937635484e+00,1.000000000000000021e-03
1.372372372372372418e+00,1.004744960483514360e+00,1.000000000000000021e-03
1.375375375375375464e+00,1.005981237578084997e+00,1.000000000000000021e-03
1.378378378378378288e+00,1.005849880514338990e+00,1.000000000000000021e-03
1.381381381381381335e+00,1.004801886614572703e+00,1.000000000000000021e-03
1.384384384384384381e+00,1.005802234866743250e+00,1.000000000000000021e-03
1.387387387387387427e+00,1.005896329322974792e+00,1.000000000000000021e-03
1.390390390390390474e+00,1.007601984668262673e+00,1.000000000000000021e-03
1.393393393393393298e+00,1.009251509834645955e+00,1.000000000000000021e-03
1.396396396396396344e+00,1.008790439125472949e+00,1.000000000000000021e-03
1.399399399399399391e+00,1.009034031885515770e+00,1.000000000000000021e-03
1.402402402402402437e+00,1.008772691007563838e+00,1.000000000000000021e-03
1.405405405405405483e+00,1.006626787815016133e+00,1.000000000000000021e-03
1.408408408408408308e+00,1.006615854138874111e+00,1.000000000000000021e-03
1.411411411411411354e+00,1.005689879674148468e+00,1.000000000000000021e-03
1.414414414414414400e+00,1.007770526999418159e+00,1.000000000000000021e-03
1.417417417417417447e+00,1.006883641850054634e+00,1.000000000000000021e-03
1.420420420420420493e+00,1.002410032483991076e+00,1.000000000000000021e-03
1.423423423423423317e+00,9.954876760686288684e-01,1.000000000000000021e-03
1.426426426426426364e+00,9.939424477758274090e-01,1.000000000000000021e-03
1.429429429429429410e+00,9.948241897004468370e-01,1.000000000000000021e-03
1.432432432432432456e+00,9.935546069330759567e-01,1.000000000000000021e-03
1.435435435435435503e+00,9.930740972923050025e-01,1.000000000000000021e-03
1.438438438438438327e+00,9.935780772926531279e-01,1.000000000000000021e-03
1.441441441441441373e+00,9.933893211340546481e-01,1.000000000000000021e-03
1.444444444444444420e+00,9.942586002143932733e-01,1.000000000000000021e-03
1.447447447447447466e+00,9.929858916014632220e-01,1.000000000000000021e-03
1.450450450450450512e+00,9.934251729293530619e-01,1.000000000000000021e-03
1.453453453453453337e+00,1.002020499743307980e+00,1.000000000000000021e-03
1.456456456456456383e+00,1.004144655413703680e+00,1.000000000000000021e-03
1.459459459459459429e+00,1.004762215086729693e+00,1.000000000000000021e-03
1.462462462462462476e+00,1.005907453415823882e+00,1.000000000000000021e-03
1.465465465465465522e+00,1.004188065674062047e+00,1.000000000000000021e-03
1.468468468468468346e+00,1.006060548543963984e+00,1.000000000000000021e-03
1.471471471471471393e+00,1.004336938272384128e+00,1.000000000000000021e-03
1.474474474474474439e+00,1.004609988900253770e+00,1.000000000000000021e-03
1.477477477477477485e+00,1.005286337261930063e+00,1.000000000000000021e-03
1.480480480480480532e+00,1.004813940751187573e+00,1.000000000000000021e-03
1.483483483483483578e+00,1.003380709495299783e+00,1.000000000000000021e-03
1.486486486486486402e+00,1.002955746767779877e+00,1.000000000000000021e-03
1.489489489489489449e+00,1.004693774357912961e+00,1.000000000000000021e-03
1.492492492492492495e+00,1.003440480384960809e+00,1.000000000000000021e-03
1.495495495495495542e+00,1.004021217482745865e+00,1.000000000000000021e-03
1.498498498498498588e+00,1.004876399890613392e+00,1.000000000000000021e-03
1.501501501501501412e+00,1.003988956272340527e+00,1.000000000000000021e-03
1.504504504504504458e+00,1.003591909152917294e+00,1.000000000000000021e-03
1.507507507507507505e+00,1.002969283313453808e+00,1.000000000000000021e-03
1.510510510510510551e+00,1.004145817982950550e+00,1.000000000000000021e-03
1.513513513513513598e+00,1.006290586855602909e+00,1.000000000000000021e-03
1.516516516516516422e+00,1.002983430195228953e+00,1.000000000000000021e-03
1.519519519519519468e+00,1.002421971634368081e+00,1.000000000000000021e-03
1.522522522522522515e+00,1.003415517711962357e+00,1.000000000000000021e-03
1.525525525525525561e+00,1.004957973377470060e+00,1.000000000000000021e-03
1.528528528528528607e+00,1.003424092950079283e+00,1.000000000000000021e-03
1.531531531531531432e+00,1.003537382991496196e+00,1.000000000000000021e-03
1.534534534534534478e+00,1.003537193312825426e+00,1.000000000000000021e-03
1.537537537537537524e+00,1.003725531849525510e+00,1.000000000000000021e-03
1.540540540540540571e+00,1.002579445587925111e+00,1.000000000000000021e-03
1.543543543543543617e+00,1.002215314246407418e+00,1.000000000000000021e-03
1.546546546546546441e+00,1.003391945457623224e+00,1.000000000000000021e-03
1.549549549549549488e+00,1.005236376303657586e+00,1.000000000000000021e-03
1.552552552552552534e+00,1.001673434789110972e+00,1.000000000000000021e-03
1.555555555555555580e+00,1.003034667546073067e+00,1.000000000000000021e-03
1.558558558558558627e+00,1.002981839258693331e+00,1.000000000000000021e-03
1.561561561561561451e+00,1.002772716590501378e+00,1.000000000000000021e-03
1.564564564564564497e+00,1.003307314682051254e+00,1.000000000000000021e-03
1.567567567567567544e+00,1.002467993768867194e+00,1.000000000000000021e-03
1.570570570570570590e+00,1.003906469620770903e+00,1.000000000000000021e-03
1.573573573573573636e+00,1.002254091752740495e+00,1.000000000000000021e-03
1.576576576576576461e+00,1.001602828605931084e+00,1.000000000000000021e-03
1.579579579579579507e+00,1.002786996748425974e+00,1.000000000000000021e-03
1.582582582582582553e+00,1.003536359395659883e+00,1.000000000000000021e-03
1.585585585585585600e+00,1.005778415824301275e+00,1.000000000000000021e-03
1.588588588588588646e+00,1.002692733733928643e+00,1.000000000000000021e-03
1.591591591591591470e+00,1.004522479370618893e+00,1.000000000000000021e-03
1.594594594594594517e+00,1.001279819415734851e+00,1.000000000000000021e-03
1.597597597597597563e+00,1.003705240794713349e+00,1.000000000000000021e-03
1.600600600600600609e+00,1.004191253306419895e+00,1.000000000000000021e-03
1.603603603603603656e+00,1.002668628556326436e+00,1.000000000000000021e-03
1.606606606606606702e+00,1.003625239897494748e+00,1.000000000000000021e-03
1.609609609609609526e+00,1.002386955251820755e+00,1.000000000000000021e-03
1.612612612612612573e+00,1.002163407428394049e+00,1.000000000000000021e-03
1.615615615615615619e+00,1.002450385666401989e+00,1.000000000000000021e-03
1.618618618618618665e+00,1.003292068516373980e+00,1.000000000000000021e-03
1.621621621621621712e+00,1.000725946539878564e+00,1.000000000000000021e-03
1.624624624624624536e+00,1.003956610501517410e+00,1.000000000000000021e-03
1.627627627627627582e+00,1.002291467301416050e+00,1.000000000000000021e-03
1.630630630630630629e+00,1.001918793576177302e+00,1.000000000000000021e-03
1.633633633633633675e+00,1.003624170863534504e+00,1.000000000000000021e-03
1.636636636636636721e+00,1.002666133978576513e+00,1.000000000000000021e-03
1.639639639639639546e+00,1.005007121251477509e+00,1.000000000000000021e-03
1.642642642642642592e+00,1.001283361824298446e+00,1.000000000000000021e-03
1.645645645645645638e+00,1.002170642486060581e+00,1.000000000000000021e-03
1.648648648648648685e+00,1.001884250343713312e+00,1.000000000000000021e-03
1.651651651651651731e+00,1.003678361451787460e+00,1.000000000000000021e-03
1.654654654654654555e+00,1.001539073123931756e+00,1.000000000000000021e-03
1.657657657657657602e+00,1.000833883020235016e+00,1.000000000000000021e-03
1.660660660660660648e+00,9.997206331507126897e-01,1.000000000000000021e-03
1.663663663663663694e+00,1.000655576328513430e+00,1.000000000000000021e-03
1.666666666666666741e+00,1.002199864751238678e+00,1.000000000000000021e-03
1.669669669669669565e+00,1.001335906090050409e+00,1.000000000000000021e-03
1.672672672672672611e+00,1.003330398229287157e+00,1.000000000000000021e-03
1.675675675675675658e+00,1.000532458592960250e+00,1.000000000000000021e-03
1.678678678678678704e+00,1.001927880608396659e+00,1.000000000000000021e-03
1.681681681681681750e+00,1.000587440310105602e+00,1.000000000000000021e-03
1.684684684684684575e+00,1.001806604476024765e+00,1.000000000000000021e-03
1.687687687687687621e+00,1.001194373924021663e+00,1.000000000000000021e-03
1.690690690690690667e+00,1.001433480942491183e+00,1.000000000000000021e-03
1.693693693693693714e+00,9.999926570984492002e-01,1.000000000000000021e-03
1.696696696696696760e+00,1.002791726860784660e+00,1.000000000000000021e-03
1.699699699699699584e+00,1.001153967854720772e+00,1.000000000000000021e-03
1.702702702702702631e+00,1.001322129885292567e+00,1.000000000000000021e-03
1.705705705705705677e+00,1.001224906871222675e+00,1.000000000000000021e-03
1.708708708708708723e+00,1.001263339487213466e+00,1.000000000000000021e-03
1.711711711711711770e+00,1.003013312915702171e+00,1.000000000000000021e-03
1.714714714714714594e+00,1.002833044924414052e+00,1.000000000000000021e-03
1.717717717717717640e+00,1.001928006252517767e+00,1.000000000000000021e-03
1.720720720720720687e+00,1.000660744476045139e+00,1.000000000000000021e-03
1.723723723723723733e+00,1.001848053609810663e+00,1.000000000000000021e-03
1.726726726726726779e+00,1.001224625864785667e+00,1.000000000000000021e-03
1.729729729729729826e+00,9.993423154686058574e-01,1.000000000000000021e-03
1.732732732732732650e+00,1.000971499395794106e+00,1.000000000000000021e-03
1.735735735735735696e+00,1.001772599294836530e+00,1.000000000000000021e-03
1.738738738738738743e+00,1.000869106727296787e+00,1.000000000000000021e-03
1.741741741741741789e+00,1.001226956540041124e+00,1.000000000000000021e-03
1.744744744744744835e+00,1.002526505446060590e+00,1.000000000000000021e-03
1.747747747747747660e+00,1.002610902671306370e+00,1.000000000000000021e-03
1.750750750750750706e+00,9.996761858231819620e-01,1.000000000000000021e-03
1.753753753753753752e+00,1.001935060397300292e+00,1.000000000000000021e-03
1.756756756756756799e+00,1.001682629339130326e+00,1.000000000000000021e-03
1.759759759759759845e+00,1.001924140535615626e+00,1.000000000000000021e-03
1.762762762762762669e+00,1.000985993837828714e+00,1.000000000000000021e-03
1.765765765765765716e+00,1.001730474840025309e+00,1.000000000000000021e-03
1.768768768768768762e+00,9.993566061959365809e-01,1.000000000000000021e-03
1.771771771771771808e+00,1.001112881097288465e+00,1.000000000000000021e-03
1.774774774774774855e+00,1.002182892703489259e+00,1.000000000000000021e-03
1.777777777777777679e+00,1.000154405241072464e+00,1.000000000000000021e-03
1.780780780780780725e+00,1.000906147752054443e+00,1.000000000000000021e-03
1.783783783783783772e+00,1.000662126205269287e+00,1.000000000000000021e-03
1.786786786786786818e+00,1.001586105212348476e+00,1.000000000000000021e-03
1.789789789789789864e+00,1.002516902959020628e+00,1.000000000000000021e-03
1.792792792792792689e+00,1.000915972401597465e+00,1.000000000000000021e-03
1.795795795795795735e+00,1.003360817933060423e+00,1.000000000000000021e-03
1.798798798798798781e+00,1.000802084133694869e+00,1.000000000000000021e-03
1.801801801801801828e+00,1.002207892382456444e+00,1.000000000000000021e-03
1.804804804804804874e+00,1.001894755262239922e+00,1.000000000000000021e-03
1.807807807807807698e+00,1.000156738402414369e+00,1.000000000000000021e-03
1.810810810810810745e+00,1.000388003736041087e+00,1.000000000000000021e-03
1.813813813813813791e+00,1.001366252934463574e+00,1.000000000000000021e-03
1.816816816816816837e+00,1.000197517886291632e+00,1.000000000000000021e-03
1.819819819819819884e+00,9.998396792621767615e-01,1.000000000000000021e-03
1.822822822822822708e+00,1.000988697533022886e+00,1.000000000000000021e-03
1.825825825825825754e+00,9.997396182974226386e-01,1.000000000000000021e-03
1.828828828828828801e+00,1.001104920854988700e+00,1.000000000000000021e-03
1.831831831831831847e+00,1.000760066249847036e+00,1.000000000000000021e-03
1.834834834834834894e+00,1.001760368468028295e+00,1.000000000000000021e-03
1.837837837837837718e+00,1.002273204131782336e+00,1.000000000000000021e-03
1.840840840840840764e+00,9.994634896357650344e-01,1.000000000000000021e-03
1.843843843843843811e+00,1.000828067259701637e+00,1.000000000000000021e-03
1.846846846846846857e+00,1.001946301573668485e+00,1.000000000000000021e-03
1.849849849849849903e+00,1.003814823231971021e+00,1.000000000000000021e-03
1.852852852852852727e+00,1.001216846548512729e+00,1.000000000000000021e-03
1.855855855855855774e+00,1.001367692045439073e+00,1.000000000000000021e-03
1.858858858858858820e+00,1.000544072460547662e+00,1.000000000000000021e-03
1.861861861861861867e+00,1.003555271940396620e+00,1.000000000000000021e-03
1.864864864864864913e+00,1.000751943106149344e+00,1.000000000000000021e-03
1.867867867867867959e+00,1.001658497344901200e+00,1.000000000000000021e-03
1.870870870870870784e+00,1.001999345262701624e+00,1.000000000000000021e-03
1.873873873873873830e+00,9.997876728398609192e-01,1.000000000000000021e-03
1.876876876876876876e+00,9.996878015965937614e-01,1.000000000000000021e-03
1.879879879879879923e+00,9.997763236125877251e-01,1.000000000000000021e-03
1.882882882882882969e+00,1.001058317633335859e+00,1.000000000000000021e-03
1.885885885885885793e+00,1.001813390779635160e+00,1.000000000000000021e-03
1.888888888888888840e+00,1.000254752493838328e+00,1.000000000000000021e-03
1.891891891891891886e+00,1.002905281894599376e+00,1.000000000000000021e-03
1.894894894894894932e+00,1.000304739291621559e+00,1.000000000000000021e-03
1.897897897897897979e+00,1.001315061274135276e+00,1.000000000000000021e-03
1.900900900900900803e+00,1.000794546901570881e+00,1.000000000000000021e-03
1.903903903903903849e+00,9.998966578276554662e-01,1.000000000000000021e-03
1.906906906906906896e+00,1.000574140203937423e+00,1.000000000000000021e-03
1.909909909909909942e+00,1.000836902709075327e+00,1.000000000000000021e-03
1.912912912912912988e+00,9.995367594539220635e-01,1.000000000000000021e-03
1.915915915915915813e+00,1.000833375958944726e+00,1.000000000000000021e-03
1.918918918918918859e+00,9.999108725837108080e-01,1.000000000000000021e-03
1.921921921921921905e+00,1.001884783484098262e+00,1.000000000000000021e-03
1.924924924924924952e+00,9.997767012314022761e-01,1.000000000000000021e-03
1.927927927927927998e+00,9.997477289083713803e-01,1.000000000000000021e-03
1.930930930930930822e+00,9.999412451401779034e-01,1.000000000000000021e-03
1.933933933933933869e+00,1.001263681802831096e+00,1.000000000000000021e-03
1.936936936936936915e+00,1.002210350835036401e+00,1.000000000000000021e-03
1.939939939939939961e+00,9.996573228479254114e-01,1.000000000000000021e-03
1.942942942942943008e+00,1.001521391215127510e+00,1.000000000000000021e-03
1.945945945945945832e+00,1.001627339593532007e+00,1.000000000000000021e-03
1.948948948948948878e+00,1.000504038009013330e+00,1.000000000000000021e-03
1.951951951951951925e+00,1.001561307215416363e+00,1.000000000000000021e-03
1.954954954954954971e+00,1.001451158431462485e+00,1.000000000000000021e-03
1.957957957957958017e+00,1.000353625174613015e+00,1.000000000000000021e-03
1.960960960960960842e+00,9.988090477301440062e-01,1.000000000000000021e-03
1.963963963963963888e+00,1.000959823654702818e+00,1.000000000000000021e-03
1.966966966966966934e+00,1.000442803883635712e+00,1.000000000000000021e-03
1.969969969969969981e+00,1.000996561341953361e+00,1.000000000000000021e-03
1.972972972972973027e+00,1.001392899748456022e+00,1.000000000000000021e-03
1.975975975975975851e+00,1.002890975248389438e+00,1.000000000000000021e-03
1.978978978978978898e+00,1.000525282188089005e+00,1.000000000000000021e-03
1.981981981981981944e+00,1.001869873248454779e+00,1.000000000000000021e-03
1.984984984984984990e+00,1.001110110509254136e+00,1.000000000000000021e-03
1.987987987987988037e+00,1.000347573458187700e+00,1.000000000000000021e-03
1.990990990990991083e+00,9.999093855256283581e-01,1.000000000000000021e-03
1.993993993993993907e+00,9.994662501569632207e-01,1.000000000000000021e-03
1.996996996996996954e+00,9.988195857959081270e-01,1.000000000000000021e-03
2.000000000000000000e+00,1.001291870733657108e+00,1.000000000000000021e-03
2.003003003003002824e+00,1.001397188640463787e+00,1.000000000000000021e-03
2.006006006006006093e+00,1.000072249381791067e+00,1.000000000000000021e-03
2.009009009009008917e+00,1.001663462879294864e+00,1.000000000000000021e-03
2.012012012012012185e+00,1.000962798536075837e+00,1.000000000000000021e-03
2.015015015015015010e+00,1.000787264380144093e+00,1.000000000000000021e-03
2.018018018018017834e+00,1.000000166406882718e+00,1.000000000000000021e-03
2.021021021021021102e+00,1.000112130310243819e+00,1.000000000000000021e-03
2.024024024024023927e+00,1.001563386042201520e+00,1.000000000000000021e-03
2.027027027027027195e+00,1.001304352643928697e+00,1.000000000000000021e-03
2.030030030030030019e+00,1.000617962191639787e+00,1.000000000000000021e-03
2.033033033033032844e+00,1.001733358485634495e+00,1.000000000000000021e-03
2.036036036036036112e+00,1.001305090485508753e+00,1.000000000000000021e-03
2.039039039039038936e+00,9.995378608992320224e-01,1.000000000000000021e-03
2.042042042042042205e+00,1.002285568704152752e+00,1.000000000000000021e-03
2.045045045045045029e+00,1.000772992157310970e+00,1.000000000000000021e-03
2.048048048048047853e+00,1.002913291318607847e+00,1.000000000000000021e-03
2.051051051051051122e+00,1.000066501006128927e+00,1.000000000000000021e-03
2.054054054054053946e+00,9.987446184417378969e-01,1.000000000000000021e-03
2.057057057057057214e+00,1.001520237405232994e+00,1.000000000000000021e-03
2.060060060060060039e+00,1.002656594967064052e+00,1.000000000000000021e-03
2.063063063063062863e+00,1.000640624712780369e+00,1.000000000000000021e-03
2.066066066066066131e+00,1.001091961602305958e+00,1.000000000000000021e-03
2.069069069069068956e+00,1.003056821490734274e+00,1.000000000000000021e-03
2.072072072072072224e+00,1.001919740155411187e+00,1.000000000000000021e-03
2.075075075075075048e+00,1.001658265098095635e+00,1.000000000000000021e-03
2.078078078078077873e+00,1.000408277038083771e+00,1.000000000000000021e-03
2.081081081081081141e+00,1.000226584063821811e+00,1.000000000000000021e-03
2.084084084084083965e+00,9.995875753785127271e-01,1.000000000000000021e-03
2.087087087087087234e+00,9.998205847877102981e-01,1.000000000000000021e-03
2.090090090090090058e+00,1.000773946079228205e+00,1.000000000000000021e-03
2.093093093093092882e+00,1.001387651262698908e+00,1.000000000000000021e-03
2.096096096096096151e+00,1.002768253146863131e+00,1.000000000000000021e-03
2.099099099099098975e+00,1.002434833385332347e+00,1.000000000000000021e-03
2.102102102102102243e+00,1.001157474172923001e+00,1.000000000000000021e-03
2.105105105105105068e+00,1.001083307946040613e+00,1.000000000000000021e-03
2.108108108108107892e+00,1.001338354143877618e+00,1.000000000000000021e-03
2.111111111111111160e+00,1.000759617983166372e+00,1.000000000000000021e-03
2.114114114114113985e+00,1.002453028125083412e+00,1.000000000000000021e-03
2.117117117117117253e+00,1.000215972287436195e+00,1.000000000000000021e-03
2.120120120120120077e+00,1.000565397314811644e+00,1.000000000000000021e-03
2.123123123123122902e+00,9.994205932010360449e-01,1.000000000000000021e-03
2.126126126126126170e+00,9.994788810436561199e-01,1.000000000000000021e-03
2.129129129129128994e+00,1.001277660594317886e+00,1.000000000000000021e-03
2.132132132132132263e+00,1.001856670840059360e+00,1.000000000000000021e-03
2.135135135135135087e+00,1.001752070556170882e+00,1.000000000000000021e-03
2.138138138138137911e+00,1.001793818183630336e+00,1.000000000000000021e-03
2.141141141141141180e+00,9.998780617503224555e-01,1.000000000000000021e-03
2.144144144144144004e+00,1.002690193942853192e+00,1.000000000000000021e-03
2.147147147147147273e+00,1.001373823766018134e+00,1.000000000000000021e-03
2.150150150150150097e+00,1.000484016486366201e+00,1.000000000000000021e-03
2.153153153153152921e+00,1.000834840850787000e+00,1.000000000000000021e-03
2.156156156156156189e+00,9.999674005280774214e-01,1.000000000000000021e-03
2.159159159159159014e+00,1.000080205417691381e+00,1.000000000000000021e-03
2.162162162162162282e+00,1.001074420591720360e+00,1.000000000000000021e-03
2.165165165165165106e+00,1.000424498464953960e+00,1.000000000000000021e-03
2.168168168168167931e+00,1.000987456841118117e+00,1.000000000000000021e-03
2.171171171171171199e+00,1.000995931359887736e+00,1.000000000000000021e-03
2.174174174174174023e+00,9.991999870083032587e-01,1.000000000000000021e-03
2.177177177177177292e+00,1.002089568612059667e+00,1.000000000000000021e-03
2.180180180180180116e+00,1.002847997769012567e+00,1.000000000000000021e-03
2.183183183183183385e+00,1.000096932700001107e+00,1.000000000000000021e-03
2.186186186186186209e+00,1.001256968000996617e+00,1.000000000000000021e-03
2.189189189189189033e+00,1.001775916401942190e+00,1.000000000000000021e-03
2.192192192192192302e+00,1.000805622661467886e+00,1.000000000000000021e-03
2.195195195195195126e+00,1.000993421324654520e+00,1.000000000000000021e-03
2.198198198198198394e+00,1.000102501601298766e+00,1.000000000000000021e-03
2.201201201201201219e+00,1.000303373662029260e+00,1.000000000000000021e-03
2.204204204204204043e+00,1.001060028948344671e+00,1.000000000000000021e-03
2.207207207207207311e+00,1.002056903395303067e+00,1.000000000000000021e-03
2.210210210210210136e+00,1.000926699064892400e+00,1.000000000000000021e-03
2.213213213213213404e+00,1.001778502774050894e+00,1.000000000000000021e-03
2.216216216216216228e+00,1.001085150492817322e+00,1.000000000000000021e-03
2.219219219219219053e+00,1.000646248175669273e+00,1.000000000000000021e-03
2.222222222222222321e+00,1.001597764401339630e+00,1.000000000000000021e-03
2.225225225225225145e+00,1.001286568373836783e+00,1.000000000000000021e-03
2.228228228228228414e+00,1.001940947866278853e+00,1.000000000000000021e-03
2.231231231231231238e+00,1.002275624418164091e+00,1.000000000000000021e-03
2.234234234234234062e+00,1.001262616305741426e+00,1.000000000000000021e-03
2.237237237237237331e+00,1.001266695830143272e+00,1.000000000000000021e-03
2.240240240240240155e+00,1.001787553848672685e+00,1.000000000000000021e-03
2.243243243243243423e+00,1.000326485872063298e+00,1.000000000000000021e-03
2.246246246246246248e+00,1.000532282951886787e+00,1.000000000000000021e-03
2.249249249249249072e+00,1.001653428712836691e+00,1.000000000000000021e-03
2.252252252252252340e+00,9.996144348983836414e-01,1.000000000000000021e-03
2.255255255255255165e+00,9.990720487430139185e-01,1.000000000000000021e-03
2.258258258258258433e+00,9.998337459359502022e-01,1.000000000000000021e-03
2.261261261261261257e+00,1.001350171452363824e+00,1.000000000000000021e-03
2.264264264264264082e+00,1.000981893619775631e+00,1.000000000000000021e-03
2.267267267267267350e+00,1.000634332205170951e+00,1.000000000000000021e-03
2.270270270270270174e+00,1.000687438552652297e+00,1.000000000000000021e-03
2.273273273273273443e+00,9.997205852264965387e-01,1.000000000000000021e-03
2.276276276276276267e+00,1.000678137271582058e+00,1.000000000000000021e-03
2.279279279279279091e+00,1.000051840865880726e+00,1.000000000000000021e-03
2.282282282282282360e+00,1.001630841044984344e+00,1.000000000000000021e-03
2.285285285285285184e+00,1.000673394109246495e+00,1.000000000000000021e-03
2.288288288288288452e+00,1.001360485777930132e+00,1.000000000000000021e-03
2.291291291291291277e+00,1.001153741237712058e+00,1.000000000000000021e-03
2.294294294294294101e+00,1.000570026879711083e+00,1.000000000000000021e-03
2.297297297297297369e+00,1.000262521251878756e+00,1.000000000000000021e-03
2.300300300300300194e+00,1.000085937745451403e+00,1.000000000000000021e-03
2.303303303303303462e+00,1.001260324158685489e+00,1.000000000000000021e-03
2.306306306306306286e+00,1.001292504012200935e+00,1.000000000000000021e-03
2.309309309309309111e+00,9.997189097690566406e-01,1.000000000000000021e-03
2.312312312312312379e+00,1.000315200144592076e+00,1.000000000000000021e-03
2.315315315315315203e+00,1.000930335029704521e+00,1.000000000000000021e-03
2.318318318318318472e+00,1.000706708573218195e+00,1.000000000000000021e-03
2.321321321321321296e+00,1.001594383830191504e+00,1.000000000000000021e-03
2.324324324324324120e+00,1.000811588935621943e+00,1.000000000000000021e-03
2.327327327327327389e+00,1.001966850003205289e+00,1.000000000000000021e-03
2.330330330330330213e+00,9.999856938431015418e-01,1.000000000000000021e-03
2.333333333333333481e+00,1.001165910953862870e+00,1.000000000000000021e-03
2.336336336336336306e+00,1.000342043879580922e+00,1.000000000000000021e-03
2.339339339339339130e+00,9.997306257382376771e-01,1.000000000000000021e-03
2.342342342342342398e+00,9.977021059329602704e-01,1.000000000000000021e-03
2.345345345345345223e+00,1.000292746726897386e+00,1.000000000000000021e-03
2.348348348348348491e+00,1.000626659811147512e+00,1.000000000000000021e-03
2.351351351351351315e+00,1.000999223772321089e+00,1.000000000000000021e-03
2.354354354354354140e+00,1.001727057544109734e+00,1.000000000000000021e-03
2.357357357357357408e+00,1.000913073997627967e+00,1.000000000000000021e-03
2.360360360360360232e+00,1.000285934598630133e+00,1.000000000000000021e-03
2.363363363363363501e+00,9.996565389473935914e-01,1.000000000000000021e-03
2.366366366366366325e+00,1.000086698358250148e+00,1.000000000000000021e-03
2.369369369369369149e+00,1.000861605944064037e+00,1.000000000000000021e-03
2.372372372372372418e+00,9.988980117320955809e-01,1.000000000000000021e-03
2.375375375375375242e+00,9.992701877635730145e-01,1.000000000000000021e-03
2.378378378378378510e+00,1.000452180923191658e+00,1.000000000000000021e-03
2.381381381381381335e+00,1.001939545671453047e+00,1.000000000000000021e-03
2.384384384384384159e+00,1.000648691018597436e+00,1.000000000000000021e-03
2.387387387387387427e+00,1.001304820207439716e+00,1.000000000000000021e-03
2.390390390390390252e+00,1.000258391261403812e+00,1.000000000000000021e-03
2.393393393393393520e+00,9.994114813768938399e-01,1.000000000000000021e-03
2.396396396396396344e+00,9.999759993251360335e-01,1.000000000000000021e-03
2.399399399399399169e+00,1.001051043508796923e+00,1.000000000000000021e-03
2.402402402402402437e+00,9.999838104938784111e-01,1.000000000000000021e-03
2.405405405405405261e+00,1.000513446006408236e+00,1.000000000000000021e-03
2.408408408408408530e+00,1.000741403940501817e+00,1.000000000000000021e-03
2.411411411411411354e+00,1.002455994637404091e+00,1.000000000000000021e-03
2.414414414414414178e+00,1.001889685742316738e+00,1.000000000000000021e-03
2.417417417417417447e+00,9.987060136845111735e-01,1.000000000000000021e-03
2.420420420420420271e+00,9.992315388799539733e-01,1.000000000000000021e-03
2.423423423423423539e+00,1.001221165439905025e+00,1.000000000000000021e-03
2.426426426426426364e+00,1.000421226055709045e+00,1.000000000000000021e-03
2.429429429429429188e+00,1.000965122998498158e+00,1.000000000000000021e-03
2.432432432432432456e+00,1.001151771449094730e+00,1.000000000000000021e-03
2.435435435435435281e+00,1.001607409941278837e+00,1.000000000000000021e-03
2.438438438438438549e+00,9.982663157647717611e-01,1.000000000000000021e-03
2.441441441441441373e+00,9.994497647681126473e-01,1.000000000000000021e-03
2.444444444444444642e+00,9.982144795755087952e-01,1.000000000000000021e-03
2.447447447447447466e+00,1.001900764983002290e+00,1.000000000000000021e-03
2.450450450450450290e+00,1.000529564530386661e+00,1.000000000000000021e-03
2.453453453453453559e+00,1.000051691009059329e+00,1.000000000000000021e-03
2.456456456456456383e+00,1.000477717307656000e+00,1.000000000000000021e-03
2.459459459459459651e+00,1.001264717611809685e+00,1.000000000000000021e-03
2.462462462462462476e+00,1.000643301771328320e+00,1.000000000000000021e-03
2.465465465465465300e+00,9.989359333665075447e-01,1.000000000000000021e-03
2.468468468468468568e+00,1.000973023896967407e+00,1.000000000000000021e-03
2.471471471471471393e+00,1.001611377444928674e+00,1.000000000000000021e-03
2.474474474474474661e+00,1.000042736594741744e+00,1.000000000000000021e-03
2.477477477477477485e+00,1.000700315860910683e+00,1.000000000000000021e-03
2.480480480480480310e+00,9.994560656359706696e-01,1.000000000000000021e-03
2.483483483483483578e+00,1.002090437804808554e+00,1.000000000000000021e-03
2.486486486486486402e+00,9.993129910699859453e-01,1.000000000000000021e-03
2.489489489489489671e+00,9.999984521220193212e-01,1.000000000000000021e-03
2.492492492492492495e+00,1.000524311476403749e+00,1.000000000000000021e-03
2.495495495495495319e+00,1.000628035368607671e+00,1.000000000000000021e-03
2.498498498498498588e+00,1.000876617124961454e+00,1.000000000000000021e-03
2.501501501501501412e+00,9.992054101151229828e-01,1.000000000000000021e-03
2.504504504504504681e+00,1.000880012784814532e+00,1.000000000000000021e-03
2.507507507507507505e+00,9.997618516704993574e-01,1.000000000000000021e-03
2.510510510510510329e+00,1.000381894424702933e+00,1.000000000000000021e-03
2.513513513513513598e+00,1.000745327490739855e+00,1.000000000000000021e-03
2.516516516516516422e+00,9.996379251496724239e-01,1.000000000000000021e-03
2.519519519519519690e+00,9.976339763846818753e-01,1.000000000000000021e-03
2.522522522522522515e+00,1.001831981782767222e+00,1.000000000000000021e-03
2.525525525525525339e+00,1.000227454338579847e+00,1.000000000000000021e-03
2.528528528528528607e+00,9.996013240325046789e-01,1.000000000000000021e-03
2.531531531531531432e+00,1.001789419612658438e+00,1.000000000000000021e-03
2.534534534534534700e+00,1.001794584749074790e+00,1.000000000000000021e-03
2.537537537537537524e+00,1.000572383025835732e+00,1.000000000000000021e-03
2.540540540540540349e+00,1.001923071163979717e+00,1.000000000000000021e-03
2.543543543543543617e+00,1.000831511967753329e+00,1.000000000000000021e-03
2.546546546546546441e+00,9.999609444668775549e-01,1.000000000000000021e-03
2.549549549549549710e+00,9.999894239632423076e-01,1.000000000000000021e-03
2.552552552552552534e+00,1.001416379823977021e+00,1.000000000000000021e-03
2.555555555555555358e+00,1.000401355479297649e+00,1.000000000000000021e-03
2.558558558558558627e+00,9.995830161645784528e-01,1.000000000000000021e-03
2.561561561561561451e+00,1.000628230676976704e+00,1.000000000000000021e-03
2.564564564564564719e+00,1.000915054987203900e+00,1.000000000000000021e-03
2.567567567567567544e+00,1.000156426024937817e+00,1.000000000000000021e-03
2.570570570570570368e+00,1.000819815412970160e+00,1.000000000000000021e-03
2.573573573573573636e+00,1.001728569268408142e+00,1.000000000000000021e-03
2.576576576576576461e+00,1.000457186245979901e+00,1.000000000000000021e-03
2.579579579579579729e+00,1.001650036257774046e+00,1.000000000000000021e-03
2.582582582582582553e+00,1.000577348510114373e+00,1.000000000000000021e-03
2.585585585585585378e+00,1.001194789511492544e+00,1.000000000000000021e-03
2.588588588588588646e+00,1.000337668489584386e+00,1.000000000000000021e-03
2.591591591591591470e+00,1.000405397325380807e+00,1.000000000000000021e-03
2.594594594594594739e+00,9.990850265945644404e-01,1.000000000000000021e-03
2.597597597597597563e+00,1.000661590396223488e+00,1.000000000000000021e-03
2.600600600600600387e+00,9.965643106988949507e-01,1.000000000000000021e-03
2.603603603603603656e+00,9.995415152318333218e-01,1.000000000000000021e-03
2.606606606606606480e+00,9.995986789327530042e-01,1.000000000000000021e-03
2.609609609609609748e+00,9.995936822991109416e-01,1.000000000000000021e-03
2.612612612612612573e+00,1.001459373159257149e+00,1.000000000000000021e-03
2.615615615615615397e+00,9.991795658821948090e-01,1.000000000000000021e-03
2.618618618618618665e+00,1.000367557193170054e+00,1.000000000000000021e-03
2.621621621621621490e+00,1.000676414968753258e+00,1.000000000000000021e-03
2.624624624624624758e+00,1.001129602190583778e+00,1.000000000000000021e-03
2.627627627627627582e+00,1.000846634465543783e+00,1.000000000000000021e-03
2.630630630630630407e+00,1.000694552510199564e+00,1.000000000000000021e-03
2.633633633633633675e+00,1.000815440188443928e+00,1.000000000000000021e-03
2.636636636636636499e+00,1.002104724796355484e+00,1.000000000000000021e-03
2.639639639639639768e+00,9.990095497509317024e-01,1.000000000000000021e-03
2.642642642642642592e+00,9.987966910001329079e-01,1.000000000000000021e-03
2.645645645645645416e+00,1.000373292527325209e+00,1.000000000000000021e-03
2.648648648648648685e+00,1.000449551444732910e+00,1.000000000000000021e-03
2.651651651651651509e+00,1.001200117687917945e+00,1.000000000000000021e-03
2.654654654654654777e+00,1.000338582800709197e+00,1.000000000000000021e-03
2.657657657657657602e+00,1.001379104212696713e+00,1.000000000000000021e-03
2.660660660660660426e+00,9.983589134357359063e-01,1.000000000000000021e-03
2.663663663663663694e+00,9.997097426692266309e-01,1.000000000000000021e-03
2.666666666666666519e+00,1.000838444846671837e+00,1.000000000000000021e-03
2.669669669669669787e+00,9.999700876877536393e-01,1.000000000000000021e-03
2.672672672672672611e+00,1.000985943282796775e+00,1.000000000000000021e-03
2.675675675675675436e+00,9.999107455751631290e-01,1.000000000000000021e-03
2.678678678678678704e+00,9.998654410452426644e-01,1.000000000000000021e-03
2.681681681681681528e+00,1.001113381619654685e+00,1.000000000000000021e-03
2.684684684684684797e+00,1.001031812256654163e+00,1.000000000000000021e-03
2.687687687687687621e+00,1.000121293186683191e+00,1.000000000000000021e-03
2.690690690690690445e+00,1.001750116767053500e+00,1.000000000000000021e-03
2.693693693693693714e+00,9.999161704777267401e-01,1.000000000000000021e-03
2.696696696696696538e+00,1.000646610296599848e+00,1.000000000000000021e-03
2.699699699699699806e+00,9.978322239228587520e-01,1.000000000000000021e-03
2.702702702702702631e+00,1.001085723815523743e+00,1.000000000000000021e-03
2.705705705705705899e+00,1.001736330317149370e+00,1.000000000000000021e-03
2.708708708708708723e+00,1.000894380520738647e+00,1.000000000000000021e-03
2.711711711711711548e+00,9.996074214178769513e-01,1.000000000000000021e-03
2.714714714714714816e+00,1.001303043815498395e+00,1.000000000000000021e-03
2.717717717717717640e+00,1.000514128056857910e+00,1.000000000000000021e-03
2.720720720720720909e+00,9.995236264035364249e-01,1.000000000000000021e-03
2.723723723723723733e+00,9.993967883222881765e-01,1.000000000000000021e-03
2.726726726726726557e+00,1.000764553696707804e+00,1.000000000000000021e-03
2.729729729729729826e+00,9.994989819266263398e-01,1.000000000000000021e-03
2.732732732732732650e+00,9.996012515593990511e-01,1.000000000000000021e-03
2.735735735735735918e+00,1.001362031475966585e+00,1.000000000000000021e-03
2.738738738738738743e+00,1.001071422351238027e+00,1.000000000000000021e-03
2.741741741741741567e+00,1.001452522058363215e+00,1.000000000000000021e-03
2.744744744744744835e+00,9.998024851868468899e-01,1.000000000000000021e-03
2.747747747747747660e+00,1.000769349959179433e+00,1.000000000000000021e-03
2.750750750750750928e+00,1.002331870320682272e+00,1.000000000000000021e-03
2.753753753753753752e+00,1.000081045709342753e+00,1.000000000000000021e-03
2.756756756756756577e+00,9.982291000422230942e-01,1.000000000000000021e-03
2.759759759759759845e+00,9.910780216007240018e-01,1.000000000000000021e-03
2.762762762762762669e+00,9.885725848349713463e-01,1.000000000000000021e-03
2.765765765765765938e+00,9.866370356356013449e-01,1.000000000000000021e-03
2.768768768768768762e+00,9.884744564689026403e-01,1.000000000000000021e-03
2.771771771771771586e+00,9.888478698782959819e-01,1.000000000000000021e-03
2.774774774774774855e+00,9.866315457939214273e-01,1.000000000000000021e-03
2.777777777777777679e+00,9.862418383249993425e-01,1.000000000000000021e-03
2.780780780780780947e+00,9.872847465301274328e-01,1.000000000000000021e-03
2.783783783783783772e+00,9.880430688024731678e-01,1.000000000000000021e-03
2.786786786786786596e+00,9.880230591553343933e-01,1.000000000000000021e-03
2.789789789789789864e+00,9.953508232084661289e-01,1.000000000000000021e-03
2.792792792792792689e+00,9.992850025816267800e-01,1.000000000000000021e-03
2.795795795795795957e+00,1.001827254528740552e+00,1.000000000000000021e-03
2.798798798798798781e+00,1.002119164197478263e+00,1.000000000000000021e-03
2.801801801801801606e+00,1.000802076925782602e+00,1.000000000000000021e-03
2.804804804804804874e+00,9.999029854911930526e-01,1.000000000000000021e-03
2.807807807807807698e+00,9.998266454594577635e-01,1.000000000000000021e-03
2.810810810810810967e+00,1.000659878402920366e+00,1.000000000000000021e-03
2.813813813813813791e+00,1.000418458152050993e+00,1.000000000000000021e-03
2.816816816816816615e+00,1.000487173124575024e+00,1.000000000000000021e-03
2.819819819819819884e+00,9.996611033551391357e-01,1.000000000000000021e-03
2.822822822822822708e+00,1.000312999553494953e+00,1.000000000000000021e-03
2.825825825825825977e+00,9.996860407487743183e-01,1.000000000000000021e-03
2.828828828828828801e+00,9.992530255425809971e-01,1.000000000000000021e-03
2.831831831831831625e+00,9.991878631226950302e-01,1.000000000000000021e-03
2.834834834834834894e+00,9.988283603835670377e-01,1.000000000000000021e-03
2.837837837837837718e+00,1.001072590044088217e+00,1.000000000000000021e-03
2.840840840840840986e+00,9.988282179900654922e-01,1.000000000000000021e-03
2.843843843843843811e+00,9.999224520529071958e-01,1.000000000000000021e-03
2.846846846846846635e+00,1.000355992809722094e+00,1.000000000000000021e-03
2.849849849849849903e+00,1.000764977731424921e+00,1.000000000000000021e-03
2.852852852852852727e+00,9.998640464894978930e-01,1.000000000000000021e-03
2.855855855855855996e+00,1.001014801183250702e+00,1.000000000000000021e-03
2.858858858858858820e+00,9.998854996675938800e-01,1.000000000000000021e-03
2.861861861861861644e+00,9.999175665337544094e-01,1.000000000000000021e-03
2.864864864864864913e+00,9.996763841892645219e-01,1.000000000000000021e-03
2.867867867867867737e+00,9.991314207808644765e-01,1.000000000000000021e-03
2.870870870870871006e+00,9.997090510148765041e-01,1.000000000000000021e-03
2.873873873873873830e+00,1.000030216799900451e+00,1.000000000000000021e-03
2.876876876876876654e+00,1.000328353488329602e+00,1.000000000000000021e-03
2.879879879879879923e+00,1.001905551921969728e+00,1.000000000000000021e-03
2.882882882882882747e+00,9.986070107480676805e-01,1.000000000000000021e-03
2.885885885885886015e+00,9.996853583149423184e-01,1.000000000000000021e-03
2.888888888888888840e+00,9.993405625983873275e-01,1.000000000000000021e-03
2.891891891891891664e+00,1.000887655407779686e+00,1.000000000000000021e-03
2.894894894894894932e+00,1.001122474343624003e+00,1.000000000000000021e-03
2.897897897897897757e+00,9.998497621156491322e-01,1.000000000000000021e-03
2.900900900900901025e+00,9.994493343072077263e-01,1.000000000000000021e-03
2.903903903903903849e+00,1.001100456812306749e+00,1.000000000000000021e-03
2.906906906906906674e+00,1.000265389216705936e+00,1.000000000000000021e-03
2.909909909909909942e+00,9.985526090789167419e-01,1.000000000000000021e-03
2.912912912912912766e+00,9.995256635701712522e-01,1.000000000000000021e-03
2.915915915915916035e+00,1.000322876667328220e+00,1.000000000000000021e-03
2.918918918918918859e+00,9.993074422341009511e-01,1.000000000000000021e-03
2.921921921921921683e+00,1.002811115981887546e+00,1.000000000000000021e-03
2.924924924924924952e+00,9.992625284973118971e-01,1.000000000000000021e-03
2.927927927927927776e+00,1.000023676879036927e+00,1.000000000000000021e-03
2.930930930930931044e+00,1.000352048422454843e+00,1.000000000000000021e-03
2.933933933933933869e+00,1.000385555707857810e+00,1.000000000000000021e-03
2.936936936936936693e+00,9.992518900600410037e-01,1.000000000000000021e-03
2.939939939939939961e+00,9.996943577050950713e-01,1.000000000000000021e-03
2.942942942942942786e+00,1.000474544532484522e+00,1.000000000000000021e-03
2.945945945945946054e+00,1.000828846518451831e+00,1.000000000000000021e-03
2.948948948948948878e+00,1.000845308976131998e+00,1.000000000000000021e-03
2.951951951951952147e+00,1.000266453968185143e+00,1.000000000000000021e-03
2.954954954954954971e+00,9.999442527849763396e-01,1.000000000000000021e-03
2.957957957957957795e+00,1.000340502950700428e+00,1.000000000000000021e-03
2.960960960960961064e+00,9.998313517723834698e-01,1.000000000000000021e-03
2.963963963963963888e+00,9.988820611048567777e-01,1.000000000000000021e-03
2.966966966966967156e+00,9.991003953294523843e-01,1.000000000000000021e-03
2.969969969969969981e+00,1.000763289040832227e+00,1.000000000000000021e-03
2.972972972972972805e+00,9.996754466851182075e-01,1.000000000000000021e-03
2.975975975975976073e+00,9.998587647492382935e-01,1.000000000000000021e-03
2.978978978978978898e+00,1.000886236913043348e+00,1.000000000000000021e-03
2.981981981981982166e+00,9.997977073254775693e-01,1.000000000000000021e-03
2.984984984984984990e+00,9.996225533332487867e-01,1.000000000000000021e-03
2.987987987987987815e+00,1.001341209359291273e+00,1.000000000000000021e-03
2.990990990990991083e+00,9.996459704942943780e-01,1.000000000000000021e-03
2.993993993993993907e+00,9.985914040466884467e-01,1.000000000000000021e-03
2.996996996996997176e+00,9.995659828447485129e-01,1.000000000000000021e-03
3.000000000000000000e+00,1.000274085957541859e+00,1.000000000000000021e-03
