0.000000000000000000e+00,1.543767006300932791e-03,1.000000000000000021e-03
3.003003003003002977e-03,9.543613061288069887e-05,1.000000000000000021e-03
6.006006006006005954e-03,6.974753992041566285e-04,1.000000000000000021e-03
9.009009009009008931e-03,-1.227596697500711988e-03,1.000000000000000021e-03
1.201201201201201191e-02,7.200986844065397586e-04,1.000000000000000021e-03
1.501501501501501488e-02,-1.988553557636739411e-03,1.000000000000000021e-03
1.801801801801801786e-02,9.259522160621739715e-04,1.000000000000000021e-03
2.102102102102101910e-02,6.080997700168595940e-04,1.000000000000000021e-03
2.402402402402402382e-02,2.141483250660486306e-03,1.000000000000000021e-03
2.702702702702702853e-02,1.998495550839498778e-04,1.000000000000000021e-03
3.003003003003002977e-02,6.180948854028051314e-04,1.000000000000000021e-03
3.303303303303303101e-02,-2.193818503406578786e-04,1.000000000000000021e-03
3.603603603603603572e-02,-7.443625015909049189e-04,1.000000000000000021e-03
3.903903903903904044e-02,1.764085251120133565e-04,1.000000000000000021e-03
4.204204204204203821e-02,1.027884254120334110e-03,1.000000000000000021e-03
4.504504504504504292e-02,-1.251558988045298627e-03,1.000000000000000021e-03
4.804804804804804763e-02,5.428792082595539342e-04,1.000000000000000021e-03
5.105105105105105234e-02,1.664909278374691361e-03,1.000000000000000021e-03
5.405405405405405705e-02,-1.368090065053781564e-03,1.000000000000000021e-03
5.705705705705705483e-02,-1.805822776285894403e-03,1.000000000000000021e-03
6.006006006006005954e-02,-1.087290345835026720e-03,1.000000000000000021e-03
6.306306306306305731e-02,-2.036983815421183289e-03,1.000000000000000021e-03
6.606606606606606202e-02,9.631051431856283004e-04,1.000000000000000021e-03
6.906906906906906674e-02,-3.198354874509680749e-04,1.000000000000000021e-03
7.207207207207207145e-02,-9.817712423983574518e-04,1.000000000000000021e-03
7.507507507507507616e-02,-1.791924328510318852e-03,1.000000000000000021e-03
7.807807807807808087e-02,7.397743281361363272e-04,1.000000000000000021e-03
8.108108108108108558e-02,-5.329537300001893846e-04,1.000000000000000021e-03
8.408408408408407642e-02,-1.800099286478086321e-05,1.000000000000000021e-03
8.708708708708708113e-02,1.919953845119761946e-04,1.000000000000000021e-03
9.009009009009008584e-02,1.685504809614427144e-03,1.000000000000000021e-03
9.309309309309309055e-02,-6.026682055679883016e-04,1.000000000000000021e-03
9.609609609609609526e-02,1.160800500164393002e-03,1.000000000000000021e-03
9.909909909909909997e-02,1.175031986586422359e-03,1.000000000000000021e-03
1.021021021021021047e-01,2.368812142730466910e-04,1.000000000000000021e-03
1.051051051051051094e-01,1.592892981638757959e-03,1.000000000000000021e-03
1.081081081081081141e-01,-1.186581079770627741e-03,1.000000000000000021e-03
1.111111111111111049e-01,3.142898578685220275e-04,1.000000000000000021e-03
1.141141141141141097e-01,1.400758976743940497e-03,1.000000000000000021e-03
1.171171171171171144e-01,1.625239865474237093e-03,1.000000000000000021e-03
1.201201201201201191e-01,9.734585425866127545e-04,1.000000000000000021e-03
1.231231231231231238e-01,1.079798203592906292e-03,1.000000000000000021e-03
1.261261261261261146e-01,-1.667096865957582623e-03,1.000000000000000021e-03
1.291291291291291332e-01,2.085730794426805259e-04,1.000000000000000021e-03
1.321321321321321240e-01,2.670845611929787040e-04,1.000000000000000021e-03
1.351351351351351426e-01,-3.753590275871536669e-04,1.000000000000000021e-03
1.381381381381381335e-01,-1.258892488515691828e-03,1.000000000000000021e-03
1.411411411411411521e-01,-5.013100549430393044e-04,1.000000000000000021e-03
1.441441441441441429e-01,1.706002577400991902e-03,1.000000000000000021e-03
1.471471471471471337e-01,-2.341647158970012966e-04,1.000000000000000021e-03
1.501501501501501523e-01,-5.846982082525129226e-04,1.000000000000000021e-03
1.531531531531531432e-01,1.905916832731099691e-03,1.000000000000000021e-03
1.561561561561561617e-01,9.394819251206775867e-04,1.000000000000000021e-03
1.591591591591591526e-01,1.963353882860440202e-05,1.000000000000000021e-03
1.621621621621621712e-01,6.765498819341606062e-04,1.000000000000000021e-03
1.651651651651651620e-01,-1.528154825229010661e-03,1.000000000000000021e-03
1.681681681681681528e-01,-7.188185442297451199e-04,1.000000000000000021e-03
1.711711711711711714e-01,1.452108592047241875e-03,1.000000000000000021e-03
1.741741741741741623e-01,-8.377076013551404150e-04,1.000000000000000021e-03
1.771771771771771808e-01,-1.299301871461073111e-04,1.000000000000000021e-03
1.801801801801801717e-01,1.531677619959375672e-03,1.000000000000000021e-03
1.831831831831831903e-01,7.863068228647509096e-04,1.000000000000000021e-03
1.861861861861861811e-01,-3.533279494335824942e-04,1.000000000000000021e-03
1.891891891891891997e-01,-5.688438901700700089e-04,1.000000000000000021e-03
1.921921921921921905e-01,-1.958750552333052113e-04,1.000000000000000021e-03
1.951951951951951814e-01,9.552141338038282799e-04,1.000000000000000021e-03
1.981981981981981999e-01,-8.620253525686173007e-04,1.000000000000000021e-03
2.012012012012011908e-01,5.484551360222484706e-04,1.000000000000000021e-03
2.042042042042042094e-01,1.086003493013631971e-03,1.000000000000000021e-03
2.072072072072072002e-01,8.752865084738517499e-04,1.000000000000000021e-03
2.102102102102102188e-01,5.390894537724168602e-04,1.000000000000000021e-03
2.132132132132132096e-01,-1.041449783832639701e-03,1.000000000000000021e-03
2.162162162162162282e-01,1.376729309729194045e-03,1.000000000000000021e-03
2.192192192192192191e-01,2.241833193412203287e-03,1.000000000000000021e-03
2.222222222222222099e-01,2.022759523176272112e-03,1.000000000000000021e-03
2.252252252252252285e-01,1.126047451758219620e-03,1.000000000000000021e-03
2.282282282282282193e-01,7.175478656479489584e-04,1.000000000000000021e-03
2.312312312312312379e-01,8.457967579428917219e-04,1.000000000000000021e-03
2.342342342342342287e-01,1.533595654567483559e-03,1.000000000000000021e-03
2.372372372372372473e-01,1.049306442877720891e-03,1.000000000000000021e-03
2.402402402402402382e-01,6.074636694721553733e-04,1.000000000000000021e-03
2.432432432432432290e-01,5.235799748655243883e-04,1.000000000000000021e-03
2.462462462462462476e-01,2.083610660710571386e-03,1.000000000000000021e-03
2.492492492492492384e-01,3.385035533993478556e-03,1.000000000000000021e-03
2.522522522522522292e-01,4.620823754889664264e-03,1.000000000000000021e-03
2.552552552552552756e-01,6.102711775562486007e-03,1.000000000000000021e-03
2.582582582582582664e-01,5.249882987217934990e-03,1.000000000000000021e-03
2.612612612612612573e-01,5.644428204568788937e-03,1.000000000000000021e-03
2.642642642642642481e-01,7.542083968882994441e-03,1.000000000000000021e-03
2.672672672672672389e-01,5.545171803757547278e-03,1.000000000000000021e-03
2.702702702702702853e-01,8.217271946129060464e-03,1.000000000000000021e-03
2.732732732732732761e-01,8.288252236737861378e-03,1.000000000000000021e-03
2.762762762762762669e-01,7.403774426684460452e-03,1.000000000000000021e-03
2.792792792792792578e-01,8.567028048096633416e-03,1.000000000000000021e-03
2.822822822822823041e-01,8.792305556492385418e-03,1.000000000000000021e-03
2.852852852852852950e-01,9.132451914560293579e-03,1.000000000000000021e-03
2.882882882882882858e-01,1.064208158743659878e-02,1.000000000000000021e-03
2.912912912912912766e-01,1.048057702626799953e-02,1.000000000000000021e-03
2.942942942942942675e-01,1.150273524981007198e-02,1.000000000000000021e-03
2.972972972972973138e-01,1.174292715666512207e-02,1.000000000000000021e-03
3.003003003003003046e-01,1.186691540406424779e-02,1.000000000000000021e-03
3.033033033033032955e-01,1.067055322786059947e-02,1.000000000000000021e-03
3.063063063063062863e-01,1.234679504711155840e-02,1.000000000000000021e-03
3.093093093093093326e-01,1.143691134511492027e-02,1.000000000000000021e-03
3.123123123123123235e-01,1.124325588367921722e-02,1.000000000000000021e-03
3.153153153153153143e-01,9.348983319063244521e-03,1.000000000000000021e-03
3.183183183183183051e-01,1.084435328606342570e-02,1.000000000000000021e-03
3.213213213213212960e-01,1.048148761509934412e-02,1.000000000000000021e-03
3.243243243243243423e-01,1.157342157838256620e-02,1.000000000000000021e-03
3.273273273273273332e-01,9.552471870554241420e-03,1.000000000000000021e-03
3.303303303303303240e-01,7.840501633009607993e-03,1.000000000000000021e-03
3.333333333333333148e-01,9.386817566167608012e-03,1.000000000000000021e-03
3.363363363363363057e-01,7.017350532078846584e-03,1.000000000000000021e-03
3.393393393393393520e-01,8.814110872144365408e-03,1.000000000000000021e-03
3.423423423423423428e-01,9.792910120015678108e-03,1.000000000000000021e-03
3.453453453453453337e-01,8.206494325520478569e-03,1.000000000000000021e-03
3.483483483483483245e-01,6.478508477861820436e-03,1.000000000000000021e-03
3.513513513513513709e-01,8.036130323103806566e-03,1.000000000000000021e-03
3.543543543543543617e-01,6.465255754428017067e-03,1.000000000000000021e-03
3.573573573573573525e-01,6.534874198166877417e-03,1.000000000000000021e-03
3.603603603603603434e-01,5.340893957620040759e-03,1.000000000000000021e-03
3.633633633633633342e-01,6.451033882852093629e-03,1.000000000000000021e-03
3.663663663663663805e-01,6.797300219727428136e-03,1.000000000000000021e-03
3.693693693693693714e-01,7.347574731943659274e-03,1.000000000000000021e-03
3.723723723723723622e-01,7.015462613063681505e-03,1.000000000000000021e-03
3.753753753753753530e-01,6.119380074025177266e-03,1.000000000000000021e-03
3.783783783783783994e-01,6.510599070304531021e-03,1.000000000000000021e-03
3.813813813813813902e-01,6.846063199873265830e-03,1.000000000000000021e-03
3.843843843843843811e-01,5.623975303422180418e-03,1.000000000000000021e-03
3.873873873873873719e-01,5.184003952449734928e-03,1.000000000000000021e-03
3.903903903903903627e-01,5.355902642662327059e-03,1.000000000000000021e-03
3.933933933933934091e-01,4.177598226301855108e-03,1.000000000000000021e-03
3.963963963963963999e-01,5.874287923914886175e-03,1.000000000000000021e-03
3.993993993993993907e-01,6.982809701700933881e-03,1.000000000000000021e-03
4.024024024024023816e-01,4.297133341303232060e-03,1.000000000000000021e-03
4.054054054054054279e-01,5.190406428871008858e-03,1.000000000000000021e-03
4.084084084084084187e-01,4.942735140615768345e-03,1.000000000000000021e-03
4.114114114114114096e-01,3.340289989002742307e-03,1.000000000000000021e-03
4.144144144144144004e-01,5.665136347951793550e-03,1.000000000000000021e-03
4.174174174174173912e-01,4.347856102013494643e-03,1.000000000000000021e-03
4.204204204204204376e-01,4.915939857879704153e-03,1.000000000000000021e-03
4.234234234234234284e-01,4.033526867005520281e-03,1.000000000000000021e-03
4.264264264264264193e-01,4.019710309116460850e-03,1.000000000000000021e-03
4.294294294294294101e-01,3.709936057401663767e-03,1.000000000000000021e-03
4.324324324324324564e-01,5.558604571543848683e-03,1.000000000000000021e-03
4.354354354354354473e-01,4.126020958714925364e-03,1.000000000000000021e-03
4.384384384384384381e-01,3.399638398022924047e-03,1.000000000000000021e-03
4.414414414414414289e-01,4.091099288178462814e-03,1.000000000000000021e-03
4.444444444444444198e-01,4.137450338662866829e-03,1.000000000000000021e-03
4.474474474474474661e-01,4.288818273774652051e-03,1.000000000000000021e-03
4.504504504504504570e-01,3.617731992557966271e-03,1.000000000000000021e-03
4.534534534534534478e-01,3.540996120129809993e-03,1.000000000000000021e-03
4.564564564564564386e-01,2.202415803654908782e-03,1.000000000000000021e-03
4.594594594594594295e-01,2.739157308116244634e-03,1.000000000000000021e-03
4.624624624624624758e-01,1.877458168604475468e-03,1.000000000000000021e-03
4.654654654654654666e-01,3.578849453919108296e-03,1.000000000000000021e-03
4.684684684684684575e-01,4.412207292861966036e-03,1.000000000000000021e-03
4.714714714714714483e-01,5.405964083817091370e-03,1.000000000000000021e-03
4.744744744744744946e-01,2.844530467032647426e-03,1.000000000000000021e-03
4.774774774774774855e-01,3.597715936044835420e-03,1.000000000000000021e-03
4.804804804804804763e-01,5.972998655793084095e-03,1.000000000000000021e-03
4.834834834834834671e-01,4.371372022590267435e-03,1.000000000000000021e-03
4.864864864864864580e-01,5.356210113562926561e-03,1.000000000000000021e-03
4.894894894894895043e-01,5.515307853681110720e-03,1.000000000000000021e-03
4.924924924924924952e-01,4.579940810795089280e-03,1.000000000000000021e-03
4.954954954954954860e-01,5.880605489066856144e-03,1.000000000000000021e-03
4.984984984984984768e-01,8.195158875480366284e-03,1.000000000000000021e-03
5.015015015015015232e-01,7.365248184292227766e-03,1.000000000000000021e-03
5.045045045045044585e-01,8.175636204520225422e-03,1.000000000000000021e-03
5.075075075075075048e-01,6.407524460368189262e-03,1.000000000000000021e-03
5.105105105105105512e-01,4.982188027292505303e-03,1.000000000000000021e-03
5.135135135135134865e-01,6.014877400399388195e-03,1.000000000000000021e-03
5.165165165165165329e-01,5.154507699421328158e-03,1.000000000000000021e-03
5.195195195195194682e-01,5.400989250692023701e-03,1.000000000000000021e-03
5.225225225225225145e-01,6.219205902332769487e-03,1.000000000000000021e-03
5.255255255255255609e-01,7.104347985956838314e-03,1.000000000000000021e-03
5.285285285285284962e-01,4.970078274674706760e-03,1.000000000000000021e-03
5.315315315315315425e-01,4.009160197204668721e-03,1.000000000000000021e-03
5.345345345345344779e-01,4.943821479471036812e-03,1.000000000000000021e-03
5.375375375375375242e-01,4.538883378083403627e-03,1.000000000000000021e-03
5.405405405405405705e-01,4.044079843905477520e-03,1.000000000000000021e-03
5.435435435435435059e-01,3.571711748485435940e-03,1.000000000000000021e-03
5.465465465465465522e-01,3.540655465588910498e-03,1.000000000000000021e-03
5.495495495495495986e-01,3.434534462627754185e-03,1.000000000000000021e-03
5.525525525525525339e-01,2.515243854528167317e-03,1.000000000000000021e-03
5.555555555555555802e-01,4.280358621157503637e-03,1.000000000000000021e-03
5.585585585585585155e-01,3.923835569566717224e-03,1.000000000000000021e-03
5.615615615615615619e-01,3.617438706566475197e-03,1.000000000000000021e-03
5.645645645645646082e-01,1.277307217758228645e-03,1.000000000000000021e-03
5.675675675675675436e-01,3.062212345649730980e-03,1.000000000000000021e-03
5.705705705705705899e-01,4.401471524251050239e-03,1.000000000000000021e-03
5.735735735735735252e-01,3.748620379058680528e-03,1.000000000000000021e-03
5.765765765765765716e-01,2.271582314637971781e-03,1.000000000000000021e-03
5.795795795795796179e-01,2.829749476992986668e-03,1.000000000000000021e-03
5.825825825825825532e-01,3.635164262245741372e-03,1.000000000000000021e-03
5.855855855855855996e-01,2.605402521975401856e-03,1.000000000000000021e-03
5.885885885885885349e-01,3.531440920004383279e-03,1.000000000000000021e-03
5.915915915915915813e-01,1.333142299648021291e-03,1.000000000000000021e-03
5.945945945945946276e-01,3.010555535490562311e-03,1.000000000000000021e-03
5.975975975975975629e-01,3.493890255435472617e-03,1.000000000000000021e-03
6.006006006006006093e-01,9.901384520599795097e-04,1.000000000000000021e-03
6.036036036036035446e-01,3.339953443746538318e-03,1.000000000000000021e-03
6.066066066066065909e-01,1.916870797675184358e-03,1.000000000000000021e-03
6.096096096096096373e-01,2.046252566538385356e-03,1.000000000000000021e-03
6.126126126126125726e-01,1.989580041597335293e-03,1.000000000000000021e-03
6.156156156156156189e-01,2.324469017285643851e-03,1.000000000000000021e-03
6.186186186186186653e-01,3.004382808123771346e-03,1.000000000000000021e-03
6.216216216216216006e-01,2.050791946983240681e-03,1.000000000000000021e-03
6.246246246246246470e-01,1.646297779138973299e-03,1.000000000000000021e-03
6.276276276276275823e-01,2.512087212364122035e-03,1.000000000000000021e-03
6.306306306306306286e-01,2.446561186000556845e-03,1.000000000000000021e-03
6.336336336336336750e-01,2.394169522027671769e-03,1.000000000000000021e-03
6.366366366366366103e-01,-1.151888437589338246e-04,1.000000000000000021e-03
6.396396396396396566e-01,3.206498129596218639e-03,1.000000000000000021e-03
6.426426426426425920e-01,2.742160902641586039e-03,1.000000000000000021e-03
6.456456456456456383e-01,1.841075588647495941e-03,1.000000000000000021e-03
6.486486486486486847e-01,2.418486276431618988e-03,1.000000000000000021e-03
6.516516516516516200e-01,3.927846696027668255e-03,1.000000000000000021e-03
6.546546546546546663e-01,1.467523295037567819e-03,1.000000000000000021e-03
6.576576576576576016e-01,1.990709827732160386e-03,1.000000000000000021e-03
6.606606606606606480e-01,2.830681819599628873e-03,1.000000000000000021e-03
6.636636636636636943e-01,1.406598883245462235e-03,1.000000000000000021e-03
6.666666666666666297e-01,2.676051756762960060e-03,1.000000000000000021e-03
6.696696696696696760e-01,9.821186491059746230e-04,1.000000000000000021e-03
6.726726726726726113e-01,2.454510078193178086e-03,1.000000000000000021e-03
6.756756756756756577e-01,1.021394761398252294e-03,1.000000000000000021e-03
6.786786786786787040e-01,8.399596239314489725e-05,1.000000000000000021e-03
6.816816816816816393e-01,1.243139073773669775e-03,1.000000000000000021e-03
6.846846846846846857e-01,1.349389858177328129e-03,1.000000000000000021e-03
6.876876876876877320e-01,8.370055925967475382e-04,1.000000000000000021e-03
6.906906906906906674e-01,2.098233115001774726e-03,1.000000000000000021e-03
6.936936936936937137e-01,1.339698862091294029e-03,1.000000000000000021e-03
6.966966966966966490e-01,3.473837174130447059e-03,1.000000000000000021e-03
6.996996996996996954e-01,1.448436795246079269e-03,1.000000000000000021e-03
7.027027027027027417e-01,2.077233531754405643e-03,1.000000000000000021e-03
7.057057057057056770e-01,2.091793965106285465e-03,1.000000000000000021e-03
7.087087087087087234e-01,7.853385164523513789e-04,1.000000000000000021e-03
7.117117117117116587e-01,2.437304358636922189e-03,1.000000000000000021e-03
7.147147147147147050e-01,2.761802234986198736e-03,1.000000000000000021e-03
7.177177177177177514e-01,1.805011689373868132e-03,1.000000000000000021e-03
7.207207207207206867e-01,2.567603501078096449e-03,1.000000000000000021e-03
7.237237237237237331e-01,2.055108576633268846e-03,1.000000000000000021e-03
7.267267267267266684e-01,1.066257954869705149e-05,1.000000000000000021e-03
7.297297297297297147e-01,2.439506748391499086e-03,1.000000000000000021e-03
7.327327327327327611e-01,-1.100130553166612287e-03,1.000000000000000021e-03
7.357357357357356964e-01,1.686794270580748920e-03,1.000000000000000021e-03
7.387387387387387427e-01,4.896688579156122101e-04,1.000000000000000021e-03
7.417417417417417891e-01,-2.693836228852600732e-04,1.000000000000000021e-03
7.447447447447447244e-01,8.083259617217318027e-04,1.000000000000000021e-03
7.477477477477477708e-01,1.667101311209995100e-04,1.000000000000000021e-03
7.507507507507507061e-01,1.821669873949549601e-03,1.000000000000000021e-03
7.537537537537537524e-01,1.219529139645816841e-03,1.000000000000000021e-03
7.567567567567567988e-01,-1.102357243951165681e-04,1.000000000000000021e-03
7.597597597597597341e-01,-1.896645669765188811e-04,1.000000000000000021e-03
7.627627627627627804e-01,6.001753631273168367e-04,1.000000000000000021e-03
7.657657657657657158e-01,2.884409721385225098e-03,1.000000000000000021e-03
7.687687687687687621e-01,1.159121317874784590e-03,1.000000000000000021e-03
7.717717717717718084e-01,2.174295372366380485e-03,1.000000000000000021e-03
7.747747747747747438e-01,2.548056157090991189e-03,1.000000000000000021e-03
7.777777777777777901e-01,1.685242672829814639e-03,1.000000000000000021e-03
7.807807807807807254e-01,1.161525745637509476e-03,1.000000000000000021e-03
7.837837837837837718e-01,1.920386101741457978e-03,1.000000000000000021e-03
7.867867867867868181e-01,2.367667135907312696e-03,1.000000000000000021e-03
7.897897897897897534e-01,2.283474260837745247e-03,1.000000000000000021e-03
7.927927927927927998e-01,-1.134879704114953071e-04,1.000000000000000021e-03
7.957957957957957351e-01,5.076184216361029214e-04,1.000000000000000021e-03
7.987987987987987815e-01,8.645857039821314496e-04,1.000000000000000021e-03
8.018018018018018278e-01,2.896014730328536069e-03,1.000000000000000021e-03
8.048048048048047631e-01,1.886138655540642913e-03,1.000000000000000021e-03
8.078078078078078095e-01,3.293794345886561642e-04,1.000000000000000021e-03
8.108108108108108558e-01,1.426553535366417540e-03,1.000000000000000021e-03
8.138138138138137911e-01,2.019090608749103070e-03,1.000000000000000021e-03
8.168168168168168375e-01,1.647901591264595237e-03,1.000000000000000021e-03
8.198198198198197728e-01,1.845720963951220190e-03,1.000000000000000021e-03
8.228228228228228192e-01,1.518780351037516286e-03,1.000000000000000021e-03
8.258258258258258655e-01,1.632535790925280410e-03,1.000000000000000021e-03
8.288288288288288008e-01,1.546096462244613088e-04,1.000000000000000021e-03
8.318318318318318472e-01,2.082220121069986579e-03,1.000000000000000021e-03
8.348348348348347825e-01,1.473016959304640017e-03,1.000000000000000021e-03
8.378378378378378288e-01,1.716211435358666257e-03,1.000000000000000021e-03
8.408408408408408752e-01,1.824943480502448905e-03,1.000000000000000021e-03
8.438438438438438105e-01,2.103111626385686765e-03,1.000000000000000021e-03
8.468468468468468568e-01,2.320197293588430881e-03,1.000000000000000021e-03
8.498498498498497922e-01,-1.235792978044533263e-03,1.000000000000000021e-03
8.528528528528528385e-01,3.111023927126421729e-03,1.000000000000000021e-03
8.558558558558558849e-01,-9.645729210738670460e-04,1.000000000000000021e-03
8.588588588588588202e-01,2.335955918925854699e-04,1.000000000000000021e-03
8.618618618618618665e-01,2.552413606039497570e-03,1.000000000000000021e-03
8.648648648648649129e-01,1.616120182377388335e-03,1.000000000000000021e-03
8.678678678678678482e-01,2.213007675783462518e-03,1.000000000000000021e-03
8.708708708708708945e-01,2.511837197929709352e-03,1.000000000000000021e-03
8.738738738738738299e-01,6.732289923350582000e-04,1.000000000000000021e-03
8.768768768768768762e-01,2.665207500898000327e-03,1.000000000000000021e-03
8.798798798798799226e-01,7.025907876612516589e-04,1.000000000000000021e-03
8.828828828828828579e-01,5.476695207663154642e-04,1.000000000000000021e-03
8.858858858858859042e-01,7.793116448111590908e-04,1.000000000000000021e-03
8.888888888888888395e-01,1.795896724549239567e-04,1.000000000000000021e-03
8.918918918918918859e-01,4.931867985774859896e-04,1.000000000000000021e-03
8.948948948948949322e-01,-4.108550458445706620e-05,1.000000000000000021e-03
8.978978978978978676e-01,8.009241162196815067e-04,1.000000000000000021e-03
9.009009009009009139e-01,7.331609004271614962e-05,1.000000000000000021e-03
9.039039039039038492e-01,-5.776760493663964449e-05,1.000000000000000021e-03
9.069069069069068956e-01,1.773367844200039387e-03,1.000000000000000021e-03
9.099099099099099419e-01,1.201442279178151565e-03,1.000000000000000021e-03
9.129129129129128772e-01,-1.015597141824243349e-04,1.000000000000000021e-03
9.159159159159159236e-01,3.334904319612735230e-03,1.000000000000000021e-03
9.189189189189188589e-01,5.076786685596192464e-04,1.000000000000000021e-03
9.219219219219219053e-01,1.390955345319202195e-03,1.000000000000000021e-03
9.249249249249249516e-01,2.493893346710950379e-03,1.000000000000000021e-03
9.279279279279278869e-01,4.508729644421816639e-04,1.000000000000000021e-03
9.309309309309309333e-01,-1.559377461310589366e-03,1.000000000000000021e-03
9.339339339339339796e-01,2.350319154105743377e-03,1.000000000000000021e-03
9.369369369369369149e-01,3.794634652293613075e-03,1.000000000000000021e-03
9.399399399399399613e-01,1.759033559583431366e-03,1.000000000000000021e-03
9.429429429429428966e-01,-5.907631569673895073e-04,1.000000000000000021e-03
9.459459459459459429e-01,2.080220360558251470e-03,1.000000000000000021e-03
9.489489489489489893e-01,1.077782541643803379e-03,1.000000000000000021e-03
9.519519519519519246e-01,1.406236778634974149e-03,1.000000000000000021e-03
9.549549549549549710e-01,1.266222753999329560e-04,1.000000000000000021e-03
9.579579579579579063e-01,-6.811846167688626963e-04,1.000000000000000021e-03
9.609609609609609526e-01,1.158519416096671223e-04,1.000000000000000021e-03
9.639639639639639990e-01,3.848227103600824388e-04,1.000000000000000021e-03
9.669669669669669343e-01,1.147103341086900272e-03,1.000000000000000021e-03
9.699699699699699806e-01,-7.238637135047784176e-04,1.000000000000000021e-03
9.729729729729729160e-01,-6.223714466950493662e-04,1.000000000000000021e-03
9.759759759759759623e-01,6.166112845755191644e-04,1.000000000000000021e-03
9.789789789789790087e-01,1.330806073746387819e-03,1.000000000000000021e-03
9.819819819819819440e-01,1.232042274457908473e-03,1.000000000000000021e-03
9.849849849849849903e-01,1.650157822533521732e-04,1.000000000000000021e-03
9.879879879879879256e-01,7.288734243833096347e-04,1.000000000000000021e-03
9.909909909909909720e-01,1.078586457139246030e-03,1.000000000000000021e-03
9.939939939939940183e-01,4.926052100871795500e-04,1.000000000000000021e-03
9.969969969969969537e-01,-1.141879757539009978e-03,1.000000000000000021e-03
1.000000000000000000e+00,8.730161072258925577e-04,1.000000000000000021e-03
1.003003003003003046e+00,8.236630317010258965e-04,1.000000000000000021e-03
1.006006006006006093e+00,5.859116245226019763e-04,1.000000000000000021e-03
1.009009009009008917e+00,1.125116417906015139e-03,1.000000000000000021e-03
1.012012012012011963e+00,9.845791685078751545e-04,1.000000000000000021e-03
1.015015015015015010e+00,8.203926302140891139e-04,1.000000000000000021e-03
1.018018018018018056e+00,2.031939985413976513e-03,1.000000000000000021e-03
1.021021021021021102e+00,-8.574553543462233932e-05,1.000000000000000021e-03
1.024024024024023927e+00,1.030526883848548528e-03,1.000000000000000021e-03
1.027027027027026973e+00,9.089745126569662506e-05,1.000000000000000021e-03
1.030030030030030019e+00,-4.429756467009962140e-04,1.000000000000000021e-03
1.033033033033033066e+00,1.767739796992208283e-03,1.000000000000000021e-03
1.036036036036036112e+00,1.004990718735640758e-03,1.000000000000000021e-03
1.039039039039038936e+00,1.166831328866888701e-03,1.000000000000000021e-03
1.042042042042041983e+00,1.775283345873124525e-03,1.000000000000000021e-03
1.045045045045045029e+00,1.778423576987532518e-03,1.000000000000000021e-03
1.048048048048048075e+00,8.741797591766049293e-05,1.000000000000000021e-03
1.051051051051051122e+00,-1.601602952056034850e-03,1.000000000000000021e-03
1.054054054054053946e+00,5.746627243160751979e-04,1.000000000000000021e-03
1.057057057057056992e+00,-8.935902551371148732e-05,1.000000000000000021e-03
1.060060060060060039e+00,1.294546810352154020e-05,1.000000000000000021e-03
1.063063063063063085e+00,2.359438438701694056e-03,1.000000000000000021e-03
1.066066066066066131e+00,2.393976654270727898e-04,1.000000000000000021e-03
1.069069069069068956e+00,2.848586557940474594e-04,1.000000000000000021e-03
1.072072072072072002e+00,1.399979645145867048e-03,1.000000000000000021e-03
1.075075075075075048e+00,5.977622616597037244e-04,1.000000000000000021e-03
1.078078078078078095e+00,-1.405989840299095564e-04,1.000000000000000021e-03
1.081081081081081141e+00,2.624059656634146996e-03,1.000000000000000021e-03
1.084084084084083965e+00,-5.000984498068819896e-04,1.000000000000000021e-03
1.087087087087087012e+00,1.145605265748427882e-03,1.000000000000000021e-03
1.090090090090090058e+00,1.010872391530757801e-03,1.000000000000000021e-03
1.093093093093093104e+00,2.087582800902534549e-03,1.000000000000000021e-03
1.096096096096096151e+00,-3.879651589220743831e-04,1.000000000000000021e-03
1.099099099099099197e+00,7.264064597007719934e-04,1.000000000000000021e-03
1.102102102102102021e+00,3.322582116915496955e-04,1.000000000000000021e-03
1.105105105105105068e+00,-8.735087845818960330e-04,1.000000000000000021e-03
1.108108108108108114e+00,4.891423657032123147e-04,1.000000000000000021e-03
1.111111111111111160e+00,2.373792294505880514e-04,1.000000000000000021e-03
1.114114114114114207e+00,9.080362321503295366e-04,1.000000000000000021e-03
1.117117117117117031e+00,1.567376184273997311e-04,1.000000000000000021e-03
1.120120120120120077e+00,2.698396897800742753e-04,1.000000000000000021e-03
1.123123123123123124e+00,1.820434990691026725e-03,1.000000000000000021e-03
1.126126126126126170e+00,2.481788437518645841e-03,1.000000000000000021e-03
1.129129129129129216e+00,1.434295815914765366e-03,1.000000000000000021e-03
1.132132132132132041e+00,9.894600306814746709e-04,1.000000000000000021e-03
1.135135135135135087e+00,-7.700187405227388584e-04,1.000000000000000021e-03
1.138138138138138133e+00,-1.860999552636230948e-04,1.000000000000000021e-03
1.141141141141141180e+00,1.446031104625990346e-03,1.000000000000000021e-03
1.144144144144144226e+00,1.324912656163899612e-03,1.000000000000000021e-03
1.147147147147147050e+00,4.866440184731792018e-04,1.000000000000000021e-03
1.150150150150150097e+00,1.637553370270739125e-03,1.000000000000000021e-03
1.153153153153153143e+00,-4.370939906045923301e-04,1.000000000000000021e-03
1.156156156156156189e+00,-5.387505812300046135e-04,1.000000000000000021e-03
1.159159159159159236e+00,-6.415241509178265002e-04,1.000000000000000021e-03
1.162162162162162060e+00,1.117765866046215376e-03,1.000000000000000021e-03
1.165165165165165106e+00,3.929040866608818849e-04,1.000000000000000021e-03
1.168168168168168153e+00,5.616950665496820740e-04,1.000000000000000021e-03
1.171171171171171199e+00,1.046789861567094153e-03,1.000000000000000021e-03
1.174174174174174246e+00,1.069884615435752820e-03,1.000000000000000021e-03
1.177177177177177070e+00,-1.160075268336418618e-03,1.000000000000000021e-03
1.180180180180180116e+00,6.542716033039294894e-04,1.000000000000000021e-03
1.183183183183183163e+00,1.689713873289556793e-03,1.000000000000000021e-03
1.186186186186186209e+00,6.381010643828789871e-04,1.000000000000000021e-03
1.189189189189189255e+00,5.994571601804811467e-04,1.000000000000000021e-03
1.192192192192192080e+00,2.806463704502602016e-03,1.000000000000000021e-03
1.195195195195195126e+00,-3.832394556494931877e-04,1.000000000000000021e-03
1.198198198198198172e+00,4.027515248729223807e-04,1.000000000000000021e-03
1.201201201201201219e+00,1.522322655322688907e-04,1.000000000000000021e-03
1.204204204204204265e+00,8.446088571332486562e-04,1.000000000000000021e-03
1.207207207207207089e+00,-1.367539702871632071e-04,1.000000000000000021e-03
1.210210210210210136e+00,4.822935843022494460e-04,1.000000000000000021e-03
1.213213213213213182e+00,1.309231376075184450e-04,1.000000000000000021e-03
1.216216216216216228e+00,1.509006023245199404e-03,1.000000000000000021e-03
1.219219219219219275e+00,1.177629197634895777e-03,1.000000000000000021e-03
1.222222222222222321e+00,1.968159748145797191e-03,1.000000000000000021e-03
1.225225225225225145e+00,1.051169789368213391e-03,1.000000000000000021e-03
1.228228228228228192e+00,-1.455730299537190539e-04,1.000000000000000021e-03
1.231231231231231238e+00,5.933736803857262874e-04,1.000000000000000021e-03
1.234234234234234284e+00,5.803065528620817955e-04,1.000000000000000021e-03
1.237237237237237331e+00,4.008741552921223257e-05,1.000000000000000021e-03
1.240240240240240155e+00,1.858761088982409989e-03,1.000000000000000021e-03
1.243243243243243201e+00,-1.399805538589325108e-04,1.000000000000000021e-03
1.246246246246246248e+00,4.482110626911427588e-04,1.000000000000000021e-03
1.249249249249249294e+00,5.326277620153792173e-04,1.000000000000000021e-03
1.252252252252252340e+00,-1.451816273927071868e-03,1.000000000000000021e-03
1.255255255255255165e+00,7.447408791823915226e-04,1.000000000000000021e-03
1.258258258258258211e+00,2.575513345449120025e-03,1.000000000000000021e-03
1.261261261261261257e+00,1.572086370600689342e-03,1.000000000000000021e-03
1.264264264264264304e+00,5.914542691891607005e-04,1.000000000000000021e-03
1.267267267267267350e+00,-6.220486128571144947e-04,1.000000000000000021e-03
1.270270270270270174e+00,5.579103563529723073e-04,1.000000000000000021e-03
1.273273273273273221e+00,2.618125437867891911e-03,1.000000000000000021e-03
1.276276276276276267e+00,6.835470101166827260e-04,1.000000000000000021e-03
1.279279279279279313e+00,4.173330529292730356e-04,1.000000000000000021e-03
1.282282282282282360e+00,-1.644390568137147051e-04,1.000000000000000021e-03
1.285285285285285184e+00,1.190821567222589538e-03,1.000000000000000021e-03
1.288288288288288230e+00,1.039051254041264841e-03,1.000000000000000021e-03
1.291291291291291277e+00,2.398944696158461683e-03,1.000000000000000021e-03
1.294294294294294323e+00,1.313378989883090672e-03,1.000000000000000021e-03
1.297297297297297369e+00,2.451385375197684922e-03,1.000000000000000021e-03
1.300300300300300194e+00,1.059381844469412665e-03,1.000000000000000021e-03
1.303303303303303240e+00,3.481007246976492581e-03,1.000000000000000021e-03
1.306306306306306286e+00,3.648237573222841510e-03,1.000000000000000021e-03
1.309309309309309333e+00,1.363063755679854057e-03,1.000000000000000021e-03
1.312312312312312379e+00,2.149831244426150378e-03,1.000000000000000021e-03
1.315315315315315203e+00,3.800271753480761322e-03,1.000000000000000021e-03
1.318318318318318250e+00,2.863476158152343867e-03,1.000000000000000021e-03
1.321321321321321296e+00,3.577900112505031077e-03,1.000000000000000021e-03
1.324324324324324342e+00,2.933681635386615767e-03,1.000000000000000021e-03
1.327327327327327389e+00,1.834358788305573938e-03,1.000000000000000021e-03
1.330330330330330213e+00,3.058648272289224770e-03,1.000000000000000021e-03
1.333333333333333259e+00,4.368933699058667047e-03,1.000000000000000021e-03
1.336336336336336306e+00,5.677253642142421862e-03,1.000000000000000021e-03
1.339339339339339352e+00,5.024487767834727447e-03,1.000000000000000021e-03
1.342342342342342398e+00,4.108488535517751221e-03,1.000000000000000021e-03
1.345345345345345223e+00,4.672778347893636469e-03,1.000000000000000021e-03
1.348348348348348269e+00,4.838677446268942368e-03,1.000000000000000021e-03
1.351351351351351315e+00,5.549670198775844346e-03,1.000000000000000021e-03
1.354354354354354362e+00,4.810657766007096596e-03,1.000000000000000021e-03
1.357357357357357408e+00,6.269432242946460822e-03,1.000000000000000021e-03
1.360360360360360454e+00,4.741376077026152221e-03,1.000000000000000021e-03
1.363363363363363279e+00,5.466872328138303212e-03,1.000000000000000021e-03
1.366366366366366325e+00,5.730885346843416633e-03,1.000000000000000021e-03
1.369369369369369371e+00,5.017914799822524238e-03,1.000000000000000021e-03
1.372372372372372418e+00,5.660284489793178039e-03,1.000000000000000021e-03
1.375375375375375464e+00,6.002395481196669963e-03,1.000000000000000021e-03
1.378378378378378288e+00,6.581493562407905729e-03,1.000000000000000021e-03
1.381381381381381335e+00,5.647950343987261090e-03,1.000000000000000021e-03
1.384384384384384381e+00,6.525546808484383732e-03,1.000000000000000021e-03
1.387387387387387427e+00,6.112419905284881792e-03,1.000000000000000021e-03
1.390390390390390474e+00,5.797166338195441568e-03,1.000000000000000021e-03
1.393393393393393298e+00,8.621746052700230908e-03,1.000000000000000021e-03
1.396396396396396344e+00,6.414819961614201017e-03,1.000000000000000021e-03
1.399399399399399391e+00,8.212981906276258307e-03,1.000000000000000021e-03
1.402402402402402437e+00,6.628113710527718840e-03,1.000000000000000021e-03
1.405405405405405483e+00,7.003263983909209338e-03,1.000000000000000021e-03
1.408408408408408308e+00,6.183878733675807031e-03,1.000000000000000021e-03
1.411411411411411354e+00,6.039075490091882527e-03,1.000000000000000021e-03
1.414414414414414400e+00,6.199672587082295794e-03,1.000000000000000021e-03
1.417417417417417447e+00,6.786495954681237737e-03,1.000000000000000021e-03
1.420420420420420493e+00,4.854538340884517918e-03,1.000000000000000021e-03
1.423423423423423317e+00,6.764867046605491097e-03,1.000000000000000021e-03
1.426426426426426364e+00,5.821695858831834637e-03,1.000000000000000021e-03
1.429429429429429410e+00,4.884023342647966781e-03,1.000000000000000021e-03
1.432432432432432456e+00,4.693253169513902576e-03,1.000000000000000021e-03
1.435435435435435503e+00,4.930578634442114860e-03,1.000000000000000021e-03
1.438438438438438327e+00,5.905649266557165891e-03,1.000000000000000021e-03
1.441441441441441373e+00,6.199266343275395240e-03,1.000000000000000021e-03
1.444444444444444420e+00,5.312978417190360701e-03,1.000000000000000021e-03
1.447447447447447466e+00,4.203047523962009750e-03,1.000000000000000021e-03
1.450450450450450512e+00,4.763794214155776460e-03,1.000000000000000021e-03
1.453453453453453337e+00,6.345052921756168252e-03,1.000000000000000021e-03
1.456456456456456383e+00,4.614340363087266611e-03,1.000000000000000021e-03
1.459459459459459429e+00,4.305179768013054319e-03,1.000000000000000021e-03
1.462462462462462476e+00,4.096631774131643221e-03,1.000000000000000021e-03
1.465465465465465522e+00,7.185001811590294857e-03,1.000000000000000021e-03
1.468468468468468346e+00,5.398505982189810010e-03,1.000000000000000021e-03
1.471471471471471393e+00,4.149900202030410400e-03,1.000000000000000021e-03
1.474474474474474439e+00,5.555766444902593242e-03,1.000000000000000021e-03
1.477477477477477485e+00,3.323708815819801342e-03,1.000000000000000021e-03
1.480480480480480532e+00,4.879962027970326417e-03,1.000000000000000021e-03
1.483483483483483578e+00,3.645619291296080255e-03,1.000000000000000021e-03
1.486486486486486402e+00,1.818167623804215188e-03,1.000000000000000021e-03
1.489489489489489449e+00,4.291309871289245709e-03,1.000000000000000021e-03
1.492492492492492495e+00,2.424001909323048130e-03,1.000000000000000021e-03
1.495495495495495542e+00,5.567926505356871753e-03,1.000000000000000021e-03
1.498498498498498588e+00,4.614449446130398751e-03,1.000000000000000021e-03
1.501501501501501412e+00,4.142703682554164414e-03,1.000000000000000021e-03
1.504504504504504458e+00,3.432382408531083843e-03,1.000000000000000021e-03
1.507507507507507505e+00,3.759643703025392254e-03,1.000000000000000021e-03
1.510510510510510551e+00,3.804900745316340278e-03,1.000000000000000021e-03
1.513513513513513598e+00,3.872603446838455629e-03,1.000000000000000021e-03
1.516516516516516422e+00,4.631572813127727076e-03,1.000000000000000021e-03
1.519519519519519468e+00,4.499761067086357862e-03,1.000000000000000021e-03
1.522522522522522515e+00,3.826788467429818180e-03,1.000000000000000021e-03
1.525525525525525561e+00,2.915972432450053380e-03,1.000000000000000021e-03
1.528528528528528607e+00,2.082310420769512525e-03,1.000000000000000021e-03
1.531531531531531432e+00,2.173476080262610934e-03,1.000000000000000021e-03
1.534534534534534478e+00,5.332416484825518686e-03,1.000000000000000021e-03
1.537537537537537524e+00,3.950238526576986889e-03,1.000000000000000021e-03
1.540540540540540571e+00,4.447395576551555450e-03,1.000000000000000021e-03
1.543543543543543617e+00,2.550922145415746890e-03,1.000000000000000021e-03
1.546546546546546441e+00,3.407148476909275994e-03,1.000000000000000021e-03
1.549549549549549488e+00,3.403628427427968142e-03,1.000000000000000021e-03
1.552552552552552534e+00,3.786189902215596637e-03,1.000000000000000021e-03
1.555555555555555580e+00,2.230034771395847902e-03,1.000000000000000021e-03
1.558558558558558627e+00,3.264769294069306063e-03,1.000000000000000021e-03
1.561561561561561451e+00,1.285421284457472684e-03,1.000000000000000021e-03
1.564564564564564497e+00,2.687545317246145538e-03,1.000000000000000021e-03
1.567567567567567544e+00,3.637259539913657511e-03,1.000000000000000021e-03
1.570570570570570590e+00,2.713042323404085340e-03,1.000000000000000021e-03
1.573573573573573636e+00,2.836685035190847880e-03,1.000000000000000021e-03
1.576576576576576461e+00,2.515077014971691532e-03,1.000000000000000021e-03
1.579579579579579507e+00,4.094429658603186001e-03,1.000000000000000021e-03
1.582582582582582553e+00,3.217164714247986064e-03,1.000000000000000021e-03
1.585585585585585600e+00,1.798831870393135038e-03,1.000000000000000021e-03
1.588588588588588646e+00,2.924362069738119154e-03,1.000000000000000021e-03
1.591591591591591470e+00,3.817144543679354320e-03,1.000000000000000021e-03
1.594594594594594517e+00,3.083157279734992113e-03,1.000000000000000021e-03
1.597597597597597563e+00,2.410205528322574824e-03,1.000000000000000021e-03
1.600600600600600609e+00,1.791809890414566408e-03,1.000000000000000021e-03
1.603603603603603656e+00,3.042247111684790416e-03,1.000000000000000021e-03
1.606606606606606702e+00,2.423596071447111765e-03,1.000000000000000021e-03
1.609609609609609526e+00,2.939026482183372622e-03,1.000000000000000021e-03
1.612612612612612573e+00,2.247775936982522420e-03,1.000000000000000021e-03
1.615615615615615619e+00,2.018878325359099897e-03,1.000000000000000021e-03
1.618618618618618665e+00,1.536824005517367382e-03,1.000000000000000021e-03
1.621621621621621712e+00,2.572806456335827597e-03,1.000000000000000021e-03
1.624624624624624536e+00,4.633655291494715930e-03,1.000000000000000021e-03
1.627627627627627582e+00,2.444651175889679066e-03,1.000000000000000021e-03
1.630630630630630629e+00,1.839847656155275003e-03,1.000000000000000021e-03
1.633633633633633675e+00,2.928966958299808292e-03,1.000000000000000021e-03
1.636636636636636721e+00,3.397788775987611518e-03,1.000000000000000021e-03
1.639639639639639546e+00,1.861520066006283960e-03,1.000000000000000021e-03
1.642642642642642592e+00,3.843663782032318010e-03,1.000000000000000021e-03
1.645645645645645638e+00,4.050194713810861130e-03,1.000000000000000021e-03
1.648648648648648685e+00,1.823119484196159944e-03,1.000000000000000021e-03
1.651651651651651731e+00,3.697292840226325608e-03,1.000000000000000021e-03
1.654654654654654555e+00,2.144535878649080508e-03,1.000000000000000021e-03
1.657657657657657602e+00,1.633481245061924958e-03,1.000000000000000021e-03
1.660660660660660648e+00,3.458987845790436992e-03,1.000000000000000021e-03
1.663663663663663694e+00,4.399912755657841602e-03,1.000000000000000021e-03
1.666666666666666741e+00,2.801284770294332465e-03,1.000000000000000021e-03
1.669669669669669565e+00,1.360455880606636653e-03,1.000000000000000021e-03
1.672672672672672611e+00,3.272319023430912688e-03,1.000000000000000021e-03
1.675675675675675658e+00,2.425153101781279789e-03,1.000000000000000021e-03
1.678678678678678704e+00,2.590915457621899634e-03,1.000000000000000021e-03
1.681681681681681750e+00,2.727486456460610081e-03,1.000000000000000021e-03
1.684684684684684575e+00,3.739385191165636290e-04,1.000000000000000021e-03
1.687687687687687621e+00,2.279953637572257937e-03,1.000000000000000021e-03
1.690690690690690667e+00,1.875941733721965456e-03,1.000000000000000021e-03
1.693693693693693714e+00,7.151193766966243686e-04,1.000000000000000021e-03
1.696696696696696760e+00,4.624538292256213674e-04,1.000000000000000021e-03
1.699699699699699584e+00,-3.067190058573384878e-04,1.000000000000000021e-03
1.702702702702702631e+00,7.573367167697292370e-04,1.000000000000000021e-03
1.705705705705705677e+00,1.039249648292573172e-03,1.000000000000000021e-03
1.708708708708708723e+00,1.303674882455274544e-03,1.000000000000000021e-03
1.711711711711711770e+00,2.947572273295103427e-03,1.000000000000000021e-03
1.714714714714714594e+00,1.022114756209723712e-03,1.000000000000000021e-03
1.717717717717717640e+00,1.928561803932328988e-03,1.000000000000000021e-03
1.720720720720720687e+00,9.679210109091154670e-04,1.000000000000000021e-03
1.723723723723723733e+00,1.229013346039657152e-03,1.000000000000000021e-03
1.726726726726726779e+00,9.566713267187594441e-04,1.000000000000000021e-03
1.729729729729729826e+00,2.255703744331294044e-03,1.000000000000000021e-03
1.732732732732732650e+00,2.756581313805349896e-03,1.000000000000000021e-03
1.735735735735735696e+00,2.210656009593872217e-03,1.000000000000000021e-03
1.738738738738738743e+00,2.708708747312971697e-03,1.000000000000000021e-03
1.741741741741741789e+00,9.714864189174918707e-04,1.000000000000000021e-03
1.744744744744744835e+00,2.313657117420903509e-03,1.000000000000000021e-03
1.747747747747747660e+00,2.186278317067782452e-03,1.000000000000000021e-03
1.750750750750750706e+00,-3.113559312269446530e-05,1.000000000000000021e-03
1.753753753753753752e+00,1.668390842342092843e-03,1.000000000000000021e-03
1.756756756756756799e+00,2.929917592756806077e-03,1.000000000000000021e-03
1.759759759759759845e+00,3.683975440631860349e-03,1.000000000000000021e-03
1.762762762762762669e+00,1.322781755334092235e-03,1.000000000000000021e-03
1.765765765765765716e+00,2.038301122675421646e-04,1.000000000000000021e-03
1.768768768768768762e+00,2.427891925449504953e-03,1.000000000000000021e-03
1.771771771771771808e+00,1.641498827290588380e-03,1.000000000000000021e-03
1.774774774774774855e+00,1.795403204446269479e-03,1.000000000000000021e-03
1.777777777777777679e+00,1.227467618007787187e-03,1.000000000000000021e-03
1.780780780780780725e+00,3.091142461945596640e-03,1.000000000000000021e-03
1.783783783783783772e+00,1.773282859424950416e-03,1.000000000000000021e-03
1.786786786786786818e+00,3.299179794628589665e-03,1.000000000000000021e-03
1.789789789789789864e+00,3.516671981058008128e-04,1.000000000000000021e-03
1.792792792792792689e+00,8.498244191326711702e-04,1.000000000000000021e-03
1.795795795795795735e+00,2.061558001469575990e-03,1.000000000000000021e-03
1.798798798798798781e+00,1.900035607871405560e-03,1.000000000000000021e-03
1.801801801801801828e+00,1.362093768878988023e-03,1.000000000000000021e-03
1.804804804804804874e+00,7.562054565492225006e-04,1.000000000000000021e-03
1.807807807807807698e+00,3.130692210065480659e-03,1.000000000000000021e-03
1.810810810810810745e+00,2.071812815963871689e-03,1.000000000000000021e-03
1.813813813813813791e+00,2.248097483701744573e-03,1.000000000000000021e-03
1.816816816816816837e+00,1.069740679711897891e-03,1.000000000000000021e-03
1.819819819819819884e+00,6.481177636142552989e-04,1.000000000000000021e-03
1.822822822822822708e+00,-3.376728961607400326e-04,1.000000000000000021e-03
1.825825825825825754e+00,2.037809034503089856e-03,1.000000000000000021e-03
1.828828828828828801e+00,1.374450949296169167e-03,1.000000000000000021e-03
1.831831831831831847e+00,1.633419607769257117e-03,1.000000000000000021e-03
1.834834834834834894e+00,2.462013377091856747e-03,1.000000000000000021e-03
1.837837837837837718e+00,1.135818795720491261e-03,1.000000000000000021e-03
1.840840840840840764e+00,1.192387557339941607e-03,1.000000000000000021e-03
1.843843843843843811e+00,1.348552979284003538e-03,1.000000000000000021e-03
1.846846846846846857e+00,2.414988295132542827e-03,1.000000000000000021e-03
1.849849849849849903e+00,3.528469344164582473e-04,1.000000000000000021e-03
1.852852852852852727e+00,9.710348086259233420e-04,1.000000000000000021e-03
1.855855855855855774e+00,1.251763988157751509e-03,1.000000000000000021e-03
1.858858858858858820e+00,2.508679587563220070e-03,1.000000000000000021e-03
1.861861861861861867e+00,-8.308786392569942995e-04,1.000000000000000021e-03
1.864864864864864913e+00,1.038286464499245951e-03,1.000000000000000021e-03
1.867867867867867959e+00,9.436614109797422526e-04,1.000000000000000021e-03
1.870870870870870784e+00,1.547580143672726066e-03,1.000000000000000021e-03
1.873873873873873830e+00,6.153655186109438903e-04,1.000000000000000021e-03
1.876876876876876876e+00,1.763378228298332186e-03,1.000000000000000021e-03
1.879879879879879923e+00,8.746361887034198937e-04,1.000000000000000021e-03
1.882882882882882969e+00,3.307113666253347177e-04,1.000000000000000021e-03
1.885885885885885793e+00,1.809132820515471293e-03,1.000000000000000021e-03
1.888888888888888840e+00,2.185912074367684678e-03,1.000000000000000021e-03
1.891891891891891886e+00,1.299081857372055403e-03,1.000000000000000021e-03
1.894894894894894932e+00,1.163249960404390227e-03,1.000000000000000021e-03
1.897897897897897979e+00,-2.193040946734097635e-05,1.000000000000000021e-03
1.900900900900900803e+00,2.309598832965942695e-04,1.000000000000000021e-03
1.903903903903903849e+00,6.674390818996673094e-04,1.000000000000000021e-03
1.906906906906906896e+00,-2.823988932551015074e-04,1.000000000000000021e-03
1.909909909909909942e+00,9.403041723551864260e-04,1.000000000000000021e-03
1.912912912912912988e+00,1.217169641113651900e-04,1.000000000000000021e-03
1.915915915915915813e+00,7.347259398951320845e-04,1.000000000000000021e-03
1.918918918918918859e+00,1.850032241054334198e-04,1.000000000000000021e-03
1.921921921921921905e+00,1.664885948174025902e-03,1.000000000000000021e-03
1.924924924924924952e+00,1.647576337714597812e-03,1.000000000000000021e-03
1.927927927927927998e+00,1.585423848527364992e-03,1.000000000000000021e-03
1.930930930930930822e+00,6.275788080657270169e-04,1.000000000000000021e-03
1.933933933933933869e+00,1.527908090707977284e-03,1.000000000000000021e-03
1.936936936936936915e+00,1.103669073218037583e-03,1.000000000000000021e-03
1.939939939939939961e+00,5.048953285712640517e-04,1.000000000000000021e-03
1.942942942942943008e+00,2.058293775447573876e-03,1.000000000000000021e-03
1.945945945945945832e+00,1.550395033117824006e-03,1.000000000000000021e-03
1.948948948948948878e+00,1.308985429427192947e-03,1.000000000000000021e-03
1.951951951951951925e+00,8.306209032816978246e-04,1.000000000000000021e-03
1.954954954954954971e+00,2.932713690350589181e-04,1.000000000000000021e-03
1.957957957957958017e+00,1.997146163411526272e-04,1.000000000000000021e-03
1.960960960960960842e+00,8.013929310753246417e-04,1.000000000000000021e-03
1.963963963963963888e+00,9.120958440864193866e-04,1.000000000000000021e-03
1.966966966966966934e+00,1.942640054248784102e-03,1.000000000000000021e-03
1.969969969969969981e+00,1.042523417545736112e-03,1.000000000000000021e-03
1.972972972972973027e+00,2.120809412334438704e-03,1.000000000000000021e-03
1.975975975975975851e+00,1.540407929364341708e-03,1.000000000000000021e-03
1.978978978978978898e+00,1.444824930680483786e-03,1.000000000000000021e-03
1.981981981981981944e+00,1.340882137993944017e-04,1.000000000000000021e-03
1.984984984984984990e+00,5.680506498103245379e-04,1.000000000000000021e-03
1.987987987987988037e+00,-8.635903284885779359e-05,1.000000000000000021e-03
1.990990990990991083e+00,7.246600855145806774e-04,1.000000000000000021e-03
1.993993993993993907e+00,-1.576356164067988039e-04,1.000000000000000021e-03
1.996996996996996954e+00,2.624726908037541828e-03,1.000000000000000021e-03
2.000000000000000000e+00,1.217952147924262693e-03,1.000000000000000021e-03
2.003003003003002824e+00,1.986954619935505251e-03,1.000000000000000021e-03
2.006006006006006093e+00,1.908907679431869325e-03,1.000000000000000021e-03
2.009009009009008917e+00,-3.394575908294299085e-04,1.000000000000000021e-03
2.012012012012012185e+00,2.232219424277740241e-03,1.000000000000000021e-03
2.015015015015015010e+00,1.497595902847444812e-03,1.000000000000000021e-03
2.018018018018017834e+00,2.332360258798871124e-03,1.000000000000000021e-03
2.021021021021021102e+00,6.861727404759449672e-04,1.000000000000000021e-03
2.024024024024023927e+00,1.677983759585379049e-03,1.000000000000000021e-03
2.027027027027027195e+00,2.217114021769696353e-03,1.000000000000000021e-03
2.030030030030030019e+00,4.757861769677830532e-04,1.000000000000000021e-03
2.033033033033032844e+00,2.014577649240258594e-04,1.000000000000000021e-03
2.036036036036036112e+00,2.863273447902427767e-03,1.000000000000000021e-03
2.039039039039038936e+00,5.897465890959226924e-04,1.000000000000000021e-03
2.042042042042042205e+00,3.587227856633384577e-03,1.000000000000000021e-03
2.045045045045045029e+00,2.498166713044556357e-04,1.000000000000000021e-03
2.048048048048047853e+00,-2.973787127940489888e-04,1.000000000000000021e-03
2.051051051051051122e+00,1.539992731000062358e-03,1.000000000000000021e-03
2.054054054054053946e+00,8.989615126229039653e-04,1.000000000000000021e-03
2.057057057057057214e+00,2.270395563190678043e-04,1.000000000000000021e-03
2.060060060060060039e+00,1.323589695114251114e-03,1.000000000000000021e-03
2.063063063063062863e+00,-9.749069680512359535e-04,1.000000000000000021e-03
2.066066066066066131e+00,2.549658799842920848e-03,1.000000000000000021e-03
2.069069069069068956e+00,2.391921412370146471e-04,1.000000000000000021e-03
2.072072072072072224e+00,-5.273659364633585898e-04,1.000000000000000021e-03
2.075075075075075048e+00,-9.059008651048182500e-04,1.000000000000000021e-03
2.078078078078077873e+00,7.860834236614714938e-04,1.000000000000000021e-03
2.081081081081081141e+00,2.449073580814752592e-03,1.000000000000000021e-03
2.084084084084083965e+00,3.594626324993388826e-04,1.000000000000000021e-03
2.087087087087087234e+00,9.634717842767180369e-04,1.000000000000000021e-03
2.090090090090090058e+00,1.996489652864879075e-03,1.000000000000000021e-03
2.093093093093092882e+00,1.576255468161587552e-04,1.000000000000000021e-03
2.096096096096096151e+00,1.717093424909269493e-03,1.000000000000000021e-03
2.099099099099098975e+00,-4.674763950752052789e-04,1.000000000000000021e-03
2.102102102102102243e+00,2.934944297189780041e-04,1.000000000000000021e-03
2.105105105105105068e+00,1.324031898287267523e-04,1.000000000000000021e-03
2.108108108108107892e+00,-8.766131209028648046e-04,1.000000000000000021e-03
2.111111111111111160e+00,2.983825830140763267e-03,1.000000000000000021e-03
2.114114114114113985e+00,4.627345883721636173e-04,1.000000000000000021e-03
2.117117117117117253e+00,6.482586268267078074e-04,1.000000000000000021e-03
2.120120120120120077e+00,2.617382455440613953e-04,1.000000000000000021e-03
2.123123123123122902e+00,9.233563941261002054e-04,1.000000000000000021e-03
2.126126126126126170e+00,1.583706344217536682e-03,1.000000000000000021e-03
2.129129129129128994e+00,1.651458345721276439e-03,1.000000000000000021e-03
2.132132132132132263e+00,1.419223994089696683e-03,1.000000000000000021e-03
2.135135135135135087e+00,1.288468484146291278e-03,1.000000000000000021e-03
2.138138138138137911e+00,1.883607636192011214e-03,1.000000000000000021e-03
2.141141141141141180e+00,-7.948559532184711887e-04,1.000000000000000021e-03
2.144144144144144004e+00,7.252469223944930628e-04,1.000000000000000021e-03
2.147147147147147273e+00,1.411272751733234129e-03,1.000000000000000021e-03
2.150150150150150097e+00,-5.777609499334359191e-04,1.000000000000000021e-03
2.153153153153152921e+00,-9.155572151644359672e-05,1.000000000000000021e-03
2.156156156156156189e+00,-1.933157905033824377e-03,1.000000000000000021e-03
2.159159159159159014e+00,1.467647738910010310e-03,1.000000000000000021e-03
2.162162162162162282e+00,5.134510943488232969e-05,1.000000000000000021e-03
2.165165165165165106e+00,4.119330809064737013e-04,1.000000000000000021e-03
2.168168168168167931e+00,1.238973215937536716e-03,1.000000000000000021e-03
2.171171171171171199e+00,-6.049323661086905383e-04,1.000000000000000021e-03
2.174174174174174023e+00,1.076711456431159522e-03,1.000000000000000021e-03
2.177177177177177292e+00,7.256687430126458269e-04,1.000000000000000021e-03
2.180180180180180116e+00,7.585080475305412120e-04,1.000000000000000021e-03
2.183183183183183385e+00,1.647752634197330876e-03,1.000000000000000021e-03
2.186186186186186209e+00,6.800495160610340283e-04,1.000000000000000021e-03
2.189189189189189033e+00,2.414806473891395987e-03,1.000000000000000021e-03
2.192192192192192302e+00,1.079713577437453696e-03,1.000000000000000021e-03
2.195195195195195126e+00,1.498736981195366354e-03,1.000000000000000021e-03
2.198198198198198394e+00,1.162929664222338635e-03,1.000000000000000021e-03
2.201201201201201219e+00,-1.653588294751152194e-03,1.000000000000000021e-03
2.204204204204204043e+00,2.981606802523556650e-03,1.000000000000000021e-03
2.207207207207207311e+00,1.579405642753614310e-04,1.000000000000000021e-03
2.210210210210210136e+00,9.651360163790182693e-05,1.000000000000000021e-03
2.213213213213213404e+00,4.294278435890766521e-04,1.000000000000000021e-03
2.216216216216216228e+00,7.075327114947466654e-04,1.000000000000000021e-03
2.219219219219219053e+00,2.018868889290221808e-03,1.000000000000000021e-03
2.222222222222222321e+00,3.871872593864710606e-04,1.000000000000000021e-03
2.225225225225225145e+00,1.747396294203737346e-03,1.000000000000000021e-03
2.228228228228228414e+00,-1.194371887370209492e-03,1.000000000000000021e-03
2.231231231231231238e+00,7.286373154799935525e-04,1.000000000000000021e-03
2.234234234234234062e+00,9.286292653604754982e-04,1.000000000000000021e-03
2.237237237237237331e+00,2.282756121421836495e-03,1.000000000000000021e-03
2.240240240240240155e+00,3.474033049150851427e-03,1.000000000000000021e-03
2.243243243243243423e+00,5.474646810173432144e-04,1.000000000000000021e-03
2.246246246246246248e+00,-5.731257354172788988e-04,1.000000000000000021e-03
2.249249249249249072e+00,1.449734996087505279e-03,1.000000000000000021e-03
2.252252252252252340e+00,2.939375173992944982e-04,1.000000000000000021e-03
2.255255255255255165e+00,-6.693811140248576239e-04,1.000000000000000021e-03
2.258258258258258433e+00,-8.903921144498535070e-04,1.000000000000000021e-03
2.261261261261261257e+00,-4.843194603983289265e-04,1.000000000000000021e-03
2.264264264264264082e+00,8.202165599282805215e-04,1.000000000000000021e-03
2.267267267267267350e+00,1.108972265939946666e-03,1.000000000000000021e-03
2.270270270270270174e+00,1.143125522681594664e-03,1.000000000000000021e-03
2.273273273273273443e+00,8.169177922550220150e-04,1.000000000000000021e-03
2.276276276276276267e+00,8.439311505332185073e-04,1.000000000000000021e-03
2.279279279279279091e+00,4.867601811980913976e-05,1.000000000000000021e-03
2.282282282282282360e+00,2.732579142992888968e-03,1.000000000000000021e-03
2.285285285285285184e+00,1.442437340677157681e-03,1.000000000000000021e-03
2.288288288288288452e+00,1.444527373678062806e-03,1.000000000000000021e-03
2.291291291291291277e+00,2.254672549683211808e-03,1.000000000000000021e-03
2.294294294294294101e+00,9.697268851127097610e-04,1.000000000000000021e-03
2.297297297297297369e+00,-2.552622787330538056e-04,1.000000000000000021e-03
2.300300300300300194e+00,7.350589938010021257e-04,1.000000000000000021e-03
2.303303303303303462e+00,7.713889807660631115e-04,1.000000000000000021e-03
2.306306306306306286e+00,5.822653126027078213e-04,1.000000000000000021e-03
2.309309309309309111e+00,-4.249966591409863343e-04,1.000000000000000021e-03
2.312312312312312379e+00,-1.812091739751172477e-03,1.000000000000000021e-03
2.315315315315315203e+00,2.801441979783880439e-04,1.000000000000000021e-03
2.318318318318318472e+00,3.263851867620379092e-04,1.000000000000000021e-03
2.321321321321321296e+00,-3.796993188605630055e-04,1.000000000000000021e-03
2.324324324324324120e+00,1.139563680102727511e-03,1.000000000000000021e-03
2.327327327327327389e+00,-1.018527408717989982e-03,1.000000000000000021e-03
2.330330330330330213e+00,1.279904034985526306e-04,1.000000000000000021e-03
2.333333333333333481e+00,2.226752919278211958e-03,1.000000000000000021e-03
2.336336336336336306e+00,9.075878832985086186e-04,1.000000000000000021e-03
2.339339339339339130e+00,-8.866128701534788407e-04,1.000000000000000021e-03
2.342342342342342398e+00,5.074899592978106408e-04,1.000000000000000021e-03
2.345345345345345223e+00,6.691209358316952760e-04,1.000000000000000021e-03
2.348348348348348491e+00,5.062604554139087543e-05,1.000000000000000021e-03
2.351351351351351315e+00,-2.435780485436227260e-04,1.000000000000000021e-03
2.354354354354354140e+00,1.820138975210646402e-03,1.000000000000000021e-03
2.357357357357357408e+00,2.834077024470494266e-04,1.000000000000000021e-03
2.360360360360360232e+00,2.359862622799976418e-03,1.000000000000000021e-03
2.363363363363363501e+00,8.660982383157664680e-04,1.000000000000000021e-03
2.366366366366366325e+00,-4.813515802627109071e-04,1.000000000000000021e-03
2.369369369369369149e+00,-6.575137030060410536e-04,1.000000000000000021e-03
2.372372372372372418e+00,-5.939206874695912965e-04,1.000000000000000021e-03
2.375375375375375242e+00,-1.230268291344439749e-04,1.000000000000000021e-03
2.378378378378378510e+00,1.623190404678821535e-04,1.000000000000000021e-03
2.381381381381381335e+00,1.889850775927898099e-03,1.000000000000000021e-03
2.384384384384384159e+00,-6.425293777610618798e-04,1.000000000000000021e-03
2.387387387387387427e+00,1.311893852975116927e-03,1.000000000000000021e-03
2.390390390390390252e+00,-9.556214313978830506e-04,1.000000000000000021e-03
2.393393393393393520e+00,-1.851193178190160870e-04,1.000000000000000021e-03
2.396396396396396344e+00,2.090668395695579121e-03,1.000000000000000021e-03
2.399399399399399169e+00,1.756357734486405781e-04,1.000000000000000021e-03
2.402402402402402437e+00,6.362684117482623851e-04,1.000000000000000021e-03
2.405405405405405261e+00,-5.803994010267601910e-04,1.000000000000000021e-03
2.408408408408408530e+00,1.744983024440010643e-03,1.000000000000000021e-03
2.411411411411411354e+00,7.527597081187871117e-04,1.000000000000000021e-03
2.414414414414414178e+00,1.838337929541297667e-04,1.000000000000000021e-03
2.417417417417417447e+00,2.646100129014354943e-03,1.000000000000000021e-03
2.420420420420420271e+00,4.486729679320606776e-04,1.000000000000000021e-03
2.423423423423423539e+00,1.180509862910668643e-03,1.000000000000000021e-03
2.426426426426426364e+00,-6.232208522939501096e-05,1.000000000000000021e-03
2.429429429429429188e+00,2.310566513411833889e-03,1.000000000000000021e-03
2.432432432432432456e+00,-7.908622593237193228e-04,1.000000000000000021e-03
2.435435435435435281e+00,-4.667269760686562283e-04,1.000000000000000021e-03
2.438438438438438549e+00,1.085245087200888744e-03,1.000000000000000021e-03
2.441441441441441373e+00,1.675241820595136603e-03,1.000000000000000021e-03
2.444444444444444642e+00,9.652519568215774592e-04,1.000000000000000021e-03
2.447447447447447466e+00,1.039875956518572248e-03,1.000000000000000021e-03
2.450450450450450290e+00,1.353389888256871683e-04,1.000000000000000021e-03
2.453453453453453559e+00,1.040390480063921753e-03,1.000000000000000021e-03
2.456456456456456383e+00,-2.293741680569922215e-04,1.000000000000000021e-03
2.459459459459459651e+00,-6.431731821548136155e-04,1.000000000000000021e-03
2.462462462462462476e+00,-6.500143562490245030e-04,1.000000000000000021e-03
2.465465465465465300e+00,1.270161957132276767e-03,1.000000000000000021e-03
2.468468468468468568e+00,1.986320051768772181e-03,1.000000000000000021e-03
2.471471471471471393e+00,2.944829501408359538e-04,1.000000000000000021e-03
2.474474474474474661e+00,-1.978593463802707890e-03,1.000000000000000021e-03
2.477477477477477485e+00,1.136014734474834870e-04,1.000000000000000021e-03
2.480480480480480310e+00,2.589979695210036306e-03,1.000000000000000021e-03
2.483483483483483578e+00,1.569701166551429501e-03,1.000000000000000021e-03
2.486486486486486402e+00,1.305508385156898816e-04,1.000000000000000021e-03
2.489489489489489671e+00,5.101408931762106908e-04,1.000000000000000021e-03
2.492492492492492495e+00,3.296093738786941936e-04,1.000000000000000021e-03
2.495495495495495319e+00,1.523439823074069534e-03,1.000000000000000021e-03
2.498498498498498588e+00,5.636445626966357864e-04,1.000000000000000021e-03
2.501501501501501412e+00,2.948291343469531048e-03,1.000000000000000021e-03
2.504504504504504681e+00,2.424685978703941124e-04,1.000000000000000021e-03
2.507507507507507505e+00,-1.951008950097814828e-04,1.000000000000000021e-03
2.510510510510510329e+00,1.107290559519296270e-03,1.000000000000000021e-03
2.513513513513513598e+00,8.029939929219708818e-04,1.000000000000000021e-03
2.516516516516516422e+00,7.908340122585865318e-04,1.000000000000000021e-03
2.519519519519519690e+00,1.182655899266357030e-03,1.000000000000000021e-03
2.522522522522522515e+00,6.693432676826175862e-04,1.000000000000000021e-03
2.525525525525525339e+00,-3.043691758005112732e-04,1.000000000000000021e-03
2.528528528528528607e+00,-7.465538046262756074e-04,1.000000000000000021e-03
2.531531531531531432e+00,-1.214381026224649026e-03,1.000000000000000021e-03
2.534534534534534700e+00,-9.159114688601579938e-05,1.000000000000000021e-03
2.537537537537537524e+00,-6.334332608412475592e-06,1.000000000000000021e-03
2.540540540540540349e+00,-2.607852653106977050e-04,1.000000000000000021e-03
2.543543543543543617e+00,-1.695431039394093521e-04,1.000000000000000021e-03
2.546546546546546441e+00,8.802992583541310260e-04,1.000000000000000021e-03
2.549549549549549710e+00,1.993527405240481942e-03,1.000000000000000021e-03
2.552552552552552534e+00,2.382248118599104771e-04,1.000000000000000021e-03
2.555555555555555358e+00,1.296637035295194942e-03,1.000000000000000021e-03
2.558558558558558627e+00,1.272775769188981684e-03,1.000000000000000021e-03
2.561561561561561451e+00,6.873962361792389838e-04,1.000000000000000021e-03
2.564564564564564719e+00,-1.191496597745770204e-03,1.000000000000000021e-03
2.567567567567567544e+00,4.829717417312789983e-04,1.000000000000000021e-03
2.570570570570570368e+00,-6.959203626647706559e-04,1.000000000000000021e-03
2.573573573573573636e+00,-1.054107437928470488e-03,1.000000000000000021e-03
2.576576576576576461e+00,3.338938167118306885e-04,1.000000000000000021e-03
2.579579579579579729e+00,-6.059983928118181824e-05,1.000000000000000021e-03
2.582582582582582553e+00,-4.881210524449038860e-06,1.000000000000000021e-03
2.585585585585585378e+00,-8.749826651169539775e-04,1.000000000000000021e-03
2.588588588588588646e+00,-6.094977589740332210e-05,1.000000000000000021e-03
2.591591591591591470e+00,3.957564920129514685e-04,1.000000000000000021e-03
2.594594594594594739e+00,1.116848837393237797e-03,1.000000000000000021e-03
2.597597597597597563e+00,4.435948011067596054e-04,1.000000000000000021e-03
2.600600600600600387e+00,-5.934958290564442459e-04,1.000000000000000021e-03
2.603603603603603656e+00,-6.182380920496861366e-04,1.000000000000000021e-03
2.606606606606606480e+00,2.308399980304337313e-03,1.000000000000000021e-03
2.609609609609609748e+00,6.196590033315525336e-04,1.000000000000000021e-03
2.612612612612612573e+00,-4.936601887358007916e-04,1.000000000000000021e-03
2.615615615615615397e+00,1.436987814690268619e-03,1.000000000000000021e-03
2.618618618618618665e+00,3.563673608319995454e-04,1.000000000000000021e-03
2.621621621621621490e+00,7.377826588865206252e-05,1.000000000000000021e-03
2.624624624624624758e+00,-4.204788644258763736e-04,1.000000000000000021e-03
2.627627627627627582e+00,-2.491599397452063172e-03,1.000000000000000021e-03
2.630630630630630407e+00,8.164053974514735076e-05,1.000000000000000021e-03
2.633633633633633675e+00,-5.553484812949357596e-04,1.000000000000000021e-03
2.636636636636636499e+00,-3.322874923240137085e-04,1.000000000000000021e-03
2.639639639639639768e+00,1.137683495435896312e-03,1.000000000000000021e-03
2.642642642642642592e+00,7.049684902539223551e-04,1.000000000000000021e-03
2.645645645645645416e+00,-2.624451782316774488e-04,1.000000000000000021e-03
2.648648648648648685e+00,-4.156243360370663002e-04,1.000000000000000021e-03
2.651651651651651509e+00,-6.719193474926435893e-04,1.000000000000000021e-03
2.654654654654654777e+00,9.919324453485833717e-04,1.000000000000000021e-03
2.657657657657657602e+00,2.226667472069384333e-03,1.000000000000000021e-03
2.660660660660660426e+00,-9.861745598399944933e-04,1.000000000000000021e-03
2.663663663663663694e+00,3.136769789864250041e-04,1.000000000000000021e-03
2.666666666666666519e+00,1.292441480437835858e-03,1.000000000000000021e-03
2.669669669669669787e+00,-1.280251219644362205e-03,1.000000000000000021e-03
2.672672672672672611e+00,1.578897891119112641e-05,1.000000000000000021e-03
2.675675675675675436e+00,1.393332632412474549e-03,1.000000000000000021e-03
2.678678678678678704e+00,1.881767489403968641e-03,1.000000000000000021e-03
2.681681681681681528e+00,1.119540528134760349e-03,1.000000000000000021e-03
2.684684684684684797e+00,2.344187063478024775e-04,1.000000000000000021e-03
2.687687687687687621e+00,1.088909992975336171e-03,1.000000000000000021e-03
2.690690690690690445e+00,5.788181747237990549e-04,1.000000000000000021e-03
2.693693693693693714e+00,1.144250803463556405e-03,1.000000000000000021e-03
2.696696696696696538e+00,-9.400779869810109088e-04,1.000000000000000021e-03
2.699699699699699806e+00,-1.014482562007099856e-03,1.000000000000000021e-03
2.702702702702702631e+00,1.999853875402130346e-03,1.000000000000000021e-03
2.705705705705705899e+00,6.240230406095119810e-04,1.000000000000000021e-03
2.708708708708708723e+00,2.033111529587329925e-03,1.000000000000000021e-03
2.711711711711711548e+00,1.081918757915028987e-04,1.000000000000000021e-03
2.714714714714714816e+00,1.226099602028045497e-03,1.000000000000000021e-03
2.717717717717717640e+00,1.049367465262701464e-03,1.000000000000000021e-03
2.720720720720720909e+00,-2.578262798958286901e-04,1.000000000000000021e-03
2.723723723723723733e+00,2.172537674763752244e-03,1.000000000000000021e-03
2.726726726726726557e+00,-2.184508867855911095e-04,1.000000000000000021e-03
2.729729729729729826e+00,-8.893979917210307045e-06,1.000000000000000021e-03
2.732732732732732650e+00,2.156918956912798856e-03,1.000000000000000021e-03
2.735735735735735918e+00,2.562680132082731377e-03,1.000000000000000021e-03
2.738738738738738743e+00,-3.955853200086628533e-04,1.000000000000000021e-03
2.741741741741741567e+00,1.068864239055315464e-04,1.000000000000000021e-03
2.744744744744744835e+00,-1.983930995369325226e-03,1.000000000000000021e-03
2.747747747747747660e+00,-1.018326482389401381e-03,1.000000000000000021e-03
2.750750750750750928e+00,1.578547238651198002e-03,1.000000000000000021e-03
2.753753753753753752e+00,9.395331311692234778e-04,1.000000000000000021e-03
2.756756756756756577e+00,-2.883862883878595047e-04,1.000000000000000021e-03
2.759759759759759845e+00,5.066058605408956276e-04,1.000000000000000021e-03
2.762762762762762669e+00,4.321292497726714134e-04,1.000000000000000021e-03
2.765765765765765938e+00,-3.082864077680639529e-04,1.000000000000000021e-03
2.768768768768768762e+00,1.861217226178258927e-03,1.000000000000000021e-03
2.771771771771771586e+00,5.196617430280864704e-04,1.000000000000000021e-03
2.774774774774774855e+00,-7.960605126283169840e-04,1.000000000000000021e-03
2.777777777777777679e+00,1.286999073787088461e-03,1.000000000000000021e-03
2.780780780780780947e+00,6.423041949688693998e-04,1.000000000000000021e-03
2.783783783783783772e+00,-5.686883501124534879e-04,1.000000000000000021e-03
2.786786786786786596e+00,-6.772524355237456890e-04,1.000000000000000021e-03
2.789789789789789864e+00,-9.408502952122605812e-05,1.000000000000000021e-03
2.792792792792792689e+00,5.256644772665808709e-04,1.000000000000000021e-03
2.795795795795795957e+00,-2.351574904152139707e-04,1.000000000000000021e-03
2.798798798798798781e+00,1.258334843473090910e-03,1.000000000000000021e-03
2.801801801801801606e+00,1.377829735819890598e-03,1.000000000000000021e-03
2.804804804804804874e+00,-8.529581305803256470e-07,1.000000000000000021e-03
2.807807807807807698e+00,-1.521151692765949090e-03,1.000000000000000021e-03
2.810810810810810967e+00,-1.516996151158655636e-04,1.000000000000000021e-03
2.813813813813813791e+00,-3.002914569243004270e-04,1.000000000000000021e-03
2.816816816816816615e+00,1.750185607199215626e-03,1.000000000000000021e-03
2.819819819819819884e+00,6.869641531391584496e-04,1.000000000000000021e-03
2.822822822822822708e+00,1.312029432515390837e-03,1.000000000000000021e-03
2.825825825825825977e+00,8.425900397781636137e-05,1.000000000000000021e-03
2.828828828828828801e+00,1.294264122063704461e-03,1.000000000000000021e-03
2.831831831831831625e+00,4.086244950542632722e-04,1.000000000000000021e-03
2.834834834834834894e+00,9.225991096591508673e-05,1.000000000000000021e-03
2.837837837837837718e+00,9.372204933288560665e-04,1.000000000000000021e-03
2.840840840840840986e+00,-4.519388061229900107e-04,1.000000000000000021e-03
2.843843843843843811e+00,1.461955411404543921e-03,1.000000000000000021e-03
2.846846846846846635e+00,-7.488360556010535034e-04,1.000000000000000021e-03
2.849849849849849903e+00,4.989686923124686622e-04,1.000000000000000021e-03
2.852852852852852727e+00,-1.217140571006068402e-03,1.000000000000000021e-03
2.855855855855855996e+00,-1.140730954646111683e-05,1.000000000000000021e-03
2.858858858858858820e+00,-3.548706052614535554e-05,1.000000000000000021e-03
2.861861861861861644e+00,-7.266706403071868364e-04,1.000000000000000021e-03
2.864864864864864913e+00,2.807087637132697072e-03,1.000000000000000021e-03
2.867867867867867737e+00,-1.504492913233480226e-04,1.000000000000000021e-03
2.870870870870871006e+00,1.281855265335642060e-03,1.000000000000000021e-03
2.873873873873873830e+00,-1.157370791699806204e-03,1.000000000000000021e-03
2.876876876876876654e+00,5.314310570683565115e-04,1.000000000000000021e-03
2.879879879879879923e+00,-6.634355344075691750e-04,1.000000000000000021e-03
2.882882882882882747e+00,1.282825364450802894e-03,1.000000000000000021e-03
2.885885885885886015e+00,1.163003909131226591e-03,1.000000000000000021e-03
2.888888888888888840e+00,8.741244768629772687e-04,1.000000000000000021e-03
2.891891891891891664e+00,1.210698531045017057e-03,1.000000000000000021e-03
2.894894894894894932e+00,-9.217997204657263051e-04,1.000000000000000021e-03
2.897897897897897757e+00,5.005710127091404912e-04,1.000000000000000021e-03
2.900900900900901025e+00,5.582062284773071708e-04,1.000000000000000021e-03
2.903903903903903849e+00,6.027432987642069358e-04,1.000000000000000021e-03
2.906906906906906674e+00,1.318268314231145488e-03,1.000000000000000021e-03
2.909909909909909942e+00,3.032211089760401736e-03,1.000000000000000021e-03
2.912912912912912766e+00,-2.694253928800238729e-04,1.000000000000000021e-03
2.915915915915916035e+00,8.825742599245572570e-04,1.000000000000000021e-03
2.918918918918918859e+00,8.533467417977399312e-04,1.000000000000000021e-03
2.921921921921921683e+00,6.827017226021686071e-04,1.000000000000000021e-03
2.924924924924924952e+00,-8.652860870401505276e-04,1.000000000000000021e-03
2.927927927927927776e+00,1.157148629678168101e-03,1.000000000000000021e-03
2.930930930930931044e+00,1.396038629343821467e-03,1.000000000000000021e-03
2.933933933933933869e+00,5.332048629198261024e-04,1.000000000000000021e-03
2.936936936936936693e+00,1.033030276293630005e-03,1.000000000000000021e-03
2.939939939939939961e+00,3.165515581141439155e-04,1.000000000000000021e-03
2.942942942942942786e+00,6.814711703616513350e-04,1.000000000000000021e-03
2.945945945945946054e+00,-9.925223861374341157e-04,1.000000000000000021e-03
2.948948948948948878e+00,5.453465965232526616e-05,1.000000000000000021e-03
2.951951951951952147e+00,1.502444783315440204e-03,1.000000000000000021e-03
2.954954954954954971e+00,3.758629529669459427e-04,1.000000000000000021e-03
2.957957957957957795e+00,-7.371086625382013754e-05,1.000000000000000021e-03
2.960960960960961064e+00,1.855094027751449850e-03,1.000000000000000021e-03
2.963963963963963888e+00,1.066089384702019905e-03,1.000000000000000021e-03
2.966966966966967156e+00,-5.185055063153659865e-04,1.000000000000000021e-03
2.969969969969969981e+00,-4.337742844641207678e-04,1.000000000000000021e-03
2.972972972972972805e+00,7.059585147870986021e-04,1.000000000000000021e-03
2.975975975975976073e+00,1.215957630760525719e-04,1.000000000000000021e-03
2.978978978978978898e+00,2.370904107160968968e-04,1.000000000000000021e-03
2.981981981981982166e+00,1.512067385831957498e-03,1.000000000000000021e-03
2.984984984984984990e+00,-8.012234077082887838e-04,1.000000000000000021e-03
2.987987987987987815e+00,1.507670851665723639e-03,1.000000000000000021e-03
2.990990990990991083e+00,-1.310276085469290800e-04,1.000000000000000021e-03
2.993993993993993907e+00,-5.597488680578992107e-04,1.000000000000000021e-03
2.996996996996997176e+00,9.835916202001783459e-04,1.000000000000000021e-03
3.000000000000000000e+00,-2.472843012601792507e-04,1.000000000000000021e-03
