# bintime,binflux,binflux_err
-2.348804745656374038e-01,1.000427459225510018e+00,1.035665595629142239e-04
-2.339470767316407518e-01,1.000154459476470858e+00,9.655205280074223291e-05
-2.330616069190505346e-01,1.000262081623077393e+00,9.180225864851235685e-05
-2.320890498580140127e-01,1.000163052011938669e+00,9.369299465873883348e-05
-2.311097213622423652e-01,1.000139389187097549e+00,8.280679400960534514e-05
-2.302096422742006265e-01,1.000155658557497329e+00,1.142671505151859765e-04
-2.292714099212662671e-01,1.000247931107878685e+00,1.126612058821137909e-04
-2.283173338667539853e-01,1.000211346533990575e+00,9.233247634774820255e-05
-2.273968886817623880e-01,1.000268839299678802e+00,9.249944712888424794e-05
-2.264199271946737702e-01,1.000201744191786757e+00,9.317678878559111449e-05
-2.254202078782782392e-01,1.000280447544590112e+00,1.080809739696361927e-04
-2.245304780090501828e-01,1.000409213701883848e+00,1.185992747168922677e-04
-2.235859243625684389e-01,1.000209759263431364e+00,9.789670900125069361e-05
-2.226254107041570618e-01,1.000359133879343609e+00,1.207643853003889092e-04
-2.217408785302903140e-01,1.000137524358157393e+00,8.177851536307985034e-05
-2.207798518342224403e-01,1.000236698809791935e+00,1.032760560898029600e-04
-2.197901703189094891e-01,1.000040190294384956e+00,9.858529627307452013e-05
-2.188936783944688824e-01,1.000281685164996492e+00,1.260975839417446856e-04
-2.179994026542724228e-01,1.000378169119358063e+00,9.305753294551160205e-05
-2.169991911420870168e-01,1.000172394694704092e+00,9.618401667417512859e-05
-2.160500980611093080e-01,1.000225061178207309e+00,1.158094068552153864e-04
-2.151482312489376159e-01,1.000174983855216748e+00,9.685822499647464426e-05
-2.141925314864742691e-01,1.000231256408076197e+00,8.783319808247727091e-05
-2.132578821623780929e-01,1.000145601815190854e+00,1.092066569923675029e-04
-2.123023847633283834e-01,1.000117598211064163e+00,1.016269261996135111e-04
-2.113250103585296025e-01,1.000206497407728712e+00,1.054836904616958268e-04
-2.103973957114334270e-01,1.000186217948794365e+00,1.086840567743376369e-04
-2.094811258244680952e-01,1.000124569862119506e+00,8.404887362443965511e-05
-2.085061466769023153e-01,1.000061078983194740e+00,1.147383390726777432e-04
-2.075459388614925016e-01,1.000276968396943245e+00,1.062734651711537160e-04
-2.066726873522625185e-01,1.000314570242358814e+00,1.200994487862894926e-04
-2.057001289870208915e-01,1.000240502988591018e+00,9.007975946499074960e-05
-2.047345388005763211e-01,1.000296650394316700e+00,8.901414245537490097e-05
-2.038709644395944320e-01,1.000400892325810087e+00,8.086266316169478776e-05
-2.029089097449838786e-01,1.000021130749673581e+00,1.056208469012989357e-04
-2.019296929865126988e-01,1.000210371709639112e+00,8.688514435894171715e-05
-2.010374795540635640e-01,9.998737162557141955e-01,1.210836677387534837e-04
-2.000891217618872842e-01,1.000242548063397408e+00,9.074879406331894289e-05
-1.991506036258052781e-01,1.000283725800052759e+00,8.196242920863763782e-05
-1.981982837572430489e-01,1.000187551602721214e+00,1.183830376992641017e-04
-1.972241592035807178e-01,1.000117737799882889e+00,8.410163075060512073e-05
-1.962693497631692319e-01,1.000303763896226883e+00,9.852924119291370936e-05
-1.953466990970942063e-01,1.000296890735626221e+00,9.965029017689387583e-05
-1.944051163183284359e-01,1.000178588159156501e+00,9.641566931758885177e-05
-1.934332177821663779e-01,1.000322320768910034e+00,1.017782662749831829e-04
-1.925246431790365031e-01,1.000218609968821282e+00,1.265343197262963604e-04
-1.915993812552984343e-01,1.000212611574115229e+00,1.041303978365433659e-04
-1.906041304490828092e-01,1.000103369355201721e+00,8.747043501163753916e-05
-1.896841391597899884e-01,1.000077028359685594e+00,1.030730658759922228e-04
-1.888328193448884640e-01,1.000191311041514153e+00,7.682967476105846227e-05
-1.878387905105861899e-01,1.000285437330603600e+00,9.709654741738990775e-05
-1.868896196852713742e-01,1.000240970042443944e+00,7.385837551586240681e-05
-1.859855771670332614e-01,1.000049181779225638e+00,1.220858137594582496e-04
-1.850033615143804877e-01,1.000153692329631028e+00,1.215397378061729714e-04
-1.840382845598558526e-01,1.000086719170212746e+00,1.239411204882646814e-04
-1.831069301970146002e-01,1.000041468068957329e+00,9.327932622786516898e-05
-1.821442570783722570e-01,1.000133845955133438e+00,9.618116348770452744e-05
-1.812013369538684471e-01,1.000111907720565796e+00,9.680373331400041236e-05
-1.802811189694544791e-01,1.000236562887827585e+00,1.048931932305718971e-04
-1.793359855910391931e-01,1.000210462247624221e+00,1.042707281339766185e-04
-1.783888329661712235e-01,1.000164799151882056e+00,1.022412445207431707e-04
-1.775122662792216754e-01,1.000199466943740845e+00,9.757985946238657685e-05
-1.765448457715836639e-01,1.000278514974257460e+00,9.386977719784600266e-05
-1.755532737128772114e-01,1.000091716166465527e+00,1.067419413450866784e-04
-1.746514572968933254e-01,1.000101439158121774e+00,1.184912308340373106e-04
-1.737262614664415450e-01,1.000145547530230328e+00,9.925694064585046338e-05
-1.727615664406108587e-01,1.000271294265985489e+00,9.301530516718094330e-05
-1.718308880646116366e-01,1.000069361180067062e+00,9.541509963941197635e-05
-1.708784253497495353e-01,1.000131691947127921e+00,9.623097977149638871e-05
-1.698985309754542927e-01,1.000147114781772428e+00,1.040531464008874403e-04
-1.689624301473957313e-01,1.000114273640417384e+00,8.452382393996931581e-05
-1.680162245573912083e-01,1.000064262838074702e+00,1.034640088116514655e-04
-1.670739991160198057e-01,1.000085209646532691e+00,9.461532582604599529e-05
-1.661700924311292349e-01,1.000110089778900146e+00,8.887201770455511953e-05
-1.652343024059635956e-01,1.000043265521526337e+00,9.860578493548028344e-05
-1.642403209592430136e-01,1.000124143831657708e+00,8.901852866406453175e-05
-1.633317202494443676e-01,1.000166453917821219e+00,1.332628329349406235e-04
-1.624326848737972506e-01,1.000081788409840078e+00,1.070438077854674069e-04
-1.614589356492089067e-01,1.000235638835213381e+00,9.891401818692946955e-05
-1.604931153233218333e-01,1.000129966065287590e+00,9.699130161272220439e-05
-1.595830234836281558e-01,9.999841619282960892e-01,1.139994370656420780e-04
-1.586441480534431514e-01,1.000182962045073509e+00,9.221211398825528095e-05
-1.577007382693436377e-01,1.000093684051976073e+00,8.275612583666527118e-05
-1.567758975895860440e-01,1.000073174014687538e+00,9.693817868351286356e-05
-1.557944362133805716e-01,1.000003027193474114e+00,1.109119573320751812e-04
-1.548512911297149075e-01,1.000118106603622437e+00,1.109925370849189623e-04
-1.539402573671267982e-01,9.999676626175642014e-01,8.876406056078139841e-05
-1.529734379825601898e-01,1.000123074560454350e+00,8.463619811433675160e-05
-1.520126317421479079e-01,1.000088314856252270e+00,1.141905080574549824e-04
-1.511299886171622309e-01,1.000064144531885857e+00,8.630894878378572309e-05
-1.501557174024353014e-01,1.000167454992021865e+00,1.133213185918891387e-04
-1.491919510386983116e-01,1.000114538977223022e+00,8.781278333729893547e-05
-1.483086993995907932e-01,9.999626259649952997e-01,6.154296586886791949e-05
-1.473651843405814343e-01,1.000104493954602436e+00,8.833744901286849009e-05
-1.463867676311483013e-01,1.000133937055414313e+00,1.076448683143690438e-04
-1.454847496985994804e-01,1.000007508198420103e+00,1.123048954432783104e-04
-1.445595509856130445e-01,9.999701328137341472e-01,1.101576098958590588e-04
-1.435948529817757113e-01,1.000200878828763962e+00,1.177089785278366725e-04
-1.426457216997442101e-01,1.000152991098516075e+00,1.050822887882729527e-04
-1.416833117361871730e-01,1.000008861223856682e+00,9.924807857897639709e-05
-1.407167408880961035e-01,1.000083979332085704e+00,1.086139839245721194e-04
-1.397957027605000457e-01,1.000149930677106225e+00,9.814819645916512134e-05
-1.388636843179973934e-01,1.000022164162467586e+00,1.085767614067071322e-04
-1.378931929798928313e-01,1.000231042504310608e+00,8.766734623142798089e-05
-1.369739019205238051e-01,9.999680444598197937e-01,9.548253225112761692e-05
-1.360437699426832459e-01,9.998543876590151314e-01,1.017068571611744280e-04
-1.350700372420151341e-01,1.000019841121904784e+00,9.827199818301261337e-05
-1.341470146103034278e-01,1.000149288347789156e+00,1.211732997625950632e-04
-1.332659895082843327e-01,1.000088729641654295e+00,8.465961312423172765e-05
-1.322828510292513582e-01,9.999072078396292751e-01,1.006402061836427219e-04
-1.313263980227810657e-01,1.000023402273654938e+00,1.108063113395214475e-04
-1.304163210551447238e-01,9.999516904354095459e-01,1.009615255201601959e-04
-1.294863902507881193e-01,9.999714013068906615e-01,1.019832680469761515e-04
-1.285198543557930229e-01,9.998154658259768013e-01,8.913618864685195946e-05
-1.275660718180764153e-01,1.000050806637966305e+00,1.055486290504708516e-04
-1.266045207472368261e-01,9.999173395335674286e-01,9.536606242062838025e-05
-1.256322741584128821e-01,9.998543374240398407e-01,7.853183222822230085e-05
-1.247337931071714201e-01,9.999103484482601001e-01,1.039404383300502054e-04
-1.237942455431048222e-01,1.000021413394382996e+00,9.526725077101396116e-05
-1.228245526185126058e-01,9.999896148840586863e-01,1.073601543467359016e-04
-1.219503719854319740e-01,9.999685018293319461e-01,7.123166544817770437e-05
-1.209898936922598756e-01,1.000000683700337234e+00,9.175604615577995660e-05
-1.199978271309963818e-01,9.999810421105587155e-01,9.721629694961604563e-05
-1.191122682860648735e-01,9.999483700456290869e-01,8.877707607092095922e-05
-1.181984772015574614e-01,9.999094552853527995e-01,1.031746860087782649e-04
-1.172082879083858054e-01,9.998928233981132507e-01,9.500428745913886319e-05
-1.162732011375332414e-01,9.999993539625599004e-01,1.124760306319608742e-04
-1.153667016193893891e-01,9.998247697949409485e-01,9.872181539162373331e-05
-1.144014962517974077e-01,1.000020021742040521e+00,1.110565406219119719e-04
-1.134373575023401026e-01,9.997813069459163815e-01,1.121899822856871901e-04
-1.124617944300625449e-01,9.998460213343302039e-01,8.683622978362622903e-05
-1.115183133922785785e-01,9.998099669333426753e-01,8.710216055212155874e-05
-1.106144195370136890e-01,9.999279715120792389e-01,1.016563554429427422e-04
-1.096828875608557435e-01,9.999022664445819109e-01,1.065581121698473498e-04
-1.087238224287674915e-01,1.000044701620936394e+00,1.035699278701542156e-04
-1.077918577753429474e-01,1.000015187648034765e+00,1.084724478764395090e-04
-1.068702997087552370e-01,9.998477306216955185e-01,1.162842251299674298e-04
-1.058908255422660316e-01,9.998230627088835476e-01,8.455843401636466269e-05
-1.049489347427709079e-01,1.000010538101196333e+00,9.493735236584729129e-05
-1.040568059735208079e-01,1.000018265098333359e+00,1.126173273824973960e-04
-1.031026638990016897e-01,9.998426834742227820e-01,9.066385595473127018e-05
-1.021545530789184225e-01,9.997803222748541385e-01,9.833417221893209215e-05
-1.012341207667313836e-01,9.999351501464843750e-01,9.104548721307583934e-05
-1.002746142084495334e-01,9.998623449355363846e-01,1.172498675754194661e-04
-9.931069501290024082e-02,9.999619776552374217e-01,8.671517062056755952e-05
-9.836746964976246510e-02,9.999461215117881885e-01,1.020046971204335308e-04
-9.743212673891486764e-02,9.998287016695196483e-01,1.353600355472436205e-04
-9.647561454772669853e-02,9.998261729876199988e-01,1.184866244137596744e-04
-9.556145572333692162e-02,9.999206835223782841e-01,8.511724096725709879e-05
-9.460548985586701709e-02,9.999541531909595937e-01,1.166698600751512666e-04
-9.365195054289261745e-02,9.997577406466007233e-01,1.044580159842678865e-04
-9.276962249974736452e-02,9.998804112275441192e-01,8.293407292494126178e-05
-9.183567945029873225e-02,9.997337045091571062e-01,8.930562746328532249e-05
-9.083110434791130672e-02,9.998418417843905059e-01,9.504002525139744733e-05
-8.991647726289293818e-02,9.999165925486334094e-01,1.023913157420362248e-04
-8.899404072674398092e-02,9.998557097984083208e-01,9.154698650457227969e-05
-8.802862145915868464e-02,9.998272138257180419e-01,1.046877141753747452e-04
-8.709830931119613706e-02,9.998787529766559601e-01,9.260751817863235695e-05
-8.615663361222868077e-02,9.998984672129154205e-01,1.165903927931065192e-04
-8.518906652324789719e-02,9.999579082835804433e-01,9.949764506927665365e-05
-8.424003405592780935e-02,9.999689344436891725e-01,8.262135433543593211e-05
-8.329399824111255457e-02,9.999049396225900832e-01,9.027933700091487958e-05
-8.235157981659413373e-02,9.997438596140953981e-01,1.308528065579478579e-04
-8.144769274862420638e-02,9.998951721936464310e-01,7.965081545614465116e-05
-8.050624960118038520e-02,9.997814189304005117e-01,1.145743082323237837e-04
-7.951802228202253797e-02,9.997889688520720242e-01,9.808773635491853924e-05
-7.860927479437500309e-02,9.998532652854918990e-01,1.046203483494879927e-04
-7.771038175162811590e-02,9.997920249447678209e-01,1.068353300170604486e-04
-7.672723524969109199e-02,9.998599396032445963e-01,1.169871305893157789e-04
-7.576560693939433933e-02,9.997828122108213256e-01,8.929959959011568951e-05
-7.486442150179525856e-02,9.998716635088766846e-01,1.169921877090133793e-04
-7.392180099066358867e-02,9.998652692884206772e-01,1.221332980528729278e-04
-7.297833436678316521e-02,9.998947038795008568e-01,9.247920668475182620e-05
-7.202437954409941778e-02,1.000023223021451191e+00,8.815440319018563481e-05
-7.105702629999585684e-02,9.998149201273918152e-01,9.775117564691833546e-05
-7.011506998218905440e-02,1.000001506371931637e+00,1.162986479077650402e-04
-6.919109983903241889e-02,9.999978085358937063e-01,1.188180042948646211e-04
-6.822822016812679635e-02,9.998187405221602431e-01,1.049716032267091793e-04
-6.727739498921010697e-02,9.998469967995921026e-01,8.475406389846814985e-05
-6.639475968596082744e-02,9.999618645637265990e-01,1.002080267065946453e-04
-6.543344022626805534e-02,9.998371277536665103e-01,9.615657818318731410e-05
-6.446451851553178236e-02,9.997065490291964229e-01,1.054904634501434502e-04
-6.357192774154415971e-02,9.996801396210988067e-01,1.092569100565792071e-04
-6.263463375654455823e-02,9.999054577201604843e-01,9.333730217168145272e-05
-6.167268148778315418e-02,9.998336695134639740e-01,1.100537123201157728e-04
-6.074894354599786467e-02,9.999660664591295545e-01,1.077347427255704270e-04
-5.980747809032693763e-02,9.997766556278351313e-01,1.156389076954966261e-04
-5.889466234900844060e-02,9.999833961327870835e-01,9.685103006047494076e-05
-5.790928873852024122e-02,9.999226263591221020e-01,1.213272264585945107e-04
-5.694528413729400829e-02,9.999830087025960434e-01,1.329725360401201150e-04
-5.600857463931721569e-02,9.997841581221549312e-01,1.116949282880534320e-04
-5.505875022266926849e-02,9.997675977647304535e-01,9.735110216064349407e-05
-5.411711559086603701e-02,9.997440949082374573e-01,1.281921220857772602e-04
-5.316025567337528263e-02,9.998241774737834930e-01,1.294417244949282121e-04
-5.223618576607772651e-02,9.996228429578966068e-01,1.247796720809862066e-04
-5.132467016909690594e-02,9.997943620527943720e-01,1.275027888302541145e-04
-5.033985834620552380e-02,9.997178153558210489e-01,1.328541023766169620e-04
-4.942645110169393424e-02,9.997112196067283740e-01,9.396886255291236087e-05
-4.853852401637485242e-02,9.997192063639240844e-01,1.202149958155036093e-04
-4.756207905479337833e-02,9.997012452645734903e-01,1.287366392704774373e-04
-4.660403439992193142e-02,9.996777661144733429e-01,9.074156079778687451e-05
-4.569400028767596489e-02,9.998112022876739502e-01,1.545975289613382968e-04
-4.473984772696399520e-02,9.996482838283885508e-01,1.240757814137317830e-04
-4.378101344851050014e-02,9.990318218866983679e-01,9.637043375848933224e-05
-4.282913140012709063e-02,9.982772972434759140e-01,1.246247963320342138e-04
-4.187650570385648835e-02,9.973800597768841536e-01,1.472478255473850183e-04
-4.091994210648439156e-02,9.961022644331960496e-01,1.133852862391375487e-04
-4.001416966517778312e-02,9.951941728591918723e-01,1.609266902994317217e-04
-3.905814123039311192e-02,9.942200797445633897e-01,1.478090062002414859e-04
-3.811064484499664812e-02,9.929305315017700195e-01,1.155517940087925585e-04
-3.722806457990725931e-02,9.924729447210988154e-01,1.579425216296651891e-04
-3.626675647204955638e-02,9.915507469858442224e-01,1.358626863391604127e-04
-3.526585881788434074e-02,9.911823003522811648e-01,9.378118693426303369e-05
-3.437349146439165615e-02,9.912400384744007864e-01,1.337822726594139415e-04
-3.346336009776063741e-02,9.909218698740005493e-01,1.937048585637223420e-04
-3.249254763110440147e-02,9.905665647238492966e-01,9.724933687164814746e-05
-3.157350532998243198e-02,9.907313354553715090e-01,1.767860435964096696e-04
-3.061415574414249816e-02,9.905053499866934841e-01,1.647510571400954797e-04
-2.961286854603382285e-02,9.903842349847157278e-01,1.773105379211503804e-04
-2.870662594786778377e-02,9.900858748343682736e-01,1.002799618626470463e-04
-2.775256155926702356e-02,9.901589558405035074e-01,1.754594382239673561e-04
-2.678557536420157412e-02,9.901147246360778587e-01,1.949667662251515271e-04
-2.589768056563381340e-02,9.899145172488305056e-01,1.036032503545388617e-04
-2.493707492980156218e-02,9.901208660819313945e-01,1.971547332016951890e-04
-2.395100353816480634e-02,9.900964554399251938e-01,1.722823249402423039e-04
-2.305753294045196147e-02,9.896588633800375012e-01,8.500583390576504168e-05
-2.215477740982132321e-02,9.898748578447283952e-01,1.796400057283198176e-04
-2.116015889934909702e-02,9.896333614985147742e-01,1.955567130804142652e-04
-2.021684765454965366e-02,9.894238748858051880e-01,1.127470724717214779e-04
-1.928472393343885760e-02,9.894122609070369334e-01,1.268740829890864605e-04
-1.836178455402743409e-02,9.895256638526916948e-01,1.177606514732264909e-04
-1.740995919904411715e-02,9.893412570799550165e-01,1.227261977691802407e-04
-1.647625023960761631e-02,9.892854522913694382e-01,1.052972539441247938e-04
-1.550741274475081651e-02,9.893466753344382081e-01,8.643609744057268395e-05
-1.457319342193670771e-02,9.892100133001804352e-01,6.877998726036062130e-05
-1.365398812646299691e-02,9.891710454417813603e-01,9.160949612919368679e-05
-1.269652524062815473e-02,9.891679305583238602e-01,8.106081514370017886e-05
-1.173782437671191947e-02,9.892209116369485855e-01,9.344227638835505092e-05
-1.081481660247990417e-02,9.892355984654920276e-01,9.893878565093618810e-05
-9.881359517420501559e-03,9.890281470382914497e-01,1.040317067335202783e-04
-8.913877335008407038e-03,9.891074626676498172e-01,1.123569455306414603e-04
-8.004117535628223895e-03,9.891794015621316882e-01,1.182031369401967240e-04
-7.094234301356149713e-03,9.892073925584554672e-01,9.207948947517973187e-05
-6.112242966229019907e-03,9.889044817537069321e-01,1.038999150800257675e-04
-5.193502636399454850e-03,9.891331421917882727e-01,1.072877633432859382e-04
-4.283698964358794055e-03,9.889780525118112564e-01,9.498591908157793292e-05
-3.316863423831504804e-03,9.890239834785461426e-01,9.277771374363511360e-05
-2.354154839584427818e-03,9.891044334931806681e-01,9.463653597197416612e-05
-1.404704456024171008e-03,9.890070259571075439e-01,9.111547637836404034e-05
-4.417340834153846217e-04,9.890828231970468787e-01,1.120091632138126410e-04
4.823538639355915043e-04,9.890879507987729857e-01,9.398473298340799184e-05
1.415982376528031501e-03,9.889993577292470750e-01,8.424968120593610040e-05
2.373317491820250980e-03,9.890400882690183471e-01,1.024119057939213334e-04
3.304136095298157438e-03,9.890036955475807190e-01,1.021800505908448416e-04
4.244556922261838103e-03,9.889068238196834226e-01,9.856854678037429605e-05
5.204840028114174691e-03,9.891250787242766851e-01,1.091611231888296415e-04
6.129461297983741959e-03,9.891266203843630533e-01,1.312304210491911205e-04
7.020765311151019004e-03,9.890341368214837781e-01,1.035472803927478958e-04
7.979817342710388006e-03,9.890622850507497787e-01,7.803056120190188152e-05
8.951609550434239115e-03,9.891751911491155624e-01,1.151905418013738394e-04
9.877190046087796008e-03,9.891963263352712143e-01,1.173935023211000316e-04
1.078611631951381482e-02,9.894598901271820512e-01,1.107190330656086634e-04
1.174406166186827381e-02,9.892879634192495164e-01,9.355586801766580961e-05
1.271477826739962624e-02,9.890100975190440069e-01,8.386798557816325949e-05
1.367166257392849610e-02,9.892823119317332159e-01,9.633276903861525851e-05
1.464275403689526203e-02,9.892777893692255020e-01,1.263265830726180840e-04
1.555046540290216592e-02,9.894297365789059828e-01,9.381620118600810399e-05
1.646608563850492091e-02,9.893013518303632736e-01,1.009109861697052448e-04
1.744530002962021639e-02,9.894140852349144755e-01,1.127628645489646203e-04
1.834478478380771604e-02,9.894658497401646047e-01,1.338573511312222725e-04
1.929672338611696306e-02,9.895546957850456238e-01,9.668861957028061186e-05
2.027653984050044669e-02,9.895153522491455522e-01,1.173930124823789465e-04
2.117230163793839062e-02,9.896542562378777275e-01,1.219852757154617651e-04
2.208830693038058013e-02,9.895480107516050339e-01,8.481471957663363516e-05
2.306739045535161764e-02,9.898013664830115355e-01,1.010873711803295718e-04
2.398452185359277455e-02,9.897433128850213757e-01,1.010665067746920189e-04
2.490973183664265539e-02,9.897810682173697749e-01,1.121579536763676980e-04
2.586049228782126216e-02,9.899406254291533980e-01,1.025710944648016944e-04
2.680308089081255910e-02,9.901425242424011230e-01,1.367434413205259559e-04
2.778294530506834198e-02,9.900004767602489375e-01,1.272694876326432801e-04
2.876743108449355060e-02,9.901475587061473460e-01,1.073545108398612726e-04
2.964977131659059587e-02,9.903934260209401597e-01,1.085169014555328220e-04
3.061035960614538406e-02,9.903633072972297668e-01,1.093305233653308624e-04
3.159167275767751915e-02,9.905789176623026604e-01,1.160866021867987030e-04
3.247893964096754127e-02,9.908461292584737068e-01,1.133717612364908850e-04
3.341335210731726652e-02,9.908392857760190964e-01,1.035050100540800110e-04
3.438060638541345221e-02,9.909520242363214493e-01,1.064563544103006389e-04
3.531258320579387655e-02,9.912268351763486862e-01,1.183572546542005640e-04
3.621161260351316025e-02,9.916459379657622808e-01,1.477212307960070251e-04
3.715556696934466108e-02,9.924122709780931473e-01,1.075546690459388427e-04
3.810452140653537018e-02,9.933332584121010722e-01,1.081092496206458541e-04
3.903458336818244750e-02,9.943223781883716583e-01,1.063855348088461807e-04
4.000297822043675372e-02,9.952312304693109457e-01,1.044115074715101538e-04
4.096749207362323369e-02,9.963415481827475606e-01,1.067757512279078630e-04
4.189936721433873412e-02,9.975628871470689774e-01,1.044241868596088290e-04
4.285189542802905066e-02,9.983504197814248027e-01,1.033716383176229171e-04
4.380245170674818694e-02,9.989041758306098640e-01,1.158564808834428852e-04
4.472293525272962034e-02,9.997088140056978878e-01,1.167927407039949950e-04
4.567002062072900853e-02,9.999091099290287055e-01,1.022349166324744836e-04
4.662613399540231629e-02,9.997650254517793655e-01,1.081504562828706443e-04
4.751507506291041683e-02,9.998436192671458222e-01,1.278318948021857869e-04
4.846125451678452017e-02,9.997356159346444393e-01,8.984509349489936780e-05
4.944692977593476840e-02,9.998703887968352078e-01,1.002762242707956874e-04
5.035553807516166686e-02,9.995887637138366477e-01,1.211950576520177839e-04
5.127996816687310083e-02,9.998733015621409370e-01,7.235644752099333610e-05
5.223876983086697678e-02,9.996994212269783020e-01,7.944173777880480581e-05
5.317935168299338378e-02,9.998607671622073978e-01,9.705267553971592780e-05
5.412802521636077974e-02,9.997870127360025672e-01,1.159542400154903467e-04
5.510391497141913647e-02,9.998226314783096313e-01,1.238019819930495278e-04
5.603586545569963495e-02,9.998603809264398068e-01,1.143616269950088889e-04
5.697069287033521001e-02,9.998238664684873100e-01,9.839060714921668365e-05
5.790856017119997562e-02,9.996753622745645496e-01,1.005908642973884305e-04
5.882024674249425322e-02,9.997420798648487539e-01,1.095651920814847633e-04
5.978167683310568747e-02,9.997487664222717285e-01,1.162717593872109083e-04
6.074666210572613606e-02,9.998281944182610959e-01,1.076364915294625286e-04
6.165613062282655765e-02,1.000134998752224780e+00,9.227554711584171965e-05
6.257362355273284049e-02,9.998037760907952931e-01,1.020082185455754522e-04
6.354931168122189555e-02,9.998246189206838608e-01,8.274046944895007468e-05
6.449346134224938354e-02,9.998294476306799350e-01,1.270045837621460230e-04
6.542082900981911753e-02,9.998930904173082279e-01,1.016356360619057806e-04
6.636247239587630964e-02,9.997410066425800323e-01,7.929210205929257546e-05
6.729972683597232330e-02,1.000082164099722171e+00,1.008261844621963856e-04
6.824528779665418876e-02,9.998025063312414584e-01,9.791559944511240405e-05
6.921223811003374138e-02,9.996803619644858419e-01,1.098379631415063811e-04
7.017829784649748381e-02,9.997418913990259171e-01,1.065450573029274759e-04
7.108155706189085710e-02,9.998049815495808623e-01,1.377304386078610744e-04
7.204495817026365656e-02,9.998582448278154899e-01,1.109944943568058590e-04
7.300077539177161901e-02,9.999613165855407715e-01,1.086432401269610905e-04
7.388966659023560313e-02,9.998692101047884639e-01,7.925662924510993082e-05
7.485018740105618684e-02,9.998648933001926808e-01,9.272247846692987865e-05
7.581840930786985788e-02,9.999206527586905757e-01,9.932848233038121008e-05
7.671275136540460504e-02,9.997803568840026855e-01,1.107056861461190665e-04
7.764105288027303708e-02,9.997777851188883735e-01,8.599796746081280678e-05
7.861364694286249177e-02,9.999614520506425741e-01,9.777770569282386124e-05
7.953818706070324429e-02,9.998778470100895266e-01,1.007112652742944659e-04
8.045690731474824942e-02,9.997893975627037966e-01,1.233535515954969355e-04
8.140547589732917422e-02,9.999393727630376816e-01,9.530609283987013537e-05
8.236062901920104817e-02,9.998656581429874457e-01,9.458450836743069934e-05
8.334732597073159222e-02,1.000024430679552490e+00,8.033507482180455021e-05
8.428662964424825377e-02,9.997141053599696292e-01,9.425904940219680410e-05
8.520919601965590284e-02,9.999981034885753184e-01,1.254245831293429462e-04
8.616188488004736246e-02,9.997301492840051651e-01,1.026066407116646044e-04
8.710994149379719387e-02,1.000057702884078026e+00,1.011670155632305297e-04
8.803005309825807922e-02,9.998271726071834564e-01,9.504474677188959916e-05
8.896256584497516662e-02,1.000067001039331549e+00,8.618101557904392146e-05
8.993052666988397836e-02,9.999116135366035163e-01,1.040209689760883014e-04
9.085355274743542320e-02,9.997171221240874761e-01,8.250847095664357359e-05
9.175346069274403771e-02,9.998091310262680054e-01,1.038459749976409249e-04
9.270830915037038544e-02,9.998696518666816413e-01,9.152696158188462425e-05
9.366275324331101160e-02,1.000007994472980499e+00,1.105553254157032284e-04
9.459026778741486119e-02,9.997900128364562988e-01,1.015779625300724441e-04
9.554426621758636828e-02,9.999020298322042200e-01,1.239349756901678699e-04
9.650056998807723940e-02,9.998488191402319369e-01,1.039529240419050283e-04
9.745511650742473553e-02,9.998823692721705569e-01,1.031535746060314096e-04
9.838544674044741312e-02,9.998036142318479369e-01,1.031267087133316341e-04
9.934599807928602699e-02,9.998491648584604263e-01,1.045782596551999297e-04
1.002633658605675687e-01,9.998756627241770500e-01,9.654800680440626590e-05
1.012139320058800390e-01,9.999261849066790608e-01,9.360055335991318743e-05
1.021556480290936320e-01,9.997690836588541963e-01,8.426175540055743935e-05
1.030720109475303237e-01,9.997629584937259839e-01,1.174178389040157435e-04
1.040169017425689318e-01,9.999355656760079425e-01,1.069241223912389841e-04
1.049932380489422695e-01,9.999671690165996552e-01,1.268581328514557587e-04
1.059112353107509036e-01,9.998995502789814749e-01,1.107445601197912694e-04
1.068206449131117453e-01,9.998451362956654043e-01,9.669831817183341816e-05
1.077803630938019425e-01,1.000008832324635000e+00,7.579156395287305471e-05
1.087251912498390233e-01,9.998939787187883788e-01,1.076938427430471681e-04
1.096553026825717730e-01,9.998841628883824439e-01,8.259929884723073450e-05
1.106165090338720319e-01,1.000102940833929921e+00,8.340141717868852279e-05
1.115688617977171893e-01,1.000037843530828363e+00,8.762633841978106734e-05
1.125312049366322398e-01,1.000037065323661434e+00,9.154035189311005005e-05
1.134669546212904445e-01,9.999669420308080481e-01,1.070241331407860723e-04
1.143759284969623480e-01,9.999421690449570299e-01,1.060540576281699613e-04
1.153175486079816431e-01,1.000088078901171684e+00,1.206643382711879251e-04
1.162904077527913971e-01,9.999448259671529504e-01,8.809212359333097315e-05
1.172118429493464731e-01,9.998863358651438604e-01,8.337433898515622091e-05
1.181395244842110975e-01,9.998843427747488022e-01,1.008753118111118009e-04
1.190943209487438925e-01,1.000113623216748238e+00,1.004609807511253695e-04
1.200353011575079343e-01,9.996818639338016510e-01,1.120991875816143975e-04
1.209765525122099145e-01,9.998961052586955445e-01,9.457435171121270458e-05
1.219294184729094038e-01,1.000045989790270484e+00,9.209658198644812257e-05
1.228680362768138773e-01,9.998880848288536072e-01,1.035776369585401398e-04
1.237846395154567486e-01,9.998831768189707647e-01,9.805401825195523831e-05
1.247679929874348642e-01,9.999706564527569563e-01,1.022640117777190135e-04
1.257081214405239844e-01,1.000145998494378352e+00,9.035762722752637604e-05
1.266218393278355503e-01,1.000038406541270630e+00,1.121548213635036842e-04
1.275906264737590445e-01,1.000081990704391854e+00,1.043714224388837402e-04
1.285497958604960578e-01,9.999870538711548296e-01,1.137923542482797556e-04
1.294470218709270759e-01,9.999653716882069832e-01,1.051510439617529222e-04
1.303829581525663417e-01,9.998542219400405884e-01,9.111863214647198609e-05
1.313485306365570759e-01,9.999040961265563965e-01,1.079319069980368503e-04
1.322563619520019107e-01,9.999113559722900835e-01,9.366663934058380508e-05
1.331856846540699357e-01,9.999388293786481974e-01,9.242099094916194680e-05
1.341562110022251064e-01,1.000117454677820206e+00,9.658192196888349713e-05
1.350823738140659869e-01,9.999456590619580920e-01,9.527170046810413680e-05
1.359921900339105538e-01,1.000092773726492190e+00,9.032931209916504275e-05
1.369480504733246173e-01,1.000108982286145531e+00,9.096890992537190782e-05
1.379071741677637131e-01,1.000013913959264755e+00,9.950815712657485007e-05
1.388646841313246894e-01,1.000000366393257512e+00,8.903445390817191500e-05
1.398203866378027460e-01,1.000183680365162475e+00,1.116904950652272666e-04
1.407504480712420125e-01,9.999985992908477783e-01,1.002390346549285040e-04
1.417029203976162277e-01,1.000138284582080317e+00,1.072227355362083135e-04
1.426514238819283076e-01,9.999591515910241091e-01,8.597786839650468243e-05
1.435682805182887933e-01,1.000137807801365852e+00,1.048971699562966579e-04
1.445182313859638690e-01,1.000029285748799568e+00,9.484308587012657446e-05
1.454861746991860938e-01,1.000138472427021474e+00,1.000800551023683102e-04
1.463936802721610697e-01,1.000152077277501439e+00,1.158405336120381845e-04
1.472960146002195991e-01,1.000115062251235587e+00,9.186663705729862810e-05
1.482735037960438984e-01,9.999228119850158691e-01,8.908659060068716473e-05
1.492158421734097185e-01,1.000233986160971922e+00,1.185473619595957750e-04
1.501459489761221289e-01,9.999889396131038666e-01,9.611606367223617044e-05
1.510861245521098184e-01,1.000229354827634642e+00,1.216938657659391392e-04
1.520221099248843244e-01,1.000113830421910155e+00,1.020788604142302143e-04
1.529819832683434189e-01,1.000118916525560175e+00,9.408969858284331944e-05
1.539584712035591552e-01,9.999647486594415158e-01,1.065039914163046632e-04
1.549235310607741389e-01,1.000275073512908008e+00,1.112618309644203512e-04
1.558113695137318677e-01,1.000243471728430755e+00,1.096537569934742407e-04
1.567660566599834160e-01,1.000143573564641564e+00,8.880349436105931479e-05
1.577220553190878116e-01,1.000145536044548367e+00,1.347757702771869065e-04
1.586120714992252934e-01,1.000240189413870606e+00,1.292899682768126402e-04
1.595725453628044910e-01,1.000136881215231810e+00,9.710185730966784093e-05
1.605582280499578407e-01,1.000242610772450691e+00,9.083362612613104766e-05
1.614506267656364569e-01,9.999276173525842859e-01,1.122796342266403494e-04
1.623634136158855490e-01,1.000181626189838857e+00,9.921847111138533350e-05
1.633229378488222916e-01,1.000170029699802399e+00,1.145981714815044684e-04
1.642757358406688184e-01,1.000329703092575073e+00,1.153929323326390255e-04
1.652131197991120459e-01,1.000198787078261375e+00,9.810271254095698657e-05
1.661417822320267745e-01,1.000389031825527075e+00,1.175671592625920139e-04
1.670971043307878934e-01,1.000138391767229296e+00,9.414454336056575468e-05
1.680918484942447721e-01,1.000112475770892573e+00,1.059292504453362581e-04
1.690256648442305387e-01,1.000153813759485866e+00,1.094063571075542369e-04
1.699316068365809562e-01,1.000197058374231451e+00,8.880733194677306640e-05
1.708788836182278947e-01,1.000165202400901121e+00,9.639326577308130102e-05
1.718460504199332273e-01,1.000114892468307870e+00,9.271933183879628698e-05
1.727675518359814422e-01,1.000189373570103735e+00,1.054770918154989903e-04
1.736812404034814572e-01,1.000072084367275238e+00,8.245477523973950300e-05
1.746528884653753555e-01,1.000175676562569338e+00,1.112027750471324133e-04
1.755906799240418703e-01,1.000162648037075996e+00,1.274574130203494848e-04
1.765054648478998622e-01,1.000150663778185844e+00,8.585019537534685486e-05
1.774522248957257631e-01,1.000101409355799387e+00,1.129330674718655490e-04
1.783825615839781942e-01,1.000424522342103995e+00,1.215955694249476547e-04
1.793217368046149396e-01,1.000103860132155909e+00,1.100072694813008324e-04
1.802811736896934858e-01,1.000204864670248606e+00,1.012783857783095947e-04
1.812537878820041914e-01,1.000263126567006111e+00,9.316377966792848775e-05
1.821709600817238706e-01,1.000227339806095239e+00,1.251736937545370695e-04
1.831299891424089388e-01,1.000100477175279057e+00,1.074831374509615834e-04
1.840804961315863908e-01,1.000266006498625737e+00,1.144916071263276042e-04
1.850010157009975287e-01,1.000122295271965722e+00,1.035836767973915548e-04
1.859480037484387005e-01,1.000234987805871389e+00,7.003813247108847011e-05
1.869041961091958692e-01,1.000183215364813805e+00,1.233333110394769366e-04
1.877932489528752469e-01,1.000295062859853035e+00,1.225617556086360796e-04
1.887330187837110707e-01,1.000282639966291631e+00,1.150579447330398922e-04
1.897249415762609637e-01,1.000297315192945069e+00,8.577534807021994256e-05
1.906336672926869924e-01,1.000212889909744218e+00,1.097101372712435579e-04
1.915489558479709364e-01,1.000146800821477777e+00,7.432119256682568047e-05
1.925167285096471004e-01,1.000239573419094086e+00,1.059461033820051915e-04
1.934569664042568859e-01,1.000180479139089584e+00,1.287496883448975712e-04
1.944061723830121102e-01,1.000474978577006846e+00,7.616777666289308751e-05
1.953675307456130827e-01,1.000438751596393061e+00,1.067939722058245587e-04
1.962940508538141005e-01,1.000199119890889721e+00,9.909349682067407296e-05
1.972535197198398149e-01,1.000158955069149203e+00,8.759483814779396875e-05
1.981966650177973133e-01,1.000294469553848709e+00,1.100015365988470816e-04
1.991094985723629585e-01,1.000296242309339112e+00,9.466265227570252213e-05
2.000738936532126255e-01,1.000060950264786142e+00,9.143985873884797840e-05
2.010345045025528632e-01,1.000467900435129787e+00,1.180614415969950890e-04
2.019342976390299249e-01,1.000402242906631933e+00,1.021916666173334343e-04
2.028516767122479081e-01,1.000084241231282478e+00,8.182440499312450732e-05
2.038196013143528940e-01,1.000225832968047124e+00,9.265569645195121751e-05
2.047714974134063060e-01,1.000451947703506095e+00,8.035858990855161861e-05
2.057016268324407815e-01,1.000407457351684570e+00,1.161255320154219956e-04
2.066406011137858767e-01,1.000281931832432747e+00,8.562121105351092987e-05
2.075646839886470529e-01,1.000226332295325538e+00,1.088151483536569628e-04
2.085233372026570609e-01,1.000201113296277589e+00,9.721527050620474002e-05
2.094905125433259852e-01,1.000177312980998545e+00,1.036837176008015109e-04
2.104579988414767011e-01,1.000293108549985099e+00,9.221499270571807878e-05
2.113629677320831013e-01,1.000370175674043960e+00,8.566563454876268346e-05
2.123229484034167558e-01,1.000111721243177154e+00,1.199121553143196327e-04
2.132789236463314420e-01,1.000325333687567042e+00,1.058525290496113187e-04
2.141815430319481128e-01,1.000358903408050448e+00,1.210296502481253872e-04
2.151281856834972583e-01,1.000211480685642806e+00,7.951202552068735007e-05
2.161004545087172324e-01,1.000315623357892036e+00,1.092026343935598219e-04
2.169908656817687020e-01,1.000040966272354170e+00,8.662668594827645848e-05
2.179275026126848147e-01,1.000374398448250490e+00,1.136548548124935822e-04
2.188916541430195872e-01,1.000429278070276373e+00,9.570560040858875185e-05
2.198313748142699531e-01,1.000294491648674011e+00,1.100372256384425857e-04
2.207533531009013283e-01,1.000291599381354590e+00,1.144774587353252068e-04
2.216911945306181131e-01,1.000235701760938012e+00,1.015782478094426393e-04
2.226329556160580869e-01,1.000340028242631352e+00,7.327871947295591540e-05
2.236288089728513950e-01,1.000168216579100600e+00,8.296810344726364970e-05
2.245723050019028944e-01,1.000226592195445185e+00,1.146283075388948233e-04
2.254872816907954047e-01,1.000188534910028570e+00,1.196437094234242544e-04
2.264344936749686787e-01,1.000317026268352061e+00,9.735851123359072425e-05
2.273880005371366475e-01,1.000477667897939682e+00,1.052482043712739249e-04
2.283055953682646688e-01,1.000376957078133788e+00,1.118918340082177964e-04
2.292406150816466703e-01,1.000369742061152589e+00,1.018666032469192720e-04
2.302135446553227327e-01,1.000385658815503120e+00,1.020932526543458089e-04
2.311304913115961313e-01,1.000326645374298051e+00,7.490840630270858148e-05
2.320315903710800376e-01,1.000215342268347740e+00,8.978470492162826449e-05
2.329998236044800719e-01,1.000386895611882210e+00,1.352561982117665468e-04
2.339382150459953236e-01,1.000343230637636971e+00,1.155643969804660034e-04
2.348515598757717204e-01,1.000408321619033813e+00,9.093630847440973739e-05
2.358223844285722015e-01,1.000253254717046625e+00,1.175772663225332161e-04
2.367485264550411028e-01,1.000375701983769794e+00,1.186472833427237725e-04
2.376923282659685610e-01,1.000342481064073974e+00,1.119125011617931717e-04
2.386856636720716129e-01,1.000383631749586666e+00,9.882175516248225091e-05
2.396406498647191130e-01,1.000469479709863663e+00,1.147627747978761633e-04
2.405152872584684909e-01,1.000225190605436021e+00,9.985341423349981761e-05
2.414896565316775323e-01,1.000143941811152848e+00,8.662282880460935974e-05
2.424515230946545641e-01,1.000227169195810895e+00,9.713379013202581348e-05
2.433236586562370074e-01,1.000377571582794278e+00,1.042131193570919995e-04
2.442948954083109525e-01,1.000285584586007248e+00,1.149803578239232290e-04
2.452878636700318027e-01,1.000481091439723969e+00,1.298887825988607840e-04
2.461636200110228212e-01,1.000427501542227704e+00,1.442485414576233176e-04
2.470858867761220046e-01,1.000180149779600347e+00,1.235533008952194539e-04
2.480656477578434549e-01,1.000254288315773010e+00,9.562535273229943057e-05
2.489911123741659349e-01,1.000351750081585278e+00,8.452337406227219540e-05
2.499384653858084671e-01,1.000259144231677055e+00,1.122768474738544193e-04
2.508858727100677366e-01,1.000459017356236879e+00,7.561951543329945783e-05
2.518281221091706601e-01,1.000294918363744623e+00,8.274047919483104325e-05
2.528091318288934741e-01,1.000363292062983689e+00,1.209942036015667727e-04
2.537608005991798810e-01,1.000227609585071509e+00,1.081496429404613254e-04
2.546503965893023858e-01,1.000290393829345703e+00,1.428994998856039547e-04
2.556011876858305665e-01,1.000270467815977060e+00,1.126395030447509049e-04
2.565683988523566605e-01,1.000269875381932128e+00,8.424077423299148638e-05
2.574900013433053525e-01,1.000331857512074096e+00,9.279174888492916669e-05
2.584073355928690474e-01,1.000299787882602542e+00,1.046870109372767418e-04
2.593752421470714720e-01,1.000398973623911614e+00,1.310289877883139735e-04
2.603460433264415674e-01,1.000439676546281298e+00,1.013300823828320495e-04
2.612481021641549495e-01,1.000143437616286768e+00,1.124808694199574624e-04
2.621915260414691695e-01,1.000352294214310156e+00,1.299936774275724119e-04
2.631541512093396595e-01,1.000385034468866063e+00,1.018124336180024328e-04
2.640714533705053046e-01,1.000320106744766235e+00,8.388652162301508898e-05
2.650436903039121161e-01,1.000244846267084986e+00,1.048976770747095941e-04
2.659681028086378629e-01,1.000323234065886524e+00,9.291450232465066437e-05
2.668932296485136413e-01,1.000287157873953614e+00,9.918521110868247601e-05
2.678855272013656030e-01,1.000201276120017635e+00,1.188065486063406270e-04
2.688462056010904599e-01,1.000368680556615208e+00,9.259397863228576288e-05
2.697183253457112184e-01,1.000366876522700066e+00,1.210606054306273132e-04
2.706799377640310977e-01,1.000194094397804934e+00,1.013561179901555927e-04
2.716325551949377304e-01,1.000172388553619340e+00,1.009409232372159720e-04
2.725469552953425079e-01,1.000327212469918292e+00,9.877979536840031632e-05
2.734732048299194362e-01,1.000433139503002167e+00,1.102979353373992257e-04
2.744537720145062698e-01,1.000505778097337206e+00,8.816546896672804775e-05
2.753760055813068708e-01,1.000256766533029529e+00,1.101606843056328317e-04
2.762949462185637084e-01,1.000233933329582214e+00,9.223679767894147068e-05
2.772662105386018983e-01,1.000313440958658928e+00,1.208946973543270734e-04
2.781797987686286389e-01,1.000345788218758303e+00,1.026321262284746834e-04
2.791286071038832084e-01,1.000173261671355229e+00,1.032435913202030221e-04
2.800912629186625979e-01,1.000167692080140114e+00,1.005001523619837914e-04
2.810285205896549954e-01,1.000428549945354462e+00,7.657098475585188892e-05
2.819808983881106901e-01,1.000246194275942635e+00,7.001804490401638387e-05
2.829295077851024520e-01,1.000531825327104052e+00,8.644245834266251296e-05
2.838586023588071106e-01,1.000346761196851730e+00,8.130376816582643006e-05
2.847918313528287615e-01,1.000176675617694855e+00,1.042998820260527122e-04
2.857504034592635578e-01,1.000338923186063766e+00,8.754746160200280387e-05
2.866567444725567348e-01,1.000277094302638892e+00,8.913523702399075933e-05
2.875740552151018203e-01,1.000116155003056395e+00,1.206567205380616482e-04
2.885300220154057294e-01,1.000273713842034340e+00,7.725568043532186143e-05
2.894938648956096872e-01,1.000415278203559577e+00,7.498798265039900387e-05
2.904240294689846014e-01,1.000188170000910759e+00,7.770993964973048590e-05
2.913537707949664379e-01,1.000447192499714477e+00,1.203228087403331162e-04
2.923001373178081841e-01,1.000460796283953124e+00,9.414454718438837444e-05
2.932521789517129607e-01,1.000340368598699570e+00,8.940420318536620992e-05
2.942203457837172520e-01,1.000372581409685546e+00,1.026419216102924712e-04
2.951918031967301070e-01,1.000309371587001950e+00,1.014765494569979960e-04
2.961067604373704976e-01,1.000361736478476704e+00,9.521138914997917503e-05
2.970476097653125813e-01,1.000159110083724601e+00,9.177243891517917345e-05
2.979886610559175919e-01,1.000365048646926880e+00,1.172891380000496011e-04
2.988999890333222109e-01,1.000461715459823653e+00,9.255230223534405591e-05
2.998466215431416781e-01,1.000343073816860384e+00,8.631835166645933572e-05
3.008362225361506104e-01,1.000460247198740715e+00,1.011626792451836228e-04
3.017414249777708446e-01,1.000116275889533002e+00,9.829541024768013991e-05
3.026379350472018781e-01,1.000129432389230466e+00,1.009325127751943915e-04
3.036140043393115717e-01,1.000389214717980479e+00,1.027008033313631303e-04
3.045515546390564765e-01,1.000194189945856627e+00,1.014750362683365735e-04
3.054875618061446696e-01,1.000161848962306976e+00,1.009423737781759285e-04
3.064044036259339632e-01,1.000283136963844299e+00,1.008361124155190134e-04
3.073826354410253980e-01,1.000145031139254570e+00,1.251734881252967091e-04
3.083605078164401991e-01,1.000135181411620167e+00,1.128561527902090651e-04
3.093068718651056370e-01,1.000385995568900288e+00,1.185184566038170723e-04
3.102202821183612236e-01,1.000115809902068165e+00,1.077661110018631352e-04
3.111388944254439570e-01,1.000294879559547656e+00,1.016158760291666969e-04
3.121240327707106577e-01,1.000270413629936517e+00,1.198235113763034118e-04
3.130610536706721625e-01,1.000400002660422505e+00,1.102518721135735765e-04
3.139469275920735436e-01,1.000199369845851782e+00,9.923278034344505487e-05
3.149308795226078428e-01,1.000146511829260731e+00,1.151241105263795433e-04
3.158866144152068234e-01,1.000291272004445453e+00,6.810077417874258571e-05
3.167696870654764796e-01,1.000211171309153269e+00,9.630776319597386442e-05
3.177280025077178771e-01,1.000349873496640063e+00,1.062890126420099551e-04
3.186701146522283312e-01,1.000170981884002774e+00,9.312250090886594743e-05
3.195789736995594543e-01,1.000335637728373195e+00,9.435678211396060727e-05
3.205297582746696738e-01,1.000211339443922043e+00,1.079273083467967162e-04
3.215163088560885618e-01,1.000239103129415774e+00,1.011508392041153711e-04
3.224492449437949548e-01,1.000257553656896059e+00,8.651895200321065287e-05
3.233956885330446784e-01,1.000105742365121841e+00,1.217451905502283272e-04
3.243709839077671409e-01,1.000341144300276319e+00,9.510898479728707819e-05
3.252732717554935871e-01,1.000480896234512418e+00,1.107317658613608553e-04
3.262447895890321359e-01,1.000100672245025635e+00,7.823581364363683943e-05
3.271932103920242030e-01,1.000328958034515381e+00,1.031651242472263912e-04
3.280873580308986126e-01,1.000262248900628759e+00,9.995860451087802169e-05
3.290305080948541239e-01,1.000291210763594618e+00,8.837236372043377655e-05
3.300029315328394386e-01,1.000086795200001211e+00,8.092737339263378100e-05
3.309246558693787477e-01,1.000004998568830850e+00,1.060446692408197609e-04
3.318334255902237184e-01,1.000092058470754885e+00,1.071995686429320189e-04
3.327946657534561203e-01,1.000222232192754745e+00,1.137748697609752629e-04
3.337469612257528140e-01,1.000122658908367157e+00,1.011454380768040751e-04
3.346842977200267244e-01,1.000222767844344718e+00,8.123469743617913689e-05
3.356456802405708983e-01,1.000185719042113286e+00,1.192729181007821454e-04
3.365841869354087024e-01,1.000199241563677788e+00,9.384532746498795350e-05
3.375314341488137582e-01,9.999704062938690186e-01,1.011628796054097002e-04
3.384758017083367432e-01,1.000365571180979352e+00,9.708672992137446693e-05
3.394048931535844082e-01,1.000170897353779287e+00,9.733693392348011361e-05
3.403580685423231444e-01,1.000195151194930077e+00,9.042889115479434906e-05
3.412977339491615192e-01,1.000231214364369681e+00,9.001049426328312070e-05
3.422222381557761817e-01,1.000109817584355687e+00,7.322428067133045834e-05
3.431303145287792900e-01,1.000042898039664063e+00,8.962826895280545084e-05
3.440905722605551720e-01,1.000297226011753082e+00,9.686758857150955639e-05
3.450605478568077866e-01,1.000181181356310844e+00,9.361242346926800417e-05
3.459851389187012516e-01,1.000254843632380153e+00,9.495989409177484303e-05
3.469208573952825003e-01,1.000215672213455642e+00,9.593907403707179274e-05
3.478677135066823300e-01,1.000215565785765648e+00,9.751793073804102235e-05
3.487932515350182783e-01,1.000113246769740671e+00,1.103380693645719879e-04
3.497653611839772192e-01,1.000268664211034775e+00,9.937230832533731754e-05
3.507570317320440889e-01,1.000350082293152809e+00,9.233240865162650431e-05
3.516669698802725175e-01,1.000128186174801481e+00,1.230635352712042567e-04
3.525862721782784814e-01,1.000150398774580562e+00,9.828222209949416966e-05
3.535570504354082488e-01,1.000154877862622582e+00,1.038872059016637508e-04
3.544605805991105640e-01,1.000309191901108230e+00,1.256799685394049146e-04
3.554010857783707622e-01,1.000281751155853271e+00,9.604211525791487907e-05
3.563735486785695739e-01,1.000076799623427881e+00,8.362777344947469138e-05
3.572714659144198279e-01,1.000179973141900325e+00,9.082083088016226758e-05
3.581937575929407536e-01,1.000107807497824464e+00,1.079324889956357545e-04
3.591653526479282599e-01,1.000029960647225380e+00,1.221183485162529109e-04
3.601093481468287116e-01,1.000056400895118713e+00,7.981345769885699450e-05
3.610406269003194613e-01,1.000020246351918773e+00,9.286955989221361404e-05
3.619573897296752829e-01,1.000299642162938207e+00,1.238110235123601472e-04
3.629021752536168988e-01,9.999289657130385756e-01,1.013262037812654880e-04
3.639038291507905587e-01,1.000250187941959856e+00,9.218454351029376143e-05
3.648594616957963610e-01,1.000128478839479751e+00,1.046290709498252155e-04
3.657509103768576963e-01,1.000247392803430557e+00,7.961012089528873956e-05
3.667116731408672226e-01,1.000224713123206044e+00,9.064237646055866681e-05
3.676668789190009057e-01,1.000120384077872071e+00,1.022801248413546374e-04
3.685629134053853839e-01,9.999838948249817339e-01,9.378410882673547373e-05
3.695186436598900670e-01,1.000224210999228758e+00,9.914248138194678970e-05
3.704849884358945022e-01,1.000326919940210058e+00,1.189680572070987214e-04
3.713964101027613096e-01,9.999930719534556589e-01,9.851250719979841785e-05
3.723096998659095602e-01,9.999667089432477951e-01,9.450315558994647105e-05
3.732639299699413438e-01,1.000198824331164360e+00,1.136803270677639406e-04
3.742162245462369308e-01,9.998507987369190664e-01,9.507430320295180497e-05
3.751464247277074282e-01,1.000097084790468216e+00,1.271395797911651553e-04
3.761004808663651056e-01,1.000260423530231924e+00,8.571860380048085444e-05
3.770362720610965779e-01,1.000218288972973824e+00,1.279271644165500194e-04
3.779825278701756663e-01,1.000127382138196186e+00,1.040178445598751231e-04
3.789637266669174109e-01,1.000291110891284418e+00,8.881545812417602831e-05
3.799141659517659697e-01,9.999917366287924825e-01,8.647380137231266257e-05
3.808194692459316300e-01,1.000244802236557096e+00,9.934280780830033908e-05
3.817550185614632663e-01,1.000085818416932115e+00,9.400874771958160246e-05
3.827237868801669496e-01,1.000059993036331640e+00,1.244354760956807257e-04
3.836125193932812261e-01,1.000209921790707446e+00,9.361921211773137862e-05
3.845728674407600245e-01,1.000168803759983627e+00,6.240710366059574641e-05
3.855585651407525960e-01,1.000157096169211668e+00,1.060341651756394098e-04
3.864510885057345635e-01,1.000080842396308567e+00,9.818990141458508306e-05
3.873639629265217543e-01,1.000345857704386887e+00,9.213823608004790341e-05
3.883502786063693923e-01,1.000141758471727371e+00,9.844702663529463838e-05
3.892760528308589207e-01,1.000267229974269867e+00,8.961913263277933588e-05
3.902115453698044023e-01,1.000112313212770498e+00,1.174910824551728204e-04
3.911422001885684341e-01,1.000161140195785059e+00,1.118891805004962353e-04
3.920978259195187499e-01,9.998954279082161722e-01,8.910228407360883541e-05
3.930870381635785393e-01,9.999662672772127170e-01,1.038649541394743865e-04
3.940263001148807120e-01,1.000133641560872366e+00,6.956801115322776426e-05
3.949376302037463371e-01,1.000155543908476830e+00,1.047998364463931166e-04
3.958790844960407007e-01,1.000131094094478756e+00,8.133912937147548886e-05
3.968351605575701768e-01,1.000133175402879715e+00,8.531250241866254009e-05
3.977681383168450435e-01,9.998499558817955934e-01,1.186594286813362411e-04
3.986853600366047634e-01,9.999666719725637254e-01,9.478224157688272642e-05
3.996532199259018592e-01,1.000011547045274174e+00,1.097176470895637696e-04
4.006099363212693998e-01,1.000114714726805687e+00,8.092132823136174763e-05
4.015248051083319392e-01,9.999775648117065208e-01,1.132258980253030332e-04
4.024591652200957270e-01,1.000113260361456202e+00,1.054970664281890228e-04
4.033829367320000414e-01,1.000097944880976808e+00,1.078707355955577010e-04
4.043431784679376584e-01,1.000041283228818134e+00,8.309755305357385152e-05
4.053030808485824643e-01,1.000120689792017847e+00,6.323143328986913106e-05
4.062462327834401865e-01,9.997795513181975124e-01,7.791265371062981249e-05
4.071639573456692363e-01,1.000204713113846289e+00,9.459384640169792274e-05
4.081565421168025232e-01,9.998433538845606927e-01,9.721462739091684172e-05
4.091127382471144158e-01,1.000088466751960059e+00,9.533507212878622808e-05
4.100023834579449855e-01,1.000170896450678582e+00,1.036793449653083477e-04
4.109482876895174108e-01,1.000090984737171951e+00,8.058005832395321536e-05
4.119046068137201533e-01,1.000040950253605843e+00,9.161803416070885095e-05
4.128097243500868929e-01,9.999425180496708254e-01,8.429670951054734046e-05
4.137493059803751816e-01,1.000005539619561290e+00,8.843141877185514547e-05
4.147252714986940370e-01,1.000114868987690420e+00,9.822411370074731732e-05
4.156628844009042090e-01,1.000044473012288382e+00,1.125763051997757448e-04
4.165718308300745409e-01,9.999947475664543450e-01,9.470637354435997870e-05
4.175169740208296565e-01,1.000031432136893272e+00,1.013300398017851796e-04
4.184578277984224437e-01,1.000077066999493169e+00,9.798317876716254517e-05
4.194067195152693661e-01,1.000035683314005608e+00,7.577846418841144174e-05
4.203541158986010551e-01,1.000063298270106316e+00,8.785864998546592038e-05
4.213065716148892137e-01,9.999600909650325775e-01,1.212384258658888387e-04
4.222537290866329451e-01,9.999916010043200520e-01,1.028289967191988331e-04
4.232075697571323070e-01,9.999870292602046629e-01,1.021466478798352103e-04
4.241272661672794708e-01,1.000065733085979014e+00,1.090533338199825759e-04
4.250643952686044003e-01,1.000138234347105026e+00,8.900091654085934344e-05
4.260345525024039071e-01,1.000211899930780524e+00,8.481024567431987287e-05
4.269348769997822757e-01,1.000011799796935108e+00,9.416327656753344143e-05
4.278453044891412649e-01,9.998066127300262451e-01,9.612367155175596410e-05
4.288255377345071562e-01,9.999112294000738199e-01,8.974717841309658606e-05
4.297583612219880722e-01,9.998808782547712326e-01,1.095772854431422924e-04
4.307043357500805469e-01,9.998043198138475418e-01,9.251621531802165204e-05
4.316455835241347350e-01,9.996145638552579316e-01,8.946895319177598912e-05
4.325781443627448319e-01,9.997497489958098171e-01,8.831638085932858484e-05
4.335135425723340430e-01,9.996995838249430610e-01,1.063349370941069853e-04
4.345063483319863695e-01,9.996865306581769195e-01,1.102567749282369185e-04
4.354664803201633294e-01,9.996744375675916672e-01,9.808350616288329744e-05
4.363615761293498374e-01,9.994766423779148923e-01,8.956920711442570326e-05
4.373252960947037193e-01,9.997123428753443841e-01,9.425390564809553256e-05
4.382794731296547619e-01,9.996287342040769408e-01,9.128909768723414235e-05
4.391545756676546453e-01,9.995453059673309326e-01,9.923881714704362110e-05
4.401384375361567791e-01,9.997347508158002105e-01,9.614867541018965174e-05
4.411131523695234757e-01,9.996607845479791310e-01,8.123254369496995663e-05
4.419913620922230613e-01,9.998123327891031975e-01,8.478820918418920535e-05
4.429190576567953452e-01,9.996050272669111392e-01,8.931806729136131334e-05
4.439036379557754208e-01,9.996659773237565050e-01,9.171273111281249483e-05
4.448316782711790318e-01,9.997569639235734940e-01,1.035143958802259246e-04
4.457645831202717845e-01,9.998116160140317898e-01,1.005392117375534963e-04
4.467093620472593618e-01,9.997456558048725128e-01,1.321338310825647907e-04
4.476393839092756566e-01,9.997271439608406141e-01,1.032960418714872294e-04
4.486125036160603097e-01,9.996786969048636617e-01,9.375514760663783583e-05
4.495904547934593820e-01,9.996991715123576538e-01,1.062130717894901047e-04
4.504933276801691422e-01,9.998148275959876097e-01,1.107910677751227030e-04
4.514205592048965432e-01,9.995144443078474161e-01,9.074002222340688678e-05
4.524084565289678284e-01,9.997192779008079455e-01,9.755802390855564002e-05
4.533238302894602723e-01,9.999614607903265506e-01,7.788323620811946979e-05
4.542342319341760581e-01,9.996003701406366293e-01,9.712395127655520672e-05
4.552144564004571015e-01,9.996090338510625894e-01,7.725128434825060287e-05
4.561468077022962642e-01,9.996968507766723633e-01,1.013141034905093338e-04
4.570555334164526640e-01,9.998183622956275940e-01,1.004126771778944750e-04
4.579946394029115742e-01,9.996854364871978760e-01,1.037109185857539517e-04
4.589385763088441594e-01,9.997063622330174537e-01,1.151154460923828256e-04
4.598596415687186134e-01,9.998013937112056881e-01,9.218315730535772646e-05
4.608314463605259759e-01,9.996387157589197159e-01,1.059218774101702669e-04
4.617656694912939397e-01,9.996008370071649551e-01,9.647729071261666343e-05
4.627213592686271193e-01,9.997022133885007378e-01,1.014480444404259978e-04
4.636898384086752256e-01,9.996170491883249465e-01,8.955703085162681890e-05
4.646252027819885444e-01,9.998221900314092636e-01,1.085288499489752166e-04
4.655435067703560525e-01,9.998873136937618256e-01,1.054029676248127321e-04
4.665075212230304080e-01,9.997868380125831678e-01,1.180902782126715854e-04
4.674640967522307178e-01,9.996629282832145691e-01,1.217654749071950688e-04
4.683653704024905440e-01,9.997778746389573978e-01,1.080475121734363704e-04
4.693121865228167544e-01,9.997668897404390354e-01,9.442905912070166110e-05
4.702846232891294553e-01,9.996227983272436557e-01,8.847688645790951622e-05
4.711898632359928230e-01,9.995787084102630837e-01,8.510324841016899614e-05
4.721028387171798402e-01,9.995310523293234883e-01,1.028980396260511143e-04
4.730727393967236183e-01,9.996279266572767330e-01,1.274362079337770532e-04
4.739895613283252040e-01,9.996434392467621333e-01,1.086967822066497709e-04
4.749661222462273069e-01,9.995876406178330065e-01,1.014721459564283469e-04
4.759275285296082347e-01,9.995709332552823456e-01,7.957000253729536448e-05
4.768622295641877784e-01,9.996919743716716766e-01,1.045219193553133924e-04
4.778145218620705736e-01,9.998382528622945520e-01,9.947803508910720981e-05
4.787699117784282588e-01,9.995691796143849617e-01,9.517140621553786517e-05
4.796893560346607854e-01,9.998682085424661636e-01,9.541728850785921611e-05
4.806336563064794176e-01,9.996691797718857408e-01,9.259946515610146124e-05
4.815990407131661710e-01,9.997705932586423705e-01,8.677187737017970901e-05
4.824905672749869590e-01,9.995238973248389280e-01,1.192825163118420225e-04
4.834144121180702358e-01,9.997272007167339325e-01,1.084814637552203222e-04
4.843822693111182187e-01,9.998027738183736801e-01,9.240039031995000908e-05
4.853275040103661730e-01,9.997726733034307811e-01,8.569767644869470972e-05
4.862615814339772413e-01,9.996965769678354263e-01,1.143833164464769518e-04
4.872006199183723796e-01,9.996973406523466110e-01,9.550268915356005940e-05
4.881188970357590029e-01,9.998382832854986191e-01,9.426420802541524363e-05
4.890820948782647615e-01,9.995986783143245846e-01,1.086565555658430566e-04
4.900638806872180120e-01,9.997047028120826795e-01,1.122127706659961502e-04
4.910141192018075973e-01,9.997779633849859238e-01,1.101633513044675809e-04
4.919261373681693139e-01,9.997346341609955056e-01,9.122404446533871158e-05
4.928823612097582574e-01,9.995704139981951286e-01,1.093530118240778714e-04
4.938241327416091342e-01,9.998838623364766365e-01,1.047720808875493906e-04
4.947042493656312323e-01,9.998388771087892701e-01,1.165220301829680973e-04
4.956962389091082444e-01,9.997202824143802680e-01,9.858713561396846993e-05
4.966722959624907396e-01,9.997696511207088133e-01,1.127356827698408522e-04
4.975426875115946390e-01,9.998773007557310022e-01,1.014051411177895685e-04
4.984788918402833224e-01,9.996195838731878336e-01,9.754475890685458141e-05
4.994634773626864255e-01,9.995772503316402435e-01,9.055954743227257961e-05
5.003721022715343913e-01,9.996794228042874542e-01,1.137934241152997777e-04
5.013118667217175695e-01,9.995562992990016937e-01,9.561139571531528233e-05
5.022561078571912141e-01,9.998575160580296384e-01,9.277020853025524591e-05
5.031786821526067488e-01,9.997270386666059494e-01,7.788651878561238901e-05
5.041741154945341696e-01,9.997458945621143789e-01,7.744083481019422936e-05
5.051417753667400978e-01,9.996905048688252693e-01,1.105144076550059357e-04
5.060296809884354818e-01,9.995934386407175909e-01,9.357983385568380828e-05
5.069670169228243095e-01,9.997205481384739967e-01,9.686562214658257168e-05
5.079478669977225413e-01,9.997567273676395416e-01,8.654206658027284254e-05
5.088668623672720770e-01,9.996828802170292239e-01,7.643886314124353988e-05
5.097887099103542985e-01,9.997711870819330215e-01,1.014809929233862498e-04
5.107681714438638831e-01,1.000065402551130855e+00,1.190277561773519469e-04
5.116918476111288472e-01,9.998956302801768059e-01,1.022775727266165630e-04
5.125800213158808738e-01,9.999041095856697758e-01,7.597121232065925857e-05
5.135459508199418099e-01,1.000100278493129879e+00,9.814903992941026748e-05
5.144990486185985201e-01,9.999560303986072540e-01,1.051336228652330215e-04
5.154245899460121461e-01,1.000157611710684735e+00,7.398617827881359297e-05
5.163810321428689010e-01,1.000059967860579491e+00,9.791128039024572165e-05
5.173054014567649572e-01,1.000117462873458818e+00,9.327217322571233619e-05
5.182427696569228415e-01,1.000080220839556500e+00,8.289611888929063828e-05
5.192454603327233409e-01,1.000042265111749762e+00,9.956182565556621932e-05
5.201764141708939970e-01,1.000054639577865556e+00,8.652898009242878719e-05
5.210770298439858506e-01,1.000109989067603733e+00,1.301364991254727664e-04
5.220490429416762002e-01,1.000075357300894696e+00,1.209075686136609843e-04
5.230167711211106685e-01,1.000227844715118497e+00,1.090501451905892956e-04
5.238747491324984296e-01,1.000049339400397308e+00,1.349752339478672511e-04
5.248542960941542379e-01,1.000236076968056720e+00,8.834922014168228538e-05
5.258523938407130283e-01,1.000116609036922455e+00,1.000498639206977606e-04
5.267251933773480221e-01,1.000068845493452985e+00,1.101802111376678340e-04
5.276421074997105221e-01,1.000220183170203114e+00,9.611481002165392709e-05
5.286268247795615771e-01,1.000032921632130867e+00,1.161183578726751673e-04
5.295517313795744530e-01,9.999884108702341567e-01,1.083997539255600199e-04
5.304990364005039982e-01,1.000048601999878883e+00,1.171491113442383263e-04
5.314414927476325268e-01,1.000071268657158230e+00,1.012755021549644830e-04
5.323754749468990743e-01,1.000119219808017546e+00,8.763804027624717114e-05
5.333559193657493314e-01,1.000136978698499268e+00,8.472087580652608568e-05
5.343084961122043230e-01,1.000085918108622129e+00,1.006564600552348405e-04
5.352112827087568414e-01,9.999798424541950226e-01,1.190275275510167168e-04
5.361481198400769310e-01,1.000037455931305885e+00,8.692101625598352835e-05
5.371279957160943752e-01,1.000028082818696040e+00,1.032213746956659942e-04
5.380494544116054545e-01,9.999834418296813521e-01,8.803549699065732091e-05
5.389429079534556744e-01,1.000087130454278661e+00,9.948585489843488061e-05
5.399348546316287134e-01,1.000186284383137947e+00,9.769940649395084597e-05
5.408935949461095571e-01,1.000161040213800145e+00,1.094640095057625178e-04
5.417810594653981182e-01,1.000172423905339780e+00,1.148879834430466159e-04
5.427266844297222725e-01,9.999764449894428253e-01,1.056165309406945264e-04
5.436657701828504496e-01,1.000165944918990135e+00,8.520857991381490038e-05
5.446069395196837526e-01,1.000114704332043969e+00,1.036535288518016440e-04
5.455797722442108366e-01,1.000254098446138551e+00,9.310016936947113867e-05
5.465038415133933736e-01,1.000128082160292031e+00,7.387256434470950025e-05
5.474364894237386814e-01,1.000318672508001328e+00,8.815790919395433915e-05
5.484379445468140490e-01,1.000204971858433378e+00,1.031506770664786205e-04
5.493907713103799439e-01,1.000084280967712402e+00,1.096214049064255538e-04
5.502599171839448466e-01,1.000023463080006225e+00,9.727785820293976757e-05
5.512254728138743509e-01,1.000044754057219487e+00,8.644985079973033508e-05
5.521976062870533886e-01,9.999622625689352784e-01,9.733431739651729909e-05
5.530830546649304624e-01,1.000091034173965499e+00,1.234221421676538278e-04
5.540287659490368277e-01,1.000186952677640129e+00,1.022932205191012074e-04
5.550093821237445102e-01,1.000194549560546875e+00,1.193226668098585573e-04
5.559360761678734386e-01,1.000126682478805984e+00,1.218536502032594251e-04
5.568536345144048383e-01,1.000032117872527104e+00,9.686620382255208830e-05
5.578089387437106250e-01,1.000230369965235289e+00,1.012431729185974430e-04
5.587343533732519463e-01,1.000167837366461754e+00,9.663844354382262027e-05
5.596884770850213409e-01,1.000239003788341074e+00,9.521088736758273889e-05
5.606543489853856865e-01,1.000073313713073730e+00,1.087984373774018583e-04
5.615853617100734496e-01,1.000078616603728321e+00,1.000242439582237156e-04
5.625226001264309605e-01,1.000061465032172858e+00,1.025380366386381546e-04
5.634902150537745014e-01,1.000239580869674683e+00,1.037587228941904766e-04
5.643969371579115046e-01,1.000157173602811644e+00,1.069868781783241086e-04
5.653443410550250681e-01,1.000106507912278175e+00,1.077161641053119506e-04
5.662990992171010873e-01,1.000172766946977099e+00,1.200600164253380175e-04
5.672162043695545552e-01,1.000117560227711921e+00,1.163673552258744239e-04
5.681221225234919237e-01,1.000109320506453514e+00,8.812633446074625155e-05
5.691015368598488777e-01,1.000271555149193858e+00,9.124754056280369582e-05
5.700547079066734524e-01,1.000064469873905182e+00,1.087652747593286851e-04
5.709730895716922383e-01,1.000128852910008970e+00,1.089516023714833220e-04
5.719229603891343716e-01,1.000144397839903831e+00,9.945302874948850561e-05
5.728466619154995998e-01,1.000233896317020532e+00,1.056890608829703069e-04
5.737833499447502206e-01,1.000058056730212641e+00,1.009187246386775253e-04
5.747862538287417111e-01,1.000223463072496211e+00,9.326318984320568141e-05
5.757553567015856189e-01,1.000167566537857100e+00,9.925697598100948361e-05
5.766329253592769044e-01,1.000139071544011493e+00,8.966618822427179945e-05
5.776046243894775722e-01,1.000261780193873795e+00,9.194657584316151522e-05
5.785575033580321325e-01,1.000306622735385176e+00,8.713690327153362028e-05
5.794266414614248628e-01,1.000223503958794335e+00,1.282966288476071991e-04
5.804098807616711042e-01,1.000076217310769122e+00,9.358913895231799616e-05
5.814073762695002312e-01,1.000420224666595415e+00,9.112942066816435266e-05
5.822603159039381193e-01,1.000198732529367751e+00,8.587240586899469723e-05
5.832012212507340365e-01,1.000233085716471848e+00,8.287791733506767505e-05
5.841763532255865865e-01,1.000166360409029176e+00,1.091455638829361662e-04
5.851120056995837704e-01,1.000114947557449341e+00,6.750225028133155362e-05
5.860546409879294760e-01,1.000256912782788277e+00,8.688305877625458968e-05
5.869925439807358591e-01,1.000120218311037368e+00,1.024655240857178461e-04
5.879298285989764672e-01,1.000217894092202187e+00,8.740824996909887388e-05
5.889242373782622719e-01,1.000049250741158691e+00,1.032408036312927043e-04
5.898589884627603031e-01,1.000011322753769916e+00,1.100227481958360680e-04
5.907520926870672984e-01,1.000130578394859082e+00,8.080963822287869883e-05
5.917127594682282110e-01,1.000210002545387500e+00,1.070058706234398334e-04
5.926873554982148296e-01,1.000161723843936201e+00,1.124960489781356087e-04
5.936051678832515721e-01,1.000017982721328691e+00,1.065327842803072314e-04
5.945210604351619521e-01,1.000319525118797070e+00,9.501946023992042666e-05
5.955034399531784484e-01,1.000311177968978837e+00,7.589430472476801752e-05
5.964172653745259955e-01,1.000215753432243115e+00,1.046756191664627533e-04
5.973294674979675589e-01,1.000102835316811767e+00,1.097627467093073800e-04
5.982706780679579728e-01,1.000303981765624073e+00,1.064481758592580586e-04
5.992120691811013700e-01,1.000191110372543379e+00,1.166970848861212281e-04
6.001537883380189120e-01,1.000204694271087602e+00,1.028351559221562904e-04
6.010947101701749062e-01,1.000061249360442162e+00,1.044936922645662994e-04
6.020185652333742699e-01,1.000111995140711363e+00,1.039215018552822219e-04
6.029716340130673036e-01,1.000300782568314562e+00,9.478452845823273241e-05
6.039677771707340215e-01,1.000159595951889413e+00,9.214906783726504948e-05
6.049101649854919938e-01,1.000088388100266457e+00,1.315773688435372193e-04
6.058285457934200480e-01,1.000306976959109306e+00,1.077348745959794422e-04
6.067853528190788603e-01,1.000192077720866379e+00,7.152738050503727675e-05
6.077490520872301794e-01,1.000222655013203621e+00,1.002372561491942450e-04
6.086460217025049246e-01,1.000265153249104921e+00,7.473118024563868628e-05
6.095994330567505726e-01,1.000170949733618642e+00,1.054746073130156324e-04
6.105660990509967911e-01,1.000351309776306152e+00,9.357356749148946270e-05
6.114754576334392455e-01,1.000291268030802483e+00,8.480861507445791028e-05
6.123907372046986097e-01,1.000165706500411034e+00,1.034617666016435244e-04
6.133438818145839910e-01,1.000358352437615395e+00,1.112294709768641050e-04
6.142833761106364365e-01,1.000204671174287796e+00,1.226363400173529196e-04
6.152274338169182455e-01,1.000105826184153557e+00,7.628972513965454104e-05
6.161824432983166178e-01,1.000313997268676758e+00,8.185183827389432259e-05
6.171324967349428592e-01,1.000284343054800296e+00,9.953082418633478500e-05
6.180925952416189695e-01,1.000261895358562469e+00,1.035062708700703325e-04
6.190362549893593247e-01,1.000351621258643409e+00,9.979730155495659017e-05
6.199544319525152059e-01,1.000267829746007919e+00,1.004749820552979363e-04
6.208999689837225722e-01,1.000333748757839203e+00,1.138310334923521496e-04
6.218570353308084941e-01,1.000112986192107201e+00,1.084224407249757469e-04
6.227627540681786034e-01,1.000224963823954205e+00,1.103212612374445214e-04
6.236698664911078938e-01,1.000212823190996803e+00,8.868811118387131577e-05
6.246487914914614636e-01,1.000211076302961910e+00,9.687277550206045327e-05
6.255959925737167859e-01,1.000194345751116431e+00,1.078209890400637231e-04
6.265351600935832321e-01,1.000288023551305194e+00,9.806693465032743549e-05
6.274709787729618737e-01,1.000289109445387403e+00,1.147149218445356561e-04
6.283934331910769888e-01,1.000175093450853980e+00,1.004695900537385658e-04
6.293239992241894676e-01,1.000291118398308754e+00,9.457751272870030309e-05
6.303202959429297092e-01,1.000290200565800536e+00,9.785913548179289809e-05
6.312786506838514722e-01,1.000252629480054223e+00,9.258185931090597411e-05
6.322025051716919641e-01,1.000263075674733715e+00,8.746567903319144108e-05
6.331680111385898924e-01,1.000160390839857305e+00,9.265958758355980580e-05
6.341037132231606144e-01,1.000353346610891370e+00,9.654124115426502379e-05
6.350086288116777444e-01,1.000125556222854151e+00,6.741066265873892332e-05
6.359619977753619979e-01,1.000152647495269775e+00,8.076178034932703477e-05
6.369273806712617558e-01,1.000415027141571045e+00,1.054113903701885238e-04
6.378326504035414235e-01,1.000434261560440019e+00,1.035241018880160839e-04
6.387666827352559418e-01,1.000189876183867455e+00,7.020925052817714737e-05
6.397197661431831550e-01,1.000128348027506275e+00,1.006499722057299477e-04
6.406703239260308491e-01,1.000126184955719921e+00,8.626133902431867536e-05
6.416192647031599972e-01,1.000374155659829345e+00,9.579918026139525641e-05
6.425272588229168358e-01,1.000330374158661995e+00,1.122926506933903250e-04
6.434650732080112734e-01,1.000179756771434336e+00,1.117202954311176334e-04
6.444528088660526066e-01,1.000305966023475879e+00,7.952267301760054124e-05
6.453804523310502361e-01,1.000116734669126206e+00,8.863217108290275567e-05
6.463140697650318067e-01,1.000298786908388138e+00,1.018429692597993391e-04
6.472649974570641174e-01,1.000218279900089380e+00,8.109998685219112831e-05
6.482090236661925964e-01,1.000149799931433936e+00,7.569850736277097000e-05
6.491494114235522028e-01,1.000242076814174652e+00,1.026525414154248549e-04
6.500733552496964496e-01,1.000206791585491528e+00,8.159394256281379950e-05
6.510330666241551656e-01,1.000262087211012840e+00,1.098286061076453622e-04
6.519729807804187649e-01,1.000238180160522461e+00,8.107112599661217469e-05
6.528741133156789056e-01,1.000577706843614578e+00,9.024472745375128823e-05
6.538262996873016597e-01,1.000113192832831288e+00,9.431677947862794782e-05
6.547790793493519779e-01,1.000163714090983147e+00,7.774661882531492207e-05
6.556966073635973613e-01,1.000121856889417016e+00,7.585211095102816858e-05
6.566327666006978037e-01,1.000254085569670659e+00,1.006894161857012425e-04
6.575706215779808517e-01,1.000203000381588936e+00,1.235314302969126238e-04
6.585205423702652494e-01,1.000144462375079923e+00,8.379108519084366223e-05
6.595086189307601821e-01,1.000047369914896400e+00,8.083549517096577566e-05
6.604658449809421850e-01,1.000010589137673378e+00,8.268977011844757651e-05
6.613538356168030541e-01,1.000242498414269710e+00,1.135382199657338154e-04
6.623268798126104029e-01,1.000217129502977587e+00,1.022371361541429770e-04
6.632968276041583122e-01,1.000202878316243549e+00,9.422748583003136052e-05
6.641814639173306833e-01,1.000297529082144532e+00,9.044637396402457690e-05
6.651457619826712797e-01,1.000218109172933190e+00,1.018719576777822513e-04
6.661322432518157477e-01,1.000211246311664581e+00,7.992864519863278588e-05
6.670055065873753408e-01,1.000303151352065045e+00,1.320923014060400953e-04
6.679166244879182202e-01,1.000117016561103522e+00,1.108723472612819773e-04
6.689100249531132469e-01,1.000156570225954056e+00,9.080920733151436075e-05
6.698319654611278873e-01,1.000249553111291601e+00,1.114673952643393883e-04
6.707685070009490325e-01,1.000332094728946686e+00,8.136591889690538890e-05
6.717181070099200735e-01,1.000389444828033492e+00,9.834483955804064785e-05
6.726610355705984201e-01,1.000202933947245354e+00,1.044899386637753103e-04
6.736337565148708961e-01,1.000368931076743406e+00,8.818076551999148535e-05
6.745885936200115562e-01,1.000231575965881303e+00,8.824359260588853003e-05
6.755056815837149342e-01,1.000332270607803720e+00,1.043831432796824232e-04
6.764407993162900867e-01,1.000198510385328809e+00,9.700085477848573103e-05
6.774191820767790917e-01,1.000298850238323212e+00,8.667556251181945178e-05
6.783296998910477438e-01,9.999295055866241899e-01,9.190007615820091843e-05
6.792333746555965224e-01,1.000273400917649269e+00,1.076208348641631563e-04
6.802145861915606107e-01,1.000444894487207526e+00,1.159349304441298020e-04
6.811543561438579975e-01,1.000202249735593796e+00,9.072181732396244417e-05
6.820697451023960411e-01,1.000144251187642386e+00,9.133216141250479403e-05
6.829930251937996744e-01,9.999933748534231004e-01,9.494858482667969132e-05
6.839458212809936821e-01,1.000098206780173582e+00,9.062658409383645818e-05
6.848792798216850608e-01,1.000293061137199402e+00,8.561695737024268139e-05
6.858276857471812260e-01,1.000178185376253914e+00,1.013373952646962403e-04
6.867971725600794386e-01,1.000251155911069834e+00,9.251493991512597080e-05
6.877438891238716323e-01,1.000401254623166869e+00,1.099515367284070987e-04
6.887157774662797660e-01,1.000135118620736341e+00,9.718504827754867838e-05
6.896654349761999203e-01,1.000352682669957582e+00,1.013883041895385201e-04
6.905510020828753426e-01,1.000322701409459114e+00,9.088537482972009981e-05
6.915063995127881391e-01,1.000102398973522710e+00,9.627827771339418053e-05
6.924714558733752190e-01,1.000256352126598358e+00,1.077855971173462084e-04
6.933876733971866546e-01,1.000149693091710423e+00,1.097036097454781784e-04
6.943124611506696908e-01,1.000267503892674270e+00,9.415646729824183410e-05
6.952916926928626173e-01,1.000211511597488778e+00,9.130637489665065264e-05
6.962132819055713018e-01,1.000262037400276416e+00,9.275966717278569728e-05
6.971209540469152088e-01,1.000090144574642181e+00,1.025445438429136818e-04
6.980836220312239826e-01,1.000409910455346107e+00,1.057946991640404215e-04
6.990207832549302225e-01,1.000070833798610836e+00,1.135758091446691911e-04
6.999378778540771284e-01,1.000218629837036133e+00,1.169716399937212152e-04
7.009348630921670154e-01,1.000258554111827403e+00,8.465219617337566872e-05
7.018850239869096619e-01,1.000103108088175485e+00,9.596480973219046970e-05
7.027951000091892109e-01,1.000097090378403664e+00,9.500773392149795013e-05
7.037576861364824854e-01,1.000105021521449089e+00,1.258704016472236853e-04
7.047005532774627268e-01,1.000177167356014252e+00,8.656333135459198976e-05
7.056234503006011405e-01,1.000240891144193345e+00,8.738050252787866459e-05
